n,positive_count,prevalence,cutoff,status,auroc,average_precision,pr_trapezoid_auc,tn,fp,fn,tp,mcc,f1,precision,balanced_accuracy,exact_score_cutoff_count,label,score,level
101097,5031,0.0497640879551322,0.2,evaluated,0.7660549768707968,0.3075583931850855,0.3074993230932172,89749,6317,2959,2072,0.27282675248489807,0.3087928464977645,0.24699010609131006,0.6730448379499976,0,HepG2_Binarized_Toxicity,Max_Tox_Score,aggregate
101097,5031,0.0497640879551322,0.2,evaluated,0.7660549779053337,0.3075583943857695,0.30749932369355915,89749,6317,2959,2072,0.27282675248489807,0.3087928464977645,0.24699010609131006,0.6730448379499976,0,HepG2_Binarized_Toxicity,max_of_member_mean_tasks,aggregate
101097,5031,0.0497640879551322,0.2,evaluated,0.7666072654209444,0.3083270714854698,0.3082651981997163,89651,6415,2944,2087,0.272709742433299,0.3084312421488214,0.24547165372853447,0.6740255292584142,0,HepG2_Binarized_Toxicity,mean_of_member_max_tasks,aggregate
101097,5031,0.0497640879551322,0.2,evaluated,0.7905193306051437,0.32664349389643443,0.326591084518611,92713,3353,3309,1722,0.3061095368109413,0.34078765090045515,0.3393103448275862,0.6536873948504469,0,HepG2_Binarized_Toxicity,hepg2_member_mean,aggregate
101097,5031,0.0497640879551322,0.2,evaluated,0.7884983803890573,0.3224319933856774,0.32237651959793634,92753,3313,3305,1726,0.30835402457334016,0.34280039721946376,0.34252827942051994,0.6542931203342722,0,HepG2_Binarized_Toxicity,member_0_hepg2,saved_member
101097,5031,0.0497640879551322,0.2,evaluated,0.7633234549958228,0.30518917313637556,0.3051122398044086,89790,6276,2973,2058,0.271781573391708,0.3079685746352413,0.24694024478041757,0.6718668594232342,0,HepG2_Binarized_Toxicity,member_0_max_three_tasks,saved_member
101097,5031,0.0497640879551322,0.2,evaluated,0.78849940871872,0.32074485026348587,0.32069217222055557,92770,3296,3357,1674,0.30015781258953245,0.3347665233476652,0.33682092555331994,0.6492136425140334,0,HepG2_Binarized_Toxicity,member_1_hepg2,saved_member
101097,5031,0.0497640879551322,0.2,evaluated,0.7642303227867222,0.30150989981689413,0.3014478352316615,89648,6418,2969,2062,0.2691082204411542,0.30523277329583304,0.24316037735849055,0.6715253194853702,0,HepG2_Binarized_Toxicity,member_1_max_three_tasks,saved_member
101097,5031,0.0497640879551322,0.2,evaluated,0.7839304996797012,0.3189707706947004,0.3189162568700444,92727,3339,3335,1696,0.3022387323801714,0.3369759586727598,0.3368421052631579,0.6511762820931808,0,HepG2_Binarized_Toxicity,member_2_hepg2,saved_member
101097,5031,0.0497640879551322,0.2,evaluated,0.7606302337453741,0.2991282892032114,0.2990586595650338,89674,6392,2992,2039,0.2664348863739627,0.30292675679690984,0.24184556992053138,0.6693748152498169,0,HepG2_Binarized_Toxicity,member_2_max_three_tasks,saved_member
101097,5031,0.0497640879551322,0.2,evaluated,0.7875483227523178,0.3202075787132309,0.3201555209128488,92377,3689,3291,1740,0.29658577766599115,0.3326959847036329,0.3205010130779149,0.6537275059145198,0,HepG2_Binarized_Toxicity,member_3_hepg2,saved_member
101097,5031,0.0497640879551322,0.2,evaluated,0.7625446939072892,0.30209567326132153,0.3020366698488335,88837,7229,2889,2142,0.26282892062241925,0.29745868629357036,0.2285775264112688,0.6752549687534066,0,HepG2_Binarized_Toxicity,member_3_max_three_tasks,saved_member
101097,5031,0.0497640879551322,0.2,evaluated,0.788770431518949,0.3242126054683513,0.32416184229890566,92412,3654,3277,1754,0.3001698299363063,0.3360475141297059,0.3243343195266272,0.6553010458261644,0,HepG2_Binarized_Toxicity,member_4_hepg2,saved_member
101097,5031,0.0497640879551322,0.2,evaluated,0.7646079121968519,0.30783805394507124,0.3077808738326351,89458,6608,2919,2112,0.2718897494865132,0.30717765980655953,0.24220183486238533,0.6755056070388699,0,HepG2_Binarized_Toxicity,member_4_max_three_tasks,saved_member
101097,5031,0.0497640879551322,0.2,evaluated,0.7896049634563709,0.3227489947365224,0.3226969869184926,92472,3594,3295,1736,0.29936136831744536,0.33510278930605153,0.325703564727955,0.6538244223643651,0,HepG2_Binarized_Toxicity,member_5_hepg2,saved_member
101097,5031,0.0497640879551322,0.2,evaluated,0.7655099280097646,0.30307136620978353,0.3030071290994611,89184,6882,2905,2126,0.2678730294701766,0.3028705748272669,0.23601243339253997,0.6754708776356684,0,HepG2_Binarized_Toxicity,member_5_max_three_tasks,saved_member
101097,5031,0.0497640879551322,0.2,evaluated,0.7660549768707968,0.3075583931850855,0.3074993230932172,89749,6317,2959,2072,0.27282675248489807,0.3087928464977645,0.24699010609131006,0.6730448379499976,0,label_gi_gt_20,Max_Tox_Score,aggregate
101097,5031,0.0497640879551322,0.2,evaluated,0.7660549779053337,0.3075583943857695,0.30749932369355915,89749,6317,2959,2072,0.27282675248489807,0.3087928464977645,0.24699010609131006,0.6730448379499976,0,label_gi_gt_20,max_of_member_mean_tasks,aggregate
101097,5031,0.0497640879551322,0.2,evaluated,0.7666072654209444,0.3083270714854698,0.3082651981997163,89651,6415,2944,2087,0.272709742433299,0.3084312421488214,0.24547165372853447,0.6740255292584142,0,label_gi_gt_20,mean_of_member_max_tasks,aggregate
101097,5031,0.0497640879551322,0.2,evaluated,0.7905193306051437,0.32664349389643443,0.326591084518611,92713,3353,3309,1722,0.3061095368109413,0.34078765090045515,0.3393103448275862,0.6536873948504469,0,label_gi_gt_20,hepg2_member_mean,aggregate
101097,5031,0.0497640879551322,0.2,evaluated,0.7884983803890573,0.3224319933856774,0.32237651959793634,92753,3313,3305,1726,0.30835402457334016,0.34280039721946376,0.34252827942051994,0.6542931203342722,0,label_gi_gt_20,member_0_hepg2,saved_member
101097,5031,0.0497640879551322,0.2,evaluated,0.7633234549958228,0.30518917313637556,0.3051122398044086,89790,6276,2973,2058,0.271781573391708,0.3079685746352413,0.24694024478041757,0.6718668594232342,0,label_gi_gt_20,member_0_max_three_tasks,saved_member
101097,5031,0.0497640879551322,0.2,evaluated,0.78849940871872,0.32074485026348587,0.32069217222055557,92770,3296,3357,1674,0.30015781258953245,0.3347665233476652,0.33682092555331994,0.6492136425140334,0,label_gi_gt_20,member_1_hepg2,saved_member
101097,5031,0.0497640879551322,0.2,evaluated,0.7642303227867222,0.30150989981689413,0.3014478352316615,89648,6418,2969,2062,0.2691082204411542,0.30523277329583304,0.24316037735849055,0.6715253194853702,0,label_gi_gt_20,member_1_max_three_tasks,saved_member
101097,5031,0.0497640879551322,0.2,evaluated,0.7839304996797012,0.3189707706947004,0.3189162568700444,92727,3339,3335,1696,0.3022387323801714,0.3369759586727598,0.3368421052631579,0.6511762820931808,0,label_gi_gt_20,member_2_hepg2,saved_member
101097,5031,0.0497640879551322,0.2,evaluated,0.7606302337453741,0.2991282892032114,0.2990586595650338,89674,6392,2992,2039,0.2664348863739627,0.30292675679690984,0.24184556992053138,0.6693748152498169,0,label_gi_gt_20,member_2_max_three_tasks,saved_member
101097,5031,0.0497640879551322,0.2,evaluated,0.7875483227523178,0.3202075787132309,0.3201555209128488,92377,3689,3291,1740,0.29658577766599115,0.3326959847036329,0.3205010130779149,0.6537275059145198,0,label_gi_gt_20,member_3_hepg2,saved_member
101097,5031,0.0497640879551322,0.2,evaluated,0.7625446939072892,0.30209567326132153,0.3020366698488335,88837,7229,2889,2142,0.26282892062241925,0.29745868629357036,0.2285775264112688,0.6752549687534066,0,label_gi_gt_20,member_3_max_three_tasks,saved_member
101097,5031,0.0497640879551322,0.2,evaluated,0.788770431518949,0.3242126054683513,0.32416184229890566,92412,3654,3277,1754,0.3001698299363063,0.3360475141297059,0.3243343195266272,0.6553010458261644,0,label_gi_gt_20,member_4_hepg2,saved_member
101097,5031,0.0497640879551322,0.2,evaluated,0.7646079121968519,0.30783805394507124,0.3077808738326351,89458,6608,2919,2112,0.2718897494865132,0.30717765980655953,0.24220183486238533,0.6755056070388699,0,label_gi_gt_20,member_4_max_three_tasks,saved_member
101097,5031,0.0497640879551322,0.2,evaluated,0.7896049634563709,0.3227489947365224,0.3226969869184926,92472,3594,3295,1736,0.29936136831744536,0.33510278930605153,0.325703564727955,0.6538244223643651,0,label_gi_gt_20,member_5_hepg2,saved_member
101097,5031,0.0497640879551322,0.2,evaluated,0.7655099280097646,0.30307136620978353,0.3030071290994611,89184,6882,2905,2126,0.2678730294701766,0.3028705748272669,0.23601243339253997,0.6754708776356684,0,label_gi_gt_20,member_5_max_three_tasks,saved_member
101097,776,0.007675796512260503,0.2,evaluated,0.9248633022019935,0.46490676313712026,0.4646244917398903,92551,7770,157,619,0.22786819216041068,0.13507910529187125,0.07378710215758731,0.8601145156521792,0,label_gi_gt_50,Max_Tox_Score,aggregate
101097,776,0.007675796512260503,0.2,evaluated,0.9248633022019935,0.46490676313712015,0.46462449173989034,92551,7770,157,619,0.22786819216041068,0.13507910529187125,0.07378710215758731,0.8601145156521792,0,label_gi_gt_50,max_of_member_mean_tasks,aggregate
101097,776,0.007675796512260503,0.2,evaluated,0.9250693033095722,0.4655751430492589,0.46527433855973527,92438,7883,157,619,0.22613269363089067,0.1334339297262341,0.07280639849447189,0.8595513234989909,0,label_gi_gt_50,mean_of_member_max_tasks,aggregate
101097,776,0.007675796512260503,0.2,evaluated,0.9244800222214525,0.4783229101182066,0.4780854473548625,95822,4499,200,576,0.2787526668503949,0.1968894206118612,0.11349753694581281,0.8487109985194947,0,label_gi_gt_50,hepg2_member_mean,aggregate
101097,776,0.007675796512260503,0.2,evaluated,0.9216304965185467,0.4706665918969268,0.4704235957754285,95857,4464,201,575,0.27931732240356955,0.19776440240756663,0.11410994244889859,0.8482411086700352,0,label_gi_gt_50,member_0_hepg2,saved_member
101097,776,0.007675796512260503,0.2,evaluated,0.9225002689819288,0.46351239539928396,0.46313075469428583,92604,7717,159,617,0.22790085911943983,0.13545554335894622,0.0740340772738181,0.8590900079302142,0,label_gi_gt_50,member_0_max_three_tasks,saved_member
101097,776,0.007675796512260503,0.2,evaluated,0.9230254003206407,0.46931498630473045,0.4690872320240934,95919,4402,208,568,0.2777567294679577,0.19770274973894883,0.11428571428571428,0.8440398074757348,0,label_gi_gt_50,member_1_hepg2,saved_member
101097,776,0.007675796512260503,0.2,evaluated,0.9225187470385012,0.4515274680292225,0.451222769388885,92455,7866,162,614,0.22442371462386462,0.13267070008643042,0.07240566037735849,0.8564144020375009,0,label_gi_gt_50,member_1_max_three_tasks,saved_member
101097,776,0.007675796512260503,0.2,evaluated,0.9196146413826051,0.4677192996918295,0.4674663080112045,95858,4463,204,572,0.27787543566978945,0.19686800894854586,0.11360476663356504,0.8463131029806692,0,label_gi_gt_50,member_2_hepg2,saved_member
101097,776,0.007675796512260503,0.2,evaluated,0.9207877121655981,0.4555275829724543,0.455180672533257,92505,7816,161,615,0.2255795297095199,0.1335940045617465,0.0729450836199739,0.8573079320021905,0,label_gi_gt_50,member_2_max_three_tasks,saved_member
101097,776,0.007675796512260503,0.2,evaluated,0.9239705236911165,0.46891519878956867,0.46865795405069743,95469,4852,199,577,0.2691462011475597,0.18597904915390814,0.10628108307238902,0.8475959759378581,0,label_gi_gt_50,member_3_hepg2,saved_member
101097,776,0.007675796512260503,0.2,evaluated,0.9238986667231177,0.4554990989014806,0.4552084472734476,91580,8741,146,630,0.21810270308574592,0.12417463289642258,0.06722868423860848,0.862362679201824,0,label_gi_gt_50,member_3_max_three_tasks,saved_member
101097,776,0.007675796512260503,0.2,evaluated,0.9221812672044387,0.47351748575920244,0.47328684262019577,95498,4823,191,585,0.27374936737774086,0.1891979301423027,0.10817307692307693,0.8528951511524296,0,label_gi_gt_50,member_4_hepg2,saved_member
101097,776,0.007675796512260503,0.2,evaluated,0.9224609107856563,0.4642173139077363,0.4639448599624935,92230,8091,147,629,0.2269130334881352,0.13247683235046334,0.07213302752293578,0.8649579501860882,0,label_gi_gt_50,member_4_max_three_tasks,saved_member
101097,776,0.007675796512260503,0.2,evaluated,0.924268947194968,0.4717300308255921,0.471441395000997,95571,4750,196,580,0.27340068840942516,0.1899770717327219,0.10881801125703565,0.8500373337668559,0,label_gi_gt_50,member_5_hepg2,saved_member
101097,776,0.007675796512260503,0.2,evaluated,0.9247299095162261,0.45655602349582614,0.4562099491068481,91939,8382,150,626,0.2215320922029191,0.12796402289452166,0.06949378330373002,0.8615746161008729,0,label_gi_gt_50,member_5_max_three_tasks,saved_member
