assay,cohort_rows,evaluated_rows,excluded_label_or_score,positive_count,negative_count,single_class
tox21-ache-p3_Activity__t45__t0,6040,5396,644,357,5039,False
tox21-ahr-p1_Activity__t1__t0,6040,5499,541,623,4876,False
tox21-ap1-agonist-p1_Activity__t7__t0,6040,5396,644,408,4988,False
tox21-ar-bla-agonist-p1_Activity__t26__t0,6040,5499,541,201,5298,False
tox21-ar-bla-antagonist-p1_Activity__t25__t0,6040,5499,541,402,5097,False
tox21-ar-mda-kb2-luc-agonist-p1_Activity__t10__t0,6040,5499,541,226,5273,False
tox21-ar-mda-kb2-luc-agonist-p3_Activity__t38__t0,6040,5396,644,157,5239,False
tox21-ar-mda-kb2-luc-antagonist-p2_Activity__t16__t0,6040,5396,644,856,4540,False
tox21-are-bla-p1_Activity__t31__t0,6040,5103,937,747,4356,False
tox21-aromatase-p1_Activity__t32__t0,6040,5499,541,531,4968,False
tox21-car-antagonist-p1_Activity__t43__t0,6040,5396,644,868,4528,False
tox21-casp3-cho-p1_Activity__t6__t0,6040,5396,644,127,5269,False
tox21-casp3-hepg2-p1_Activity__t5__t0,6040,5396,644,255,5141,False
tox21-dt40-p1_Activity__t13__t0,6040,5499,541,5499,0,True
tox21-elg1-luc-agonist-p1_Activity__t4__t0,6040,5499,541,305,5194,False
tox21-er-bla-agonist-p2_Activity__t34__t0,6040,5499,541,320,5179,False
tox21-er-bla-antagonist-p1_Activity__t8__t0,6040,5499,541,368,5131,False
tox21-er-luc-bg1-4e2-agonist-p2_Activity__t9__t0,6040,5499,541,970,4529,False
tox21-er-luc-bg1-4e2-agonist-p4_Activity__t23__t0,6040,5396,644,101,5295,False
tox21-er-luc-bg1-4e2-antagonist-p2_Activity__t39__t0,6040,5396,644,457,4939,False
tox21-erb-bla-antagonist-p1_Activity__t15__t0,6040,5396,644,384,5012,False
tox21-erb-bla-p1_Activity__t27__t0,6040,5396,644,86,5310,False
tox21-err-p1_Activity__t2__t0,6040,5396,644,5396,0,True
tox21-fxr-bla-agonist-p2_Activity__t41__t0,6040,5103,937,83,5020,False
tox21-gr-hela-bla-antagonist-p1_Activity__t22__t0,6040,5499,541,418,5081,False
tox21-hdac-p1_Activity__t11__t0,6040,5396,644,246,5150,False
tox21-herg-u2os-p1_Activity__t18__t0,6040,5396,644,592,4804,False
tox21-ms-p53-p1_Activity__t44__t0,6040,5396,644,83,5313,False
tox21-ms-p53-p2_Activity__t19__t0,6040,5396,644,62,5334,False
tox21-nfkb-bla-agonist-p1_Activity__t30__t0,6040,5103,937,39,5064,False
tox21-p450-2c19-p1_Activity__t37__t0,6040,5396,644,2328,3068,False
tox21-p450-3a4-p1_Activity__t29__t0,6040,5396,644,1682,3714,False
tox21-p53-bla-p7_Activity__t0__t0,6040,5396,644,117,5279,False
tox21-pgc-err-p1_Activity__t33__t0,6040,5396,644,5396,0,True
tox21-ppard-bla-antagonist-p1_Activity__t17__t0,6040,5103,937,73,5030,False
tox21-pparg-bla-agonist-p1_Activity__t14__t0,6040,5499,541,239,5260,False
tox21-pr-bla-antagonist-p1_Activity__t40__t0,6040,5396,644,626,4770,False
tox21-rar-agonist-p1_Activity__t20__t0,6040,5103,937,547,4556,False
tox21-rt-viability-hek293-p1_Activity__t36__t0,6040,5396,644,5396,0,True
tox21-sbe-bla-agonist-p1_Activity__t3__t0,6040,5396,644,23,5373,False
tox21-shh-3t3-gli3-antagonist-p1_Activity__t21__t0,6040,5396,644,686,4710,False
tox21-trhr-hek293-p1_Activity__t12__t0,6040,5396,644,106,5290,False
tox21-tshr-agonist-p1_Activity__t35__t0,6040,5396,644,268,5128,False
tox21-tshr-wt-p1_Activity__t28__t0,6040,5396,644,22,5374,False
tox21-vdr-bla-agonist-p1_Activity__t24__t0,6040,5103,937,47,5056,False
tox21-vdr-bla-antagonist-p1_Activity__t42__t0,6040,5103,937,47,5056,False
