source_row,smiles,repair
4076,"N1(C[C@@]23C(C(C(C=C2)O3)C(=O)NC2C=C(C(OC)=C(OC)C=2)OC)C1=O)C1C=C(ON=1)C|&1:2,r|",Insert missing space before first CXSMILES pipe
5602,"N([C@H](C)C1C=CC=CC=1)C(COC1C=CC(C)=CC=1Br)=O|&1:1,r|",Insert missing space before first CXSMILES pipe
8443,"[C@]12(C)CCC(O)C(C)(C)C1CC[C@](C)(O)C2COC1=CC=C2C=CC(=O)OC2=C1|&1:0,12,r|",Insert missing space before first CXSMILES pipe
8609,"C1([C@H]2CC[C@@H](O2)C1C(O)=O)C(=O)NC1=CC=C2C=CC=CC2=C1|&1:1,4,r|",Insert missing space before first CXSMILES pipe
9622,"N1(C[C@@]23C(C(C(C=C2)O3)C(=O)NC2=CC=C3C(OCO3)=C2)C1=O)C1C=C(ON=1)C|&1:2,r|",Insert missing space before first CXSMILES pipe
11145,"N1(C[C@@]23C(C(C(C=C2)O3)C(=O)NC2=CC=CC(=C2)C(OCC)=O)C1=O)C1C=C(ON=1)C|&1:2,r|",Insert missing space before first CXSMILES pipe
11182,"[C@](O)(CN1C=NC=N1)(C(C)C1N=CN=CC=1F)C1C=CC(F)=CC=1F|&1:0,r|",Insert missing space before first CXSMILES pipe
13339,"C1(=O)NC2C=CC=CC=2S[C@H](C2C=CC(=CC=2)OC)[C@H]1O|&1:10,19,r|",Insert missing space before first CXSMILES pipe
13792,"C12C(C(NCCCC3C=CC=CC=3)=O)C3O[C@]1(C=C3)CN(C1C=CC(OC)=CC=1)C2=O|&1:16,r|",Insert missing space before first CXSMILES pipe
13844,"C12C(C3O[C@]1(C=C3)CN(C1C=CC(OC)=CC=1)C2=O)C(=O)NC1C=CC(OC)=CC=1|&1:4,r|",Insert missing space before first CXSMILES pipe
13991,"C1([C@H]2CC[C@@H](O2)C1C(O)=O)C(=O)NC1=CC=C(C(Cl)=C1)Cl|&1:1,4,r|",Insert missing space before first CXSMILES pipe
14017,"C12C(C(NCCC3C=CC(OC)=CC=3)=O)C3C=C[C@]1(CN(C1C=CC=CC=1)C2=O)O3|&1:18,r|",Insert missing space before first CXSMILES pipe
14128,"[C@@]12(C)OC3C=CC=CC=3C(NC(=S)N1C1C=CC=CC=1)C2C(=O)NC1C=CC=CC=1|&1:0,r|",Insert missing space before first CXSMILES pipe
14592,"N1(C[C@@]23C(C(C(C=C2)O3)C(NCCCC2C=CC=CC=2)=O)C1=O)C1C=C(ON=1)C|&1:2,r|",Insert missing space before first CXSMILES pipe
14849,"C1(=O)OC2[C@H]3C[C@H](C2SC2=CC=C(C=C2)Cl)C(C(O)=O)C13|&1:4,6,r|",Insert missing space before first CXSMILES pipe
14974,"C1([C@H]2CC[C@@H](O2)C1C(O)=O)C(=O)NC1=C(Cl)C=CC(=C1)C(F)(F)F|&1:1,4,r|",Insert missing space before first CXSMILES pipe
15373,"C1(C=C(C)[C@@H]2CC1C2(C)C)C1C(OC)=CC(OC)=CC=1OC|&1:4,r|",Insert missing space before first CXSMILES pipe
15517,"N1(C[C@@H]2C[C@H]1C(C2)NC(=O)C1=CC=CS1)C(=O)NC1=CC=C2OCOC2=C1|&1:2,4,r|",Insert missing space before first CXSMILES pipe
16134,"S(=O)(=O)(CC1C=CC=C(OC)C=1)C1C(O)CC[C@]2(C)C(CC[C@]12C)OC(C)=O|&1:17,22,r|",Insert missing space before first CXSMILES pipe
16256,"C12C(C(NCCCN(CC)CC)=O)C3O[C@]1(C=C3)CN(C1C=CC(OC)=CC=1)C2=O|&1:15,r|",Insert missing space before first CXSMILES pipe
17641,"[C@]12(C)CCCC(C)(C)C1C(C=C(C)C2CC[C@](C)(O)[C@H](CO)O)=O|&1:0,16,19,r|",Insert missing space before first CXSMILES pipe
18110,"S(=O)(=O)(C1C=CC2CCCCC=2C=1)N1C[C@@H]2C[C@H]1CC2NC(=O)C1=CC=CS1|&1:15,17,r|",Insert missing space before first CXSMILES pipe
18322,"N1(C[C@@]23C(C(C(C=C2)O3)C(=O)NCC2=CC=C(C(Cl)=C2)Cl)C1=O)C1C=C(ON=1)C|&1:2,r|",Insert missing space before first CXSMILES pipe
18461,"C12C(C3O[C@]1(C=C3)CN(C1C=CC3=C(OCO3)C=1)C2=O)C(=O)NC1SC=CN=1|&1:4,r|",Insert missing space before first CXSMILES pipe
19576,"C12C(C(=O)NCC3=CC=CN=C3)C3O[C@]1(C=C3)CN(C1C=CC3=C(OCO3)C=1)C2=O|&1:14,r|",Insert missing space before first CXSMILES pipe
20136,"N1(C[C@@H]2C[C@H]1C(C2)NC(C1C=CC=CC=1)=O)C(=O)C1C=CC(=CC=1OC)Cl|&1:2,4,r|",Insert missing space before first CXSMILES pipe
20719,"N1(C(C)=O)C2C3C=CC=CC=3O[C@@](C2C(OC)=O)(C)NC1=O|&1:12,r|",Insert missing space before first CXSMILES pipe
21144,"C12C(C3O[C@]1(C=C3)CN(C1C=CC=CC=1)C2=O)C(=O)NC1C=CC(=C(OC)C=1)OC|&1:4,r|",Insert missing space before first CXSMILES pipe
23498,"C12C(C3C=C[C@]1(CN(C1C=CC(OC)=CC=1)C2=O)O3)C(=O)NC1=CC=C2OCOC2=C1|&1:5,r|",Insert missing space before first CXSMILES pipe
24074,"S(C1C=CC=CC=1)(=O)(=O)NC1C[C@@H]2C[C@H]1CN2C(=O)NC1C=C(OC)C=C(OC)C=1|&1:12,14,r|",Insert missing space before first CXSMILES pipe
25986,"N1(C(C2C=CC=CC=2)CO[C@@]1(C1C=CC=CC=1)[C@@H]1OC(=O)C=C1OC)S(C1C=CC=CC=1)(=O)=O|&1:10,17,r|",Insert missing space before first CXSMILES pipe
26867,"C1([C@H]2CC[C@@H](O2)C1C(O)=O)C(=O)NC1=CC=C(Cl)C2C=CC=CC1=2|&1:1,4,r|",Insert missing space before first CXSMILES pipe
29782,"S(=O)(=O)(C1C(OC)=CC=C(F)C=1)N1C[C@@H]2C[C@H]1CC2NC(=O)C1=CC=CS1|&1:14,16,r|",Insert missing space before first CXSMILES pipe
30267,"[C@]12(C)OC3C=CC(Br)=CC=3C(NC(=S)N1)C2C(=O)NC1C=CC=CC=1|&1:0,r|",Insert missing space before first CXSMILES pipe
30845,"S(=O)(=O)(C1C(OC)=CC=C(F)C=1)N1C[C@@H]2C[C@H]1C(C2)NC(C1C=CC=CC=1)=O|&1:14,16,r|",Insert missing space before first CXSMILES pipe
36830,"N1(C[C@@H]2C[C@H]1C(C2)NC(=O)C1=CC=CS1)C(=O)CC1C(=CC=CC=1Cl)F|&1:2,4,r|",Insert missing space before first CXSMILES pipe
37376,"N1(C[C@@]23C(C(C(C=C2)O3)C(NCCCN2CCOCC2)=O)C1=O)C1C=C(ON=1)C|&1:2,r|",Insert missing space before first CXSMILES pipe
39117,"[C@@H]1(C(OC)=O)[C@@H](C2C=CC(OC)=CC=2)O[C@@H](C2C=CC(=CC=2)OC)O1|&1:0,5,15,r|",Insert missing space before first CXSMILES pipe
44511,"C12C(=O)N(C[C@@]31C=CC(O3)C2C(=O)NC1SC=CN=1)CC1=CC=C2C(OCO2)=C1|&1:5,r|",Insert missing space before first CXSMILES pipe
47884,"[C@]12(C)OC3C=CC(Br)=CC=3C(NC(=S)N1)C2C(OCC)=O|&1:0,r|",Insert missing space before first CXSMILES pipe
52787,"N1(C[C@@H]2C[C@H]1C(C2)NC(=O)C1=CC=CS1)C(=O)NCC1C=CC=C(F)C=1|&1:2,4,r|",Insert missing space before first CXSMILES pipe
54132,"[C@@]12(C)OC3C=CC=CC=3C(NC(=S)N1C)C2C(OCC)=O|&1:0,r|",Insert missing space before first CXSMILES pipe
54591,"C12C(=O)N(C[C@@]31C=CC(O3)C2C(=O)NC1=CC=C2C(OCCO2)=C1)CC1=CC=CO1|&1:5,r|",Insert missing space before first CXSMILES pipe
56357,"C12C(=O)N(C[C@@]31C=CC(O3)C2C(=O)NC1=CC=C2C(OCO2)=C1)CCC1C=CC=CC=1|&1:5,r|",Insert missing space before first CXSMILES pipe
58702,"N1(C[C@@H]2C[C@H]1C(C2)NC(=O)C1=CC=CS1)C(=O)NC1C=C(C)C=CC=1OC|&1:2,4,r|",Insert missing space before first CXSMILES pipe
63726,"C12C(C(=O)NCC3=CC=CO3)C3O[C@]1(C=C3)CN(C1C=CC(=CC=1)NC(C)=O)C2=O|&1:13,r|",Insert missing space before first CXSMILES pipe
64366,"C12C(C3C=C[C@]1(CN(C(C)C1C=CC(OC)=CC=1)C2=O)O3)C(=O)NC1=CC(OC)=C(C(OC)=C1)OC|&1:5,r|",Insert missing space before first CXSMILES pipe
64745,"C12[C@@]3(C=CC(O3)C1C(=O)N1CCN(C(OCC)=O)CC1)CN(C1C=CC(OC)=CC=1)C2=O|&1:1,r|",Insert missing space before first CXSMILES pipe
65084,"S(=O)(=O)(NC1C[C@@H]2C[C@H]1CN2C(=O)C1=CC=C2C(OCO2)=C1)C1=CC=CS1|&1:6,8,r|",Insert missing space before first CXSMILES pipe
66267,"C1(=CC(C)=NN1)C(=O)N1CC[C@](O)(C2C=CC=CC=2)C(N2CCCC2)C1|&1:11,r|",Insert missing space before first CXSMILES pipe
69206,"N1(C[C@@]23C(C(C(C=C2)O3)C(NCCC2=CC=C(C(OC)=C2)OC)=O)C1=O)C1C=C(ON=1)C|&1:2,r|",Insert missing space before first CXSMILES pipe
70047,"N1(C[C@@]23C(C(C(C=C2)O3)C(=O)N2CCN(C(OCC)=O)CC2)C1=O)C1SC2C(=CC(=CC=2)OC)N=1|&1:2,r|",Insert missing space before first CXSMILES pipe
74109,"C12C(C3C=C[C@]1(CN(C1C=CC(=CC=1)NC(C)=O)C2=O)O3)C(=O)NC1CC1|&1:5,r|",Insert missing space before first CXSMILES pipe
74217,"S(=O)(=O)(NC1C[C@@H]2C[C@H]1CN2C(=O)C1=CC2=C(CCCC2)S1)C1=CC=CS1|&1:6,8,r|",Insert missing space before first CXSMILES pipe
74820,"S(=O)(=O)(NC1C[C@@H]2C[C@H]1CN2C(=O)C1C=CC(=CC=1)OC(F)(F)F)C1=CC=CS1|&1:6,8,r|",Insert missing space before first CXSMILES pipe
76994,"C1(C(NCCC2=CC=C(OC)C(OC)=C2)=O)C[C@@H]1C1C=CC=CC=1|&1:17,r|",Insert missing space before first CXSMILES pipe
77059,"C12C(=O)N(C[C@@]31C=CC(O3)C2C(=O)NC1C=C(C(OC)=C(OC)C=1)OC)CC1=CC=CO1|&1:5,r|",Insert missing space before first CXSMILES pipe
77504,"S(=O)(=O)(NC1C[C@@H]2C[C@H]1CN2C(=O)C1=CC=C2C=CNC2=C1)C1=CC=CS1|&1:6,8,r|",Insert missing space before first CXSMILES pipe
77608,"C12C(C(=O)NCC3=CC=NC=C3)C3C=C[C@]1(CN(C1C=CC=CC=1F)C2=O)O3|&1:15,r|",Insert missing space before first CXSMILES pipe
79790,"S(=O)(=O)(NC1C[C@@H]2C[C@H]1CN2C(=O)CC1=CC=C(C=C1)OCC)C1=CC=CS1|&1:6,8,r|",Insert missing space before first CXSMILES pipe
81189,"C1([C@H]2CC[C@@H](O2)C1C(O)=O)C(=O)NC1=CC=C(F)C(C(F)(F)F)=C1|&1:1,4,r|",Insert missing space before first CXSMILES pipe
82592,"S(=O)(=O)(C1C=CC2OCCOC=2C=1)N1C[C@@H]2C[C@H]1CC2NC(=O)C1=CC=CS1|&1:15,17,r|",Insert missing space before first CXSMILES pipe
86356,"[C@]12(C3C=CC=CC=3NC1=O)N(C)CC(C1C=CC(=CC=1)Cl)[C@@H]2C(C1C=CC=CC=1)=O|&1:0,21,r|",Insert missing space before first CXSMILES pipe
87138,"S(=O)(=O)(C1C=CC(=CC=1)F)N(C1C=CC(C)=CC=1)CC(=O)NC1C[C@H]2CC[C@H]1C2|&1:24,27,r|",Insert missing space before first CXSMILES pipe
87594,"[C@]12(C)OC3C=CC=CC=3C(NC(=S)N1)C2C(=O)OC(C)C|&1:0,r|",Insert missing space before first CXSMILES pipe
93652,"N1(C[C@@]23C(C(C(C=C2)O3)C(=O)NCC2C=CC(=CC=2Cl)Cl)C1=O)C1C=C(ON=1)C|&1:2,r|",Insert missing space before first CXSMILES pipe
94984,"C12C(=O)N(C[C@@]31C=CC(O3)C2C(=O)NC1C=C(C(OC)=C(OC)C=1)OC)CC1CCCO1|&1:5,r|",Insert missing space before first CXSMILES pipe
96254,"C12C(C(NCCCN3CCOCC3)=O)C3O[C@]1(C=C3)CN(C1C=CC(Cl)=CC=1)C2=O|&1:16,r|",Insert missing space before first CXSMILES pipe
96401,"S(=O)(=O)(NC1C[C@@H]2C[C@H]1CN2C(=O)C1C=C(OC)C=C(OC)C=1)C1=CC=CS1|&1:6,8,r|",Insert missing space before first CXSMILES pipe
96621,"S(C1C=CC=CC=1)(=O)(=O)NC1C[C@@H]2C[C@H]1CN2C(=O)CC1C=CC=C(OC)C=1|&1:12,14,r|",Insert missing space before first CXSMILES pipe
97291,"[C@]1(C)(CCN(CC1C)CC(CC1C=CC=CC=1)C(=O)NCC(O)=O)C1C=CC=C(O)C=1|&1:0,r|",Insert missing space before first CXSMILES pipe
98385,"[C@@]123COC[C@@H]1CCC[C@H]2[C@](C(C)=CC3=O)(C)CCC(OC)=O|&1:0,4,8,9,r|",Insert missing space before first CXSMILES pipe
