n,positive_count,prevalence,cutoff,status,auroc,average_precision,pr_trapezoid_auc,tn,fp,fn,tp,mcc,f1,precision,balanced_accuracy,exact_score_cutoff_count,original_split,score
1477,112,0.07582938388625593,0.2,evaluated,0.699591182626897,0.17650643868543012,0.17128624212563814,1081,284,58,54,0.17271863747280042,0.24,0.15976331360946747,0.6370421245421245,0,all,Max_Tox_Score
1477,112,0.07582938388625593,0.2,evaluated,0.699591182626897,0.17650643868543012,0.17128624212563814,1081,284,58,54,0.17271863747280042,0.24,0.15976331360946747,0.6370421245421245,0,all,max_of_three_task_scores
1477,112,0.07582938388625593,0.2,evaluated,0.6791437728937729,0.15738707863072748,0.15398972019368642,1141,224,62,50,0.19227292284554745,0.25906735751295334,0.18248175182481752,0.6411630036630037,0,all,Mean_HepG2_Toxicity
1477,112,0.07582938388625593,0.2,evaluated,0.6754742281527997,0.16686335086327334,0.16259488650741033,1196,169,69,43,0.1963967510406558,0.2654320987654321,0.2028301886792453,0.6300595238095238,0,all,Mean_HSkMC_Toxicity
1477,112,0.07582938388625593,0.2,evaluated,0.6920558608058608,0.17372227705716775,0.16844694241950622,1132,233,65,47,0.16813415482472352,0.23979591836734693,0.16785714285714284,0.6244734432234432,0,all,Mean_IMR90_Toxicity
1181,95,0.08044030482641829,0.2,evaluated,0.7069836192691675,0.2048760819158379,0.20132070511145583,885,201,51,44,0.1865167024490519,0.25882352941176473,0.17959183673469387,0.6390375109043327,0,train,Max_Tox_Score
1181,95,0.08044030482641829,0.2,evaluated,0.7069836192691675,0.2048760819158379,0.20132070511145583,885,201,51,44,0.1865167024490519,0.25882352941176473,0.17959183673469387,0.6390375109043327,0,train,max_of_three_task_scores
1181,95,0.08044030482641829,0.2,evaluated,0.686173306193661,0.17683515041494063,0.17229371922527487,927,159,55,40,0.19955573784429892,0.272108843537415,0.20100502512562815,0.6373218958999709,0,train,Mean_HepG2_Toxicity
1181,95,0.08044030482641829,0.2,evaluated,0.6769458175826306,0.19166497568755664,0.1849038196555145,965,121,60,35,0.20643849501961337,0.2788844621513944,0.22435897435897437,0.6285015023747214,0,train,Mean_HSkMC_Toxicity
1181,95,0.08044030482641829,0.2,evaluated,0.7075845691577008,0.2037933152561821,0.2001653017921024,919,167,55,40,0.19119395396639838,0.26490066225165565,0.1932367149758454,0.6336386546476689,0,train,Mean_IMR90_Toxicity
148,7,0.0472972972972973,0.2,evaluated,0.6990881458966565,0.19234288149182502,0.14847046732075944,97,44,2,5,0.1814330047683753,0.17857142857142858,0.10204081632653061,0.701114488348531,0,validation,Max_Tox_Score
148,7,0.0472972972972973,0.2,evaluated,0.6990881458966565,0.19234288149182502,0.14847046732075944,97,44,2,5,0.1814330047683753,0.17857142857142858,0.10204081632653061,0.701114488348531,0,validation,max_of_three_task_scores
148,7,0.0472972972972973,0.2,evaluated,0.7507598784194529,0.132476049917104,0.10781778186131309,109,32,2,5,0.23890440011532088,0.22727272727272727,0.13513513513513514,0.7436676798378926,0,validation,Mean_HepG2_Toxicity
148,7,0.0472972972972973,0.2,evaluated,0.7730496453900709,0.15372476322771333,0.12074635422015993,119,22,4,3,0.15440847851530548,0.1875,0.12,0.6362715298885512,0,validation,Mean_HSkMC_Toxicity
148,7,0.0472972972972973,0.2,evaluated,0.6403242147922998,0.18982175480564306,0.14599055519847576,100,41,3,4,0.12950791856014376,0.15384615384615385,0.08888888888888889,0.6403242147922998,0,validation,Mean_IMR90_Toxicity
148,10,0.06756756756756757,0.2,evaluated,0.7007246376811594,0.13326236300175756,0.11522398137552303,99,39,5,5,0.11938195967369004,0.18518518518518517,0.11363636363636363,0.6086956521739131,0,test,Max_Tox_Score
148,10,0.06756756756756757,0.2,evaluated,0.7007246376811594,0.13326236300175756,0.11522398137552303,99,39,5,5,0.11938195967369004,0.18518518518518517,0.11363636363636363,0.6086956521739131,0,test,max_of_three_task_scores
148,10,0.06756756756756757,0.2,evaluated,0.6413043478260869,0.11710140785828885,0.10070136205113622,105,33,5,5,0.14989074448370918,0.20833333333333334,0.13157894736842105,0.6304347826086957,0,test,Mean_HepG2_Toxicity
148,10,0.06756756756756757,0.2,evaluated,0.6550724637681159,0.12029361915503778,0.10395286353056549,112,26,5,5,0.1922007750320094,0.24390243902439024,0.16129032258064516,0.6557971014492754,0,test,Mean_HSkMC_Toxicity
148,10,0.06756756756756757,0.2,evaluated,0.6492753623188405,0.12810075119266517,0.10612215595488296,113,25,7,3,0.07616135571863154,0.15789473684210525,0.10714285714285714,0.5594202898550724,0,test,Mean_IMR90_Toxicity
