n,positive_count,prevalence,cutoff,status,auroc,average_precision,pr_trapezoid_auc,tn,fp,fn,tp,mcc,f1,precision,balanced_accuracy,exact_score_cutoff_count,cohort,method,score_or_flag,excluded_invalid_structure_or_label_score,chirality,similarity_policy,excluded_by_overlap_or_invalid_similarity
990,46,0.046464646464646465,0.2,evaluated,0.7160210943257186,0.0997962356727694,0.09558682453574016,732,212,21,25,0.15730788092570722,0.17667844522968199,0.10548523206751055,0.6594509948415623,0,clintox_proxy_similarity_le_0_9_chiral_False,safetynet,max_of_three_task_scores,0,False,similarity_le_0_9,487
990,46,0.046464646464646465,0.5,evaluated,0.4025654016212233,0.04482751282214987,0.04836663900061716,719,225,44,2,-0.09757373070340422,0.014652014652014652,0.00881057268722467,0.4025654016212233,0,clintox_proxy_similarity_le_0_9_chiral_False,glaxo,recomputed_glaxo,0,False,similarity_le_0_9,487
990,46,0.046464646464646465,0.5,evaluated,0.5588384303610907,0.05291069810033733,0.33179762472084395,501,443,19,27,0.04960270793591702,0.10465116279069768,0.0574468085106383,0.5588384303610907,0,clintox_proxy_similarity_le_0_9_chiral_False,dundee,recomputed_dundee,0,False,similarity_le_0_9,487
990,46,0.046464646464646465,0.5,evaluated,0.4759810243183493,0.044828722002635046,0.1136410690758517,755,189,39,7,-0.025375295255696505,0.05785123966942149,0.03571428571428571,0.4759810243183493,0,clintox_proxy_similarity_le_0_9_chiral_False,bms,recomputed_bms,0,False,similarity_le_0_9,487
990,46,0.046464646464646465,0.5,evaluated,0.5588384303610907,0.05291069810033733,0.33179762472084395,501,443,19,27,0.04960270793591702,0.10465116279069768,0.0574468085106383,0.5588384303610907,0,clintox_proxy_similarity_le_0_9_chiral_False,brenk,recomputed_brenk,0,False,similarity_le_0_9,487
990,46,0.046464646464646465,0.5,evaluated,0.4389738393515107,0.04263437901302514,0.17442671069528526,562,382,33,13,-0.05246309720092777,0.05895691609977324,0.03291139240506329,0.4389738393515107,0,clintox_proxy_similarity_le_0_9_chiral_False,surechembl,recomputed_surechembl,0,False,similarity_le_0_9,487
990,46,0.046464646464646465,0.5,evaluated,0.5128039793662491,0.04764187961158683,0.3686380335917154,332,612,15,31,0.01129716964423702,0.0899854862119013,0.04821150855365474,0.5128039793662491,0,clintox_proxy_similarity_le_0_9_chiral_False,mlsmr,recomputed_mlsmr,0,False,similarity_le_0_9,487
990,46,0.046464646464646465,0.5,evaluated,0.5184229918938835,0.04832889677610175,0.18450162673765158,712,232,33,13,0.017971895766703824,0.08934707903780069,0.053061224489795916,0.5184229918938835,0,clintox_proxy_similarity_le_0_9_chiral_False,inpharmatica,recomputed_inpharmatica,0,False,similarity_le_0_9,487
990,46,0.046464646464646465,0.5,evaluated,0.5797254974207812,0.05643462421794568,0.3047675615744041,602,342,22,24,0.06952793144128076,0.11650485436893204,0.06557377049180328,0.579725497420781,0,clintox_proxy_similarity_le_0_9_chiral_False,lint,recomputed_lint,0,False,similarity_le_0_9,487
