organism,threshold,tn,fp,fn,tp,mcc,f1,balanced_accuracy,precision,nontoxic_retained_fraction,toxic_removed_fraction,g_mean,h_mean
e_coli,0.1,50,62,20,96,0.29698494108190876,0.7007299270072993,0.6370073891625616,0.6075949367088608,0.44642857142857145,0.8275862068965517,0.6078306738548308,0.5799903334944417
e_coli,0.2,75,37,51,65,0.23123694804570286,0.5963302752293578,0.614993842364532,0.6372549019607843,0.6696428571428571,0.5603448275862069,0.6125609449924547,0.6101376720901126
e_coli,0.3,85,27,62,54,0.23444897420114902,0.5482233502538071,0.6122229064039408,0.6666666666666666,0.7589285714285714,0.46551724137931033,0.594385678642554,0.5770681418154388
e_coli,0.4,90,22,70,46,0.21868595639056765,0.5,0.6000615763546798,0.6764705882352942,0.8035714285714286,0.39655172413793105,0.564497684200724,0.5310415597742432
e_coli,0.5,96,16,76,40,0.23456736421424432,0.46511627906976744,0.6009852216748768,0.7142857142857143,0.8571428571428571,0.3448275862068966,0.5436602822195624,0.4918032786885247
e_coli,0.6,100,12,83,33,0.22274741209225743,0.40993788819875776,0.5886699507389163,0.7333333333333333,0.8928571428571429,0.28448275862068967,0.50398657031134,0.43148535564853563
e_coli,0.7,104,8,92,24,0.19497172631571846,0.32432432432432434,0.5677339901477833,0.75,0.9285714285714286,0.20689655172413793,0.4383129322766843,0.33839479392624733
e_coli,0.8,110,2,103,13,0.18998004255283177,0.1984732824427481,0.5471059113300493,0.8666666666666667,0.9821428571428571,0.11206896551724138,0.3317645761532533,0.20118176702307258
e_coli,0.9,112,0,113,3,0.11346172578623509,0.05042016806722689,0.5129310344827587,1.0,1.0,0.02586206896551724,0.16081688022566923,0.050420168067226885
