cell_line,bin_left,bin_right,count
HepG2,0.0,0.02,43
HepG2,0.02,0.04,20
HepG2,0.04,0.06,15
HepG2,0.06,0.08,147
HepG2,0.08,0.1,157
HepG2,0.1,0.12,74
HepG2,0.12,0.14,60
HepG2,0.14,0.16,58
HepG2,0.16,0.18,68
HepG2,0.18,0.2,57
HepG2,0.2,0.22,60
HepG2,0.22,0.24,50
HepG2,0.24,0.26,55
HepG2,0.26,0.28,45
HepG2,0.28,0.3,45
HepG2,0.3,0.32,63
HepG2,0.32,0.34,61
HepG2,0.34,0.36,62
HepG2,0.36,0.38,70
HepG2,0.38,0.4,74
HepG2,0.4,0.42,84
HepG2,0.42,0.44,85
HepG2,0.44,0.46,111
HepG2,0.46,0.48,144
HepG2,0.48,0.5,150
HepG2,0.5,0.52,167
HepG2,0.52,0.54,173
HepG2,0.54,0.56,188
HepG2,0.56,0.58,230
HepG2,0.58,0.6,266
HepG2,0.6,0.62,308
HepG2,0.62,0.64,329
HepG2,0.64,0.66,396
HepG2,0.66,0.68,443
HepG2,0.68,0.7000000000000001,543
HepG2,0.7000000000000001,0.72,647
HepG2,0.72,0.74,765
HepG2,0.74,0.76,843
HepG2,0.76,0.78,1106
HepG2,0.78,0.8,1245
HepG2,0.8,0.8200000000000001,1537
HepG2,0.8200000000000001,0.84,1868
HepG2,0.84,0.86,2163
HepG2,0.86,0.88,2633
HepG2,0.88,0.9,3160
HepG2,0.9,0.92,3939
HepG2,0.92,0.9400000000000001,4686
HepG2,0.9400000000000001,0.96,6187
HepG2,0.96,0.98,8087
HepG2,0.98,1.0,10858
HepG2,1.0,1.02,10853
HepG2,1.02,1.04,8704
HepG2,1.04,1.06,6083
HepG2,1.06,1.08,4566
HepG2,1.08,1.1,3412
HepG2,1.1,1.12,2575
HepG2,1.12,1.1400000000000001,1981
HepG2,1.1400000000000001,1.16,1401
HepG2,1.16,1.18,1147
HepG2,1.18,1.2,925
HepG2,1.2,1.22,729
HepG2,1.22,1.24,577
HepG2,1.24,1.26,461
HepG2,1.26,1.28,364
HepG2,1.28,1.3,327
HepG2,1.3,1.32,248
HepG2,1.32,1.34,224
HepG2,1.34,1.36,200
HepG2,1.36,1.3800000000000001,157
HepG2,1.3800000000000001,1.4000000000000001,134
HepG2,1.4000000000000001,1.42,102
HepG2,1.42,1.44,88
HepG2,1.44,1.46,92
HepG2,1.46,1.48,58
HepG2,1.48,1.5,52
HepG2,1.5,1.52,37
HepG2,1.52,1.54,42
HepG2,1.54,1.56,29
HepG2,1.56,1.58,41
HepG2,1.58,1.6,18
HepG2,1.6,1.62,15
HepG2,1.62,1.6400000000000001,9
HepG2,1.6400000000000001,1.6600000000000001,16
HepG2,1.6600000000000001,1.68,14
HepG2,1.68,1.7,8
HepG2,1.7,1.72,5
HepG2,1.72,1.74,1
HepG2,1.74,1.76,2
HepG2,1.76,1.78,2
HepG2,1.78,1.8,3
HepG2,1.8,1.82,2
HepG2,1.82,1.84,2
HepG2,1.84,1.86,1
HepG2,1.86,1.8800000000000001,3
HepG2,1.8800000000000001,1.9000000000000001,0
HepG2,1.9000000000000001,1.92,1
HepG2,1.92,1.94,2
HepG2,1.94,1.96,2
HepG2,1.96,1.98,0
HepG2,1.98,2.0,0
HSkMC,0.0,0.02,22
HSkMC,0.02,0.04,71
HSkMC,0.04,0.06,102
HSkMC,0.06,0.08,60
HSkMC,0.08,0.1,46
HSkMC,0.1,0.12,40
HSkMC,0.12,0.14,39
HSkMC,0.14,0.16,49
HSkMC,0.16,0.18,71
HSkMC,0.18,0.2,97
HSkMC,0.2,0.22,94
HSkMC,0.22,0.24,86
HSkMC,0.24,0.26,70
HSkMC,0.26,0.28,54
HSkMC,0.28,0.3,71
HSkMC,0.3,0.32,75
HSkMC,0.32,0.34,81
HSkMC,0.34,0.36,81
HSkMC,0.36,0.38,89
HSkMC,0.38,0.4,101
HSkMC,0.4,0.42,96
HSkMC,0.42,0.44,111
HSkMC,0.44,0.46,105
HSkMC,0.46,0.48,127
HSkMC,0.48,0.5,152
HSkMC,0.5,0.52,155
HSkMC,0.52,0.54,212
HSkMC,0.54,0.56,198
HSkMC,0.56,0.58,254
HSkMC,0.58,0.6,282
HSkMC,0.6,0.62,336
HSkMC,0.62,0.64,388
HSkMC,0.64,0.66,402
HSkMC,0.66,0.68,474
HSkMC,0.68,0.7000000000000001,585
HSkMC,0.7000000000000001,0.72,622
HSkMC,0.72,0.74,790
HSkMC,0.74,0.76,916
HSkMC,0.76,0.78,1062
HSkMC,0.78,0.8,1258
HSkMC,0.8,0.8200000000000001,1550
HSkMC,0.8200000000000001,0.84,1678
HSkMC,0.84,0.86,1939
HSkMC,0.86,0.88,2182
HSkMC,0.88,0.9,2541
HSkMC,0.9,0.92,2932
HSkMC,0.92,0.9400000000000001,3195
HSkMC,0.9400000000000001,0.96,3868
HSkMC,0.96,0.98,7535
HSkMC,0.98,1.0,15778
HSkMC,1.0,1.02,13800
HSkMC,1.02,1.04,8635
HSkMC,1.04,1.06,4781
HSkMC,1.06,1.08,3107
HSkMC,1.08,1.1,2490
HSkMC,1.1,1.12,2174
HSkMC,1.12,1.1400000000000001,1860
HSkMC,1.1400000000000001,1.16,1647
HSkMC,1.16,1.18,1349
HSkMC,1.18,1.2,1151
HSkMC,1.2,1.22,1011
HSkMC,1.22,1.24,867
HSkMC,1.24,1.26,728
HSkMC,1.26,1.28,637
HSkMC,1.28,1.3,484
HSkMC,1.3,1.32,402
HSkMC,1.32,1.34,378
HSkMC,1.34,1.36,296
HSkMC,1.36,1.3800000000000001,238
HSkMC,1.3800000000000001,1.4000000000000001,234
HSkMC,1.4000000000000001,1.42,141
HSkMC,1.42,1.44,148
HSkMC,1.44,1.46,107
HSkMC,1.46,1.48,91
HSkMC,1.48,1.5,74
HSkMC,1.5,1.52,64
HSkMC,1.52,1.54,47
HSkMC,1.54,1.56,35
HSkMC,1.56,1.58,34
HSkMC,1.58,1.6,33
HSkMC,1.6,1.62,26
HSkMC,1.62,1.6400000000000001,22
HSkMC,1.6400000000000001,1.6600000000000001,15
HSkMC,1.6600000000000001,1.68,11
HSkMC,1.68,1.7,15
HSkMC,1.7,1.72,7
HSkMC,1.72,1.74,11
HSkMC,1.74,1.76,3
HSkMC,1.76,1.78,9
HSkMC,1.78,1.8,6
HSkMC,1.8,1.82,4
HSkMC,1.82,1.84,4
HSkMC,1.84,1.86,3
HSkMC,1.86,1.8800000000000001,0
HSkMC,1.8800000000000001,1.9000000000000001,3
HSkMC,1.9000000000000001,1.92,2
HSkMC,1.92,1.94,2
HSkMC,1.94,1.96,2
HSkMC,1.96,1.98,3
HSkMC,1.98,2.0,3
IMR-90,0.0,0.02,7
IMR-90,0.02,0.04,23
IMR-90,0.04,0.06,42
IMR-90,0.06,0.08,133
IMR-90,0.08,0.1,44
IMR-90,0.1,0.12,50
IMR-90,0.12,0.14,55
IMR-90,0.14,0.16,55
IMR-90,0.16,0.18,84
IMR-90,0.18,0.2,105
IMR-90,0.2,0.22,125
IMR-90,0.22,0.24,96
IMR-90,0.24,0.26,89
IMR-90,0.26,0.28,95
IMR-90,0.28,0.3,78
IMR-90,0.3,0.32,94
IMR-90,0.32,0.34,75
IMR-90,0.34,0.36,79
IMR-90,0.36,0.38,90
IMR-90,0.38,0.4,83
IMR-90,0.4,0.42,89
IMR-90,0.42,0.44,120
IMR-90,0.44,0.46,114
IMR-90,0.46,0.48,110
IMR-90,0.48,0.5,134
IMR-90,0.5,0.52,149
IMR-90,0.52,0.54,140
IMR-90,0.54,0.56,143
IMR-90,0.56,0.58,159
IMR-90,0.58,0.6,193
IMR-90,0.6,0.62,205
IMR-90,0.62,0.64,236
IMR-90,0.64,0.66,262
IMR-90,0.66,0.68,320
IMR-90,0.68,0.7000000000000001,381
IMR-90,0.7000000000000001,0.72,463
IMR-90,0.72,0.74,665
IMR-90,0.74,0.76,834
IMR-90,0.76,0.78,1090
IMR-90,0.78,0.8,1356
IMR-90,0.8,0.8200000000000001,1678
IMR-90,0.8200000000000001,0.84,2001
IMR-90,0.84,0.86,2513
IMR-90,0.86,0.88,2902
IMR-90,0.88,0.9,3499
IMR-90,0.9,0.92,4213
IMR-90,0.92,0.9400000000000001,5116
IMR-90,0.9400000000000001,0.96,6030
IMR-90,0.96,0.98,7206
IMR-90,0.98,1.0,8735
IMR-90,1.0,1.02,9362
IMR-90,1.02,1.04,8047
IMR-90,1.04,1.06,5731
IMR-90,1.06,1.08,4150
IMR-90,1.08,1.1,3174
IMR-90,1.1,1.12,2490
IMR-90,1.12,1.1400000000000001,2013
IMR-90,1.1400000000000001,1.16,1623
IMR-90,1.16,1.18,1450
IMR-90,1.18,1.2,1283
IMR-90,1.2,1.22,1045
IMR-90,1.22,1.24,944
IMR-90,1.24,1.26,771
IMR-90,1.26,1.28,703
IMR-90,1.28,1.3,615
IMR-90,1.3,1.32,512
IMR-90,1.32,1.34,482
IMR-90,1.34,1.36,420
IMR-90,1.36,1.3800000000000001,363
IMR-90,1.3800000000000001,1.4000000000000001,350
IMR-90,1.4000000000000001,1.42,284
IMR-90,1.42,1.44,231
IMR-90,1.44,1.46,234
IMR-90,1.46,1.48,184
IMR-90,1.48,1.5,167
IMR-90,1.5,1.52,127
IMR-90,1.52,1.54,143
IMR-90,1.54,1.56,119
IMR-90,1.56,1.58,85
IMR-90,1.58,1.6,78
IMR-90,1.6,1.62,77
IMR-90,1.62,1.6400000000000001,65
IMR-90,1.6400000000000001,1.6600000000000001,61
IMR-90,1.6600000000000001,1.68,52
IMR-90,1.68,1.7,37
IMR-90,1.7,1.72,44
IMR-90,1.72,1.74,31
IMR-90,1.74,1.76,24
IMR-90,1.76,1.78,30
IMR-90,1.78,1.8,14
IMR-90,1.8,1.82,27
IMR-90,1.82,1.84,15
IMR-90,1.84,1.86,13
IMR-90,1.86,1.8800000000000001,15
IMR-90,1.8800000000000001,1.9000000000000001,11
IMR-90,1.9000000000000001,1.92,8
IMR-90,1.92,1.94,9
IMR-90,1.94,1.96,10
IMR-90,1.96,1.98,8
IMR-90,1.98,2.0,7
