dataset,source_row,repair
internal_100k,4076,insert space before CXSMILES extension
internal_100k,5602,insert space before CXSMILES extension
internal_100k,8443,insert space before CXSMILES extension
internal_100k,8609,insert space before CXSMILES extension
internal_100k,9622,insert space before CXSMILES extension
internal_100k,11145,insert space before CXSMILES extension
internal_100k,11182,insert space before CXSMILES extension
internal_100k,13339,insert space before CXSMILES extension
internal_100k,13792,insert space before CXSMILES extension
internal_100k,13844,insert space before CXSMILES extension
internal_100k,13991,insert space before CXSMILES extension
internal_100k,14017,insert space before CXSMILES extension
internal_100k,14128,insert space before CXSMILES extension
internal_100k,14592,insert space before CXSMILES extension
internal_100k,14849,insert space before CXSMILES extension
internal_100k,14974,insert space before CXSMILES extension
internal_100k,15373,insert space before CXSMILES extension
internal_100k,15517,insert space before CXSMILES extension
internal_100k,16134,insert space before CXSMILES extension
internal_100k,16256,insert space before CXSMILES extension
internal_100k,17641,insert space before CXSMILES extension
internal_100k,18110,insert space before CXSMILES extension
internal_100k,18322,insert space before CXSMILES extension
internal_100k,18461,insert space before CXSMILES extension
internal_100k,19576,insert space before CXSMILES extension
internal_100k,20136,insert space before CXSMILES extension
internal_100k,20719,insert space before CXSMILES extension
internal_100k,21144,insert space before CXSMILES extension
internal_100k,23498,insert space before CXSMILES extension
internal_100k,24074,insert space before CXSMILES extension
internal_100k,25986,insert space before CXSMILES extension
internal_100k,26867,insert space before CXSMILES extension
internal_100k,29782,insert space before CXSMILES extension
internal_100k,30267,insert space before CXSMILES extension
internal_100k,30845,insert space before CXSMILES extension
internal_100k,36830,insert space before CXSMILES extension
internal_100k,37376,insert space before CXSMILES extension
internal_100k,39117,insert space before CXSMILES extension
internal_100k,44511,insert space before CXSMILES extension
internal_100k,47884,insert space before CXSMILES extension
internal_100k,52787,insert space before CXSMILES extension
internal_100k,54132,insert space before CXSMILES extension
internal_100k,54591,insert space before CXSMILES extension
internal_100k,56357,insert space before CXSMILES extension
internal_100k,58702,insert space before CXSMILES extension
internal_100k,63726,insert space before CXSMILES extension
internal_100k,64366,insert space before CXSMILES extension
internal_100k,64745,insert space before CXSMILES extension
internal_100k,65084,insert space before CXSMILES extension
internal_100k,66267,insert space before CXSMILES extension
internal_100k,69206,insert space before CXSMILES extension
internal_100k,70047,insert space before CXSMILES extension
internal_100k,74109,insert space before CXSMILES extension
internal_100k,74217,insert space before CXSMILES extension
internal_100k,74820,insert space before CXSMILES extension
internal_100k,76994,insert space before CXSMILES extension
internal_100k,77059,insert space before CXSMILES extension
internal_100k,77504,insert space before CXSMILES extension
internal_100k,77608,insert space before CXSMILES extension
internal_100k,79790,insert space before CXSMILES extension
internal_100k,81189,insert space before CXSMILES extension
internal_100k,82592,insert space before CXSMILES extension
internal_100k,86356,insert space before CXSMILES extension
internal_100k,87138,insert space before CXSMILES extension
internal_100k,87594,insert space before CXSMILES extension
internal_100k,93652,insert space before CXSMILES extension
internal_100k,94984,insert space before CXSMILES extension
internal_100k,96254,insert space before CXSMILES extension
internal_100k,96401,insert space before CXSMILES extension
internal_100k,96621,insert space before CXSMILES extension
internal_100k,97291,insert space before CXSMILES extension
internal_100k,98385,insert space before CXSMILES extension
