n,positive_count,prevalence,cutoff,status,auroc,average_precision,pr_trapezoid_auc,tn,fp,fn,tp,mcc,f1,precision,balanced_accuracy,exact_score_cutoff_count,cohort,method,score_or_flag,excluded_invalid_structure_or_label_score
35964,322,0.008953397842286732,0.2,evaluated,0.9242126063151819,0.4037104012980193,0.4029986542726158,33275,2367,81,241,0.24772851231002085,0.1645051194539249,0.0924079754601227,0.8410183951448166,0,ecbd_restricted_similarity_le_0_9,safetynet,MaxTox,0
35964,322,0.008953397842286732,0.5,evaluated,0.5313611270951536,0.012305883787184335,0.06837640480098278,35221,421,298,24,0.05344662135786908,0.06258148631029987,0.05393258426966292,0.5313611270951536,0,ecbd_restricted_similarity_le_0_9,glaxo,recomputed_glaxo,0
35964,322,0.008953397842286732,0.5,evaluated,0.6878590092434043,0.019412114015918615,0.28936578029026966,29552,6090,146,176,0.09330656365303477,0.05343047965998786,0.028088094478135973,0.6878590092434043,0,ecbd_restricted_similarity_le_0_9,dundee,recomputed_dundee,0
35964,322,0.008953397842286732,0.5,evaluated,0.5768280216549599,0.019914447686637,0.1266443815498123,34920,722,266,56,0.09949101622730393,0.10181818181818182,0.07197943444730077,0.57682802165496,0,ecbd_restricted_similarity_le_0_9,bms,recomputed_bms,0
35964,322,0.008953397842286732,0.5,evaluated,0.6878590092434043,0.019412114015918615,0.28936578029026966,29552,6090,146,176,0.09330656365303477,0.05343047965998786,0.028088094478135973,0.6878590092434043,0,ecbd_restricted_similarity_le_0_9,brenk,recomputed_brenk,0
35964,322,0.008953397842286732,0.5,evaluated,0.6204039584815318,0.019237374379050542,0.17529522570518846,33488,2154,225,97,0.09364687337154151,0.07539836766420521,0.04309195912927588,0.6204039584815318,0,ecbd_restricted_similarity_le_0_9,surechembl,recomputed_surechembl,0
35964,322,0.008953397842286732,0.5,evaluated,0.5981686934355135,0.011595073340320396,0.29442103594812713,22273,13369,138,184,0.03816485690002878,0.02652252252252252,0.013576329963845644,0.5981686934355135,0,ecbd_restricted_similarity_le_0_9,mlsmr,recomputed_mlsmr,0
35964,322,0.008953397842286732,0.5,evaluated,0.5823405703578826,0.012104354328632261,0.16494140867149398,30664,4978,224,98,0.044555070415908324,0.03630974434975917,0.019306540583136328,0.5823405703578826,0,ecbd_restricted_similarity_le_0_9,inpharmatica,recomputed_inpharmatica,0
35964,322,0.008953397842286732,0.5,evaluated,0.656827854359833,0.02074975143237748,0.22504608981117735,32321,3321,191,131,0.10030092275428991,0.06942236354001059,0.03794901506373117,0.656827854359833,0,ecbd_restricted_similarity_le_0_9,lint,recomputed_lint,0
