false_positive_rate,true_positive_rate,threshold
0.0,0.0,inf
0.0,0.003105590062111801,0.9879878
0.0,0.046583850931677016,0.9378408
2.805678693676e-05,0.046583850931677016,0.9365767
2.805678693676e-05,0.07142857142857142,0.9126787
8.417036081028001e-05,0.07142857142857142,0.90729475
8.417036081028001e-05,0.10248447204968944,0.8877214
0.00011222714774704,0.10248447204968944,0.8855794
0.00011222714774704,0.11801242236024845,0.874224
0.00022445429549408,0.11801242236024845,0.85950345
0.00022445429549408,0.12732919254658384,0.84009
0.00033668144324112005,0.12732919254658384,0.83444154
0.00033668144324112005,0.13975155279503104,0.8250178
0.00039279501711464004,0.13975155279503104,0.8177369
0.00039279501711464004,0.14285714285714285,0.81466085
0.00044890859098816,0.14285714285714285,0.8088921
0.00044890859098816,0.14906832298136646,0.8006635
0.00047696537792492,0.14906832298136646,0.8000394
0.00047696537792492,0.16149068322981366,0.79791534
0.00050502216486168,0.16149068322981366,0.7938564
0.00050502216486168,0.18012422360248448,0.78918964
0.0005611357387352,0.18012422360248448,0.7869822
0.0005611357387352,0.18944099378881987,0.77005005
0.0005891925256719601,0.18944099378881987,0.76924783
0.0005891925256719601,0.2080745341614907,0.75482833
0.00064530609954548,0.2080745341614907,0.7510544
0.00064530609954548,0.21428571428571427,0.7404257
0.0006733628864822401,0.21428571428571427,0.726437
0.0006733628864822401,0.21739130434782608,0.72517043
0.0007294764603557601,0.21739130434782608,0.72242755
0.0007294764603557601,0.2267080745341615,0.7144451
0.00075753324729252,0.2267080745341615,0.71357524
0.00075753324729252,0.22981366459627328,0.71092826
0.0008417036081028001,0.22981366459627328,0.7022056
0.0008417036081028001,0.2391304347826087,0.70131695
0.0008697603950395601,0.2391304347826087,0.700342
0.0008697603950395601,0.2422360248447205,0.69854456
0.00089781718197632,0.2422360248447205,0.698523
0.00089781718197632,0.2515527950310559,0.6974266
0.0009258739689130801,0.2515527950310559,0.69727117
0.0009258739689130801,0.2546583850931677,0.69497395
0.00095393075584984,0.2546583850931677,0.6903068
0.00095393075584984,0.2577639751552795,0.6893736
0.0009819875427866,0.2577639751552795,0.6882957
0.0009819875427866,0.2608695652173913,0.68187547
0.00101004432972336,0.2608695652173913,0.6811657
0.00101004432972336,0.2670807453416149,0.67885447
0.00101004432972336,0.2701863354037267,0.67736375
0.0010661579035968801,0.2701863354037267,0.67247856
0.0010661579035968801,0.27639751552795033,0.66846967
0.0011503282644071602,0.27639751552795033,0.66494524
0.0011503282644071602,0.2826086956521739,0.6604681
0.0012625554121542001,0.2826086956521739,0.65654355
0.0012625554121542001,0.2888198757763975,0.65335476
0.0013467257729644802,0.2888198757763975,0.64653116
0.0013467257729644802,0.2919254658385093,0.64334166
0.0013747825599012401,0.2919254658385093,0.6428174
0.0013747825599012401,0.2950310559006211,0.64155936
0.00151506649458504,0.2950310559006211,0.63412887
0.00151506649458504,0.2981366459627329,0.63394296
0.0016834072162056001,0.2981366459627329,0.6304556
0.0016834072162056001,0.30124223602484473,0.6302975
0.00171146400314236,0.30124223602484473,0.6287075
0.00171146400314236,0.30434782608695654,0.622515
0.0018236911508894,0.30434782608695654,0.6167123
0.0018236911508894,0.30745341614906835,0.6166092
0.0018798047247629201,0.30745341614906835,0.61606216
0.0018798047247629201,0.3105590062111801,0.61431915
0.00190786151169968,0.3105590062111801,0.61251736
0.00190786151169968,0.3136645962732919,0.6117042
0.0019359182986364402,0.3136645962732919,0.611158
0.0019359182986364402,0.3167701863354037,0.60919905
0.0019639750855732,0.3167701863354037,0.6088654
0.0019639750855732,0.3198757763975155,0.60688466
0.00216037259413052,0.3198757763975155,0.59948766
0.00216037259413052,0.32919254658385094,0.59359765
0.00221648616800404,0.32919254658385094,0.59207535
0.00221648616800404,0.33229813664596275,0.59180343
0.0023006565288143203,0.33229813664596275,0.5884894
0.0023006565288143203,0.33540372670807456,0.5879124
0.00244094046349812,0.33540372670807456,0.5806106
0.00244094046349812,0.3385093167701863,0.5804063
0.0024970540373716404,0.3385093167701863,0.5794093
0.0024970540373716404,0.3416149068322981,0.5790638
0.0027215083328657203,0.3416149068322981,0.5668086
0.0027215083328657203,0.3447204968944099,0.5662306
0.0027495651198024803,0.3447204968944099,0.5660343
0.0027495651198024803,0.34782608695652173,0.5642766
0.0029459626283598003,0.34782608695652173,0.5513764
0.0029459626283598003,0.35093167701863354,0.5471996
0.00303013298917008,0.35093167701863354,0.544925
0.00303013298917008,0.35714285714285715,0.5435961
0.0030862465630436004,0.35714285714285715,0.54246426
0.0030862465630436004,0.36024844720496896,0.5421312
0.00319847371079064,0.36024844720496896,0.5335884
0.00319847371079064,0.36335403726708076,0.5334689
0.0033107008585376804,0.36335403726708076,0.530745
0.0033107008585376804,0.3695652173913043,0.5295437
0.0033668144324112003,0.3695652173913043,0.52898514
0.00339487121934796,0.3695652173913043,0.52478653
0.00339487121934796,0.37267080745341613,0.524767
0.0035070983670950004,0.37267080745341613,0.52275884
0.0035070983670950004,0.37577639751552794,0.52240163
0.00359126872790528,0.37577639751552794,0.5188354
0.00359126872790528,0.37888198757763975,0.51878583
0.0036473823017788,0.37888198757763975,0.5176021
0.0036473823017788,0.38198757763975155,0.51667774
0.0037315526625890803,0.38198757763975155,0.51410854
0.0037315526625890803,0.38819875776397517,0.511911
0.0037876662364626002,0.38819875776397517,0.51063836
0.0037876662364626002,0.391304347826087,0.51057625
0.00384377981033612,0.391304347826087,0.5102721
0.0039279501711464,0.391304347826087,0.50992906
0.0039279501711464,0.3944099378881988,0.5097833
0.00395600695808316,0.3944099378881988,0.5094253
0.00395600695808316,0.39751552795031053,0.5087425
0.00398406374501992,0.39751552795031053,0.5080265
0.00398406374501992,0.40062111801242234,0.5063574
0.00398406374501992,0.40683229813664595,0.5060272
0.00404017731889344,0.40683229813664595,0.50265104
0.00404017731889344,0.40993788819875776,0.49976772
0.00409629089276696,0.40993788819875776,0.49910378
0.00409629089276696,0.422360248447205,0.49719507
0.004208518040514001,0.422360248447205,0.4939847
0.004208518040514001,0.4254658385093168,0.49340582
0.0043488019751978,0.4254658385093168,0.4914933
0.00440491554907132,0.4254658385093168,0.4913434
0.00454519948375512,0.4254658385093168,0.49056524
0.00454519948375512,0.42857142857142855,0.49056044
0.00482576735312272,0.42857142857142855,0.4835977
0.00482576735312272,0.43167701863354035,0.48270655
0.00485382414005948,0.43167701863354035,0.48257226
0.00485382414005948,0.43478260869565216,0.48221844
0.00488188092699624,0.43478260869565216,0.4818893
0.00488188092699624,0.43788819875776397,0.4816664
0.00530273273104764,0.43788819875776397,0.47326702
0.00530273273104764,0.4409937888198758,0.47264904
0.00597609561752988,0.4409937888198758,0.45740026
0.00597609561752988,0.4472049689440994,0.4569084
0.00600415240446664,0.4472049689440994,0.4556292
0.00600415240446664,0.4503105590062112,0.4550491
0.006200549913023961,0.4503105590062112,0.4463398
0.006200549913023961,0.453416149068323,0.44569984
0.006284720273834241,0.453416149068323,0.44520468
0.006284720273834241,0.45652173913043476,0.44517604
0.0063127770607710005,0.45652173913043476,0.4446331
0.0063127770607710005,0.46273291925465837,0.44419426
0.00650917456932832,0.46273291925465837,0.43993396
0.00650917456932832,0.4658385093167702,0.43789536
0.006621401717075361,0.4658385093167702,0.43501407
0.006621401717075361,0.468944099378882,0.43492842
0.006649458504012121,0.468944099378882,0.4349226
0.006649458504012121,0.4720496894409938,0.4347407
0.00678974243869592,0.4720496894409938,0.4322217
0.00678974243869592,0.4751552795031056,0.4321448
0.0068739127995062,0.4751552795031056,0.4305652
0.0068739127995062,0.4813664596273292,0.42972308
0.006986139947253241,0.4813664596273292,0.42844048
0.006986139947253241,0.484472049689441,0.42823315
0.007014196734190001,0.484472049689441,0.42807588
0.007014196734190001,0.48757763975155277,0.4277284
0.007406991751304641,0.48757763975155277,0.42284122
0.007406991751304641,0.4968944099378882,0.4221838
0.00768755962067224,0.4968944099378882,0.4167661
0.00768755962067224,0.5,0.41625136
0.0081364682116604,0.5,0.40960568
0.0081364682116604,0.5031055900621118,0.40922332
0.008585376802648561,0.5031055900621118,0.4036808
0.008585376802648561,0.5062111801242236,0.4028843
0.009006228606699961,0.5062111801242236,0.39675912
0.009006228606699961,0.5093167701863354,0.39662257
0.00934291004994108,0.5093167701863354,0.39301965
0.00934291004994108,0.5124223602484472,0.392998
0.009819875427866,0.5124223602484472,0.3888865
0.009819875427866,0.5217391304347826,0.38805807
0.010100443297233601,0.5217391304347826,0.38419908
0.010100443297233601,0.5248447204968945,0.38353232
0.01032489759272768,0.5248447204968945,0.38124266
0.01032489759272768,0.5279503105590062,0.3809628
0.01043712474047472,0.5279503105590062,0.37937248
0.010521295101285001,0.5279503105590062,0.37925905
0.010577408675158521,0.5279503105590062,0.37788212
0.010577408675158521,0.531055900621118,0.3778481
0.01068963582290556,0.531055900621118,0.37734577
0.01068963582290556,0.5341614906832298,0.3771959
0.010886033331462881,0.5341614906832298,0.37495336
0.010886033331462881,0.5403726708074534,0.37448522
0.011559396217945122,0.5403726708074534,0.36775002
0.011559396217945122,0.5434782608695652,0.3671287
0.0116435665787554,0.5434782608695652,0.36685842
0.0116435665787554,0.546583850931677,0.3668342
0.01200830480893328,0.546583850931677,0.3640743
0.01200830480893328,0.5496894409937888,0.36372936
0.01237304303911116,0.5496894409937888,0.3600617
0.01237304303911116,0.5527950310559007,0.36002082
0.01242915661298468,0.5527950310559007,0.35888934
0.01242915661298468,0.5559006211180124,0.35860446
0.01285000841703608,0.5559006211180124,0.35557872
0.01285000841703608,0.5590062111801242,0.35533592
0.01301834913865664,0.5590062111801242,0.35357344
0.01301834913865664,0.562111801242236,0.3533427
0.013130576286403682,0.562111801242236,0.35242867
0.013130576286403682,0.5683229813664596,0.35235065
0.013326973794961,0.5683229813664596,0.3510829
0.013326973794961,0.5714285714285714,0.35103202
0.013831995959822681,0.5714285714285714,0.34773904
0.013831995959822681,0.5745341614906833,0.347693
0.015122608158913642,0.5745341614906833,0.3362439
0.015122608158913642,0.577639751552795,0.33619165
0.015599573536838562,0.577639751552795,0.332598
0.015599573536838562,0.5807453416149069,0.3324543
0.01703046967061332,0.5807453416149069,0.32399684
0.01703046967061332,0.5838509316770186,0.32368627
0.017311037539980922,0.5838509316770186,0.32269174
0.017311037539980922,0.5869565217391305,0.32258934
0.01733909432691768,0.5869565217391305,0.32245317
0.01733909432691768,0.5900621118012422,0.32227036
0.018264968295830762,0.5900621118012422,0.3163968
0.018264968295830762,0.593167701863354,0.31639463
0.01832108186970428,0.593167701863354,0.31628543
0.01832108186970428,0.5962732919254659,0.31627563
0.01927501262555412,0.5962732919254659,0.31237966
0.01927501262555412,0.5993788819875776,0.31229937
0.019471410134111442,0.5993788819875776,0.31135482
0.019471410134111442,0.6024844720496895,0.31122822
0.0206217383985186,0.6024844720496895,0.3055153
0.02064979518545536,0.6055900621118012,0.3048628
0.0207620223332024,0.6055900621118012,0.30401638
0.0207620223332024,0.6086956521739131,0.30399063
0.020790079120139162,0.6086956521739131,0.30392557
0.020790079120139162,0.6149068322981367,0.30359438
0.021154817350317042,0.6149068322981367,0.30221492
0.021154817350317042,0.6180124223602484,0.30200365
0.021744009875989,0.6180124223602484,0.29974368
0.021744009875989,0.6211180124223602,0.2995611
0.021912350597609563,0.6211180124223602,0.29890984
0.021912350597609563,0.6242236024844721,0.2988043
0.022024577745356603,0.6242236024844721,0.29810327
0.022024577745356603,0.6273291925465838,0.29781958
0.02292239492733292,0.6273291925465838,0.29382807
0.02292239492733292,0.6304347826086957,0.29361984
0.02339936030525784,0.6304347826086957,0.29175532
0.02339936030525784,0.6335403726708074,0.2917328
0.025138881095336962,0.6335403726708074,0.28532785
0.025138881095336962,0.6366459627329193,0.28509992
0.025952527916503,0.6366459627329193,0.28141302
0.025952527916503,0.639751552795031,0.28130516
0.027663991919645362,0.639751552795031,0.2744226
0.027663991919645362,0.6428571428571429,0.27439806
0.028197070871443804,0.6428571428571429,0.27242512
0.028197070871443804,0.6459627329192547,0.2724063
0.028561809101621684,0.6459627329192547,0.27108383
0.028561809101621684,0.6490683229813664,0.27104273
0.02895460411873632,0.6490683229813664,0.27010268
0.02895460411873632,0.6521739130434783,0.26994953
0.029235171988103922,0.6521739130434783,0.26909167
0.029235171988103922,0.65527950310559,0.26897556
0.02968408057909208,0.65527950310559,0.26763028
0.02968408057909208,0.6583850931677019,0.26760513
0.03153582851691824,0.6583850931677019,0.2629319
0.03153582851691824,0.6614906832298136,0.2628909
0.03218113461646372,0.6614906832298136,0.26123643
0.03218113461646372,0.6645962732919255,0.26122057
0.0328264407160092,0.6645962732919255,0.25944838
0.0328264407160092,0.6677018633540373,0.25935334
0.033022838224566524,0.6677018633540373,0.2588086
0.03305089501150328,0.6708074534161491,0.2586659
0.03349980360249144,0.6708074534161491,0.25712854
0.03349980360249144,0.6739130434782609,0.25704378
0.033752314684922284,0.6739130434782609,0.25640374
0.033752314684922284,0.6770186335403726,0.25623935
0.034622075079961845,0.6770186335403726,0.25388837
0.034622075079961845,0.6801242236024845,0.2538813
0.03495875652320296,0.6801242236024845,0.25325945
0.03495875652320296,0.6832298136645962,0.25316805
0.03529543796644408,0.6832298136645962,0.25225833
0.03529543796644408,0.6863354037267081,0.25215185
0.035996857639863086,0.6863354037267081,0.25040913
0.035996857639863086,0.6925465838509317,0.25038555
0.037175242691207006,0.6925465838509317,0.24804273
0.037175242691207006,0.6956521739130435,0.24801147
0.037483867347511364,0.6956521739130435,0.24742448
0.037483867347511364,0.6987577639751553,0.24740967
0.038998933842096406,0.6987577639751553,0.24311161
0.038998933842096406,0.7018633540372671,0.24295278
0.039952864597946246,0.7018633540372671,0.24020752
0.039952864597946246,0.7049689440993789,0.24014607
0.04065428427136524,0.7049689440993789,0.2387369
0.04071039784523876,0.7049689440993789,0.2386423
0.04371247404747208,0.7049689440993789,0.23255916
0.04371247404747208,0.7080745341614907,0.23233703
0.045003086246563045,0.7080745341614907,0.2300622
0.045003086246563045,0.7111801242236024,0.23000236
0.046181471297906965,0.7111801242236024,0.22794402
0.046181471297906965,0.7142857142857143,0.22794065
0.048594354974468325,0.7142857142857143,0.22395615
0.048594354974468325,0.717391304347826,0.22395599
0.048678525335278604,0.717391304347826,0.22378972
0.048678525335278604,0.7204968944099379,0.22353074
0.049099377139330005,0.7204968944099379,0.22306278
0.049099377139330005,0.7236024844720497,0.22305126
0.05504741596992312,0.7236024844720497,0.2139124
0.05504741596992312,0.7298136645962733,0.21389195
0.05521575669154368,0.7298136645962733,0.21364203
0.05521575669154368,0.7329192546583851,0.21363239
0.05754447000729476,0.7329192546583851,0.21024665
0.05754447000729476,0.7391304347826086,0.21022567
0.06035014870097077,0.7391304347826086,0.20640889
0.06035014870097077,0.7422360248447205,0.20634334
0.06113573873520004,0.7422360248447205,0.20576422
0.06113573873520004,0.7484472049689441,0.2057459
0.06276303237753213,0.7484472049689441,0.20372649
0.06281914595140564,0.7484472049689441,0.20371301
0.068037708321643,0.7484472049689441,0.198276
0.068037708321643,0.7515527950310559,0.19823058
0.06896358229055609,0.7515527950310559,0.19694684
0.06896358229055609,0.7546583850931677,0.19690858
0.07042253521126761,0.7546583850931677,0.19553831
0.07042253521126761,0.7577639751552795,0.19550185
0.07328432747881712,0.7577639751552795,0.19321942
0.07328432747881712,0.7608695652173914,0.19321918
0.07488356433421245,0.7608695652173914,0.19175108
0.07488356433421245,0.7639751552795031,0.191695
0.07667919869816509,0.7639751552795031,0.19021592
0.07667919869816509,0.7670807453416149,0.19019973
0.07858706020986476,0.7670807453416149,0.18856567
0.07858706020986476,0.7701863354037267,0.18855207
0.08136468211660401,0.7701863354037267,0.18612573
0.08136468211660401,0.7732919254658385,0.18601012
0.08243084002020089,0.7732919254658385,0.18490502
0.08243084002020089,0.7763975155279503,0.18486851
0.08717243701251333,0.7763975155279503,0.18133941
0.08717243701251333,0.7795031055900621,0.181339
0.08829470848998373,0.7795031055900621,0.18058246
0.08829470848998373,0.782608695652174,0.18057519
0.09000617249312609,0.782608695652174,0.17925571
0.09000617249312609,0.7857142857142857,0.17921385
0.09904045788676281,0.7857142857142857,0.17300275
0.09904045788676281,0.7888198757763976,0.17299418
0.09954548005162449,0.7888198757763976,0.17262962
0.099601593625498,0.7888198757763976,0.17262326
0.10041524044666404,0.7888198757763976,0.17214662
0.10041524044666404,0.7919254658385093,0.1721365
0.1032489759272768,0.7919254658385093,0.17059082
0.1032489759272768,0.7950310559006211,0.17057797
0.1050726670781662,0.7950310559006211,0.16959658
0.10512878065203973,0.7950310559006211,0.16957931
0.10869199259300825,0.7950310559006211,0.1672625
0.10869199259300825,0.7981366459627329,0.16726217
0.1090006172493126,0.7981366459627329,0.16698048
0.1090006172493126,0.8012422360248447,0.16696963
0.10995454800516245,0.8012422360248447,0.16631918
0.10995454800516245,0.8043478260869565,0.16628203
0.11088042197407554,0.8043478260869565,0.16585329
0.11088042197407554,0.8074534161490683,0.16582711
0.11306885135514282,0.8074534161490683,0.16448486
0.11312496492901633,0.8074534161490683,0.16444586
0.11831547051231693,0.8074534161490683,0.16206405
0.11831547051231693,0.8105590062111802,0.16204342
0.12636776836316704,0.8105590062111802,0.15814914
0.12636776836316704,0.8136645962732919,0.15814176
0.12953818528702093,0.8136645962732919,0.15667427
0.12953818528702093,0.8167701863354038,0.15667318
0.13054822961674428,0.8167701863354038,0.1561631
0.13054822961674428,0.8198757763975155,0.1561577
0.1399472532405589,0.8198757763975155,0.15198857
0.1399472532405589,0.8229813664596274,0.15197012
0.14640031423601368,0.8229813664596274,0.14943522
0.1464564278098872,0.8229813664596274,0.14941527
0.1509455137197688,0.8229813664596274,0.14767966
0.1509455137197688,0.8260869565217391,0.14766732
0.15237640985354356,0.8260869565217391,0.14719418
0.15237640985354356,0.8291925465838509,0.14718707
0.15265697772291117,0.8291925465838509,0.14706776
0.15265697772291117,0.8322981366459627,0.1470673
0.16012008304808933,0.8322981366459627,0.14450914
0.16012008304808933,0.8354037267080745,0.1444999
0.16376746534986814,0.8354037267080745,0.14333959
0.16382357892374166,0.8354037267080745,0.14332125
0.16533864541832669,0.8354037267080745,0.14270785
0.16533864541832669,0.8385093167701864,0.1427067
0.1658436675831884,0.8385093167701864,0.14258625
0.1658436675831884,0.8416149068322981,0.14258024
0.16592783794399865,0.8416149068322981,0.14253715
0.16598395151787218,0.8416149068322981,0.14253053
0.16797598339038214,0.8416149068322981,0.14202645
0.16797598339038214,0.84472049689441,0.14202245
0.1706694349363111,0.84472049689441,0.14099245
0.17072554851018462,0.84472049689441,0.14098607
0.1777397452443746,0.84472049689441,0.13892256
0.1777397452443746,0.8478260869565217,0.1389171
0.18351944335334716,0.8478260869565217,0.13727161
0.18351944335334716,0.8509316770186336,0.1372635
0.18927108467538298,0.8509316770186336,0.13566825
0.18927108467538298,0.8540372670807453,0.13564259
0.19081420795690476,0.8540372670807453,0.13525254
0.1908703215307783,0.8540372670807453,0.13525203
0.19336737556814992,0.8540372670807453,0.13456036
0.19336737556814992,0.8571428571428571,0.13455588
0.19925930082486953,0.8571428571428571,0.1330454
0.19925930082486953,0.860248447204969,0.13303709
0.1997643229897312,0.860248447204969,0.13290647
0.1997643229897312,0.8633540372670807,0.13290283
0.20094270804107514,0.8633540372670807,0.13264132
0.20099882161494867,0.8633540372670807,0.13263738
0.20338364850457324,0.8633540372670807,0.13193616
0.20343976207844677,0.8633540372670807,0.13192488
0.21707536052971213,0.8633540372670807,0.12884183
0.21707536052971213,0.8664596273291926,0.12884012
0.2224342068346333,0.8664596273291926,0.12763247
0.2224342068346333,0.8695652173913043,0.12762389
0.22459457942876382,0.8695652173913043,0.12713382
0.22465069300263735,0.8695652173913043,0.12712666
0.22644632736658998,0.8695652173913043,0.1267034
0.22644632736658998,0.8726708074534162,0.12668647
0.23578923741653107,0.8726708074534162,0.124714114
0.23578923741653107,0.8757763975155279,0.12469892
0.2402502665394759,0.8757763975155279,0.12370086
0.2402502665394759,0.8788819875776398,0.12368832
0.2440379327759385,0.8788819875776398,0.12287625
0.24409404634981202,0.8788819875776398,0.12287013
0.24844284832500982,0.8788819875776398,0.121921875
0.24844284832500982,0.8819875776397516,0.1219054
0.2495090062286067,0.8819875776397516,0.121681914
0.2495090062286067,0.8850931677018633,0.12167774
0.25360529712137364,0.8850931677018633,0.12081345
0.25366141069524717,0.8850931677018633,0.12080227
0.25949722237809325,0.8850931677018633,0.119486526
0.25949722237809325,0.8881987577639752,0.11948602
0.2643510465181527,0.8881987577639752,0.118609205
0.2643510465181527,0.8913043478260869,0.11860685
0.2688120756410976,0.8913043478260869,0.11778233
0.2688120756410976,0.8944099378881988,0.11777522
0.27678020313113744,0.8944099378881988,0.11630483
0.27683631670501097,0.8944099378881988,0.1163045
0.27759384995230346,0.8944099378881988,0.11613842
0.277649963526177,0.8944099378881988,0.11612582
0.27978227933337074,0.8944099378881988,0.11566725
0.27978227933337074,0.8975155279503105,0.11565423
0.2798945064811178,0.8975155279503105,0.11564358
0.27995062005499133,0.8975155279503105,0.11564092
0.2880029179058414,0.8975155279503105,0.1141964
0.2880029179058414,0.9006211180124224,0.11419503
0.29024746086078224,0.9006211180124224,0.113874294
0.29024746086078224,0.9037267080745341,0.11386174
0.2956063071657034,0.9037267080745341,0.11291818
0.2956624207395769,0.9037267080745341,0.11291478
0.2956624207395769,0.906832298136646,0.112904646
0.297991134055328,0.906832298136646,0.11237766
0.297991134055328,0.9099378881987578,0.11236999
0.2982436451377588,0.9099378881987578,0.11233369
0.29829975871163233,0.9099378881987578,0.11232724
0.2996745412715336,0.9099378881987578,0.11211976
0.2996745412715336,0.9130434782608695,0.11211928
0.3009370966836878,0.9130434782608695,0.11194329
0.3009370966836878,0.9161490683229814,0.11194159
0.30753044161382637,0.9161490683229814,0.11076711
0.30753044161382637,0.9192546583850931,0.11076059
0.31479714943044723,0.9192546583850931,0.10961685
0.31479714943044723,0.922360248447205,0.10961263
0.3350260928118512,0.922360248447205,0.10623828
0.3350260928118512,0.9254658385093167,0.106237434
0.34333090174513214,0.9254658385093167,0.10486327
0.3433870153190057,0.9254658385093167,0.10486281
0.3434431288928792,0.9254658385093167,0.10484622
0.34349924246675273,0.9254658385093167,0.10484358
0.3570506705572078,0.9254658385093167,0.10278926
0.3571067841310813,0.9254658385093167,0.10278829
0.3643173783738286,0.9254658385093167,0.101679325
0.3643173783738286,0.9285714285714286,0.10167887
0.3669266595589473,0.9285714285714286,0.10132662
0.36698277313282085,0.9285714285714286,0.10132651
0.3699287357611806,0.9285714285714286,0.10084127
0.36998484933505416,0.9285714285714286,0.10083743
0.37172437012513326,0.9285714285714286,0.10061773
0.3717804836990068,0.9285714285714286,0.100615524
0.3724257897985523,0.9285714285714286,0.100541964
0.3724257897985523,0.9316770186335404,0.10053953
0.37486673026205036,0.9316770186335404,0.10024865
0.37486673026205036,0.9347826086956522,0.10024633
0.3776162953818529,0.9347826086956522,0.09981193
0.3776162953818529,0.937888198757764,0.09981054
0.3814320184052522,0.937888198757764,0.09926787
0.38148813197912573,0.937888198757764,0.09925704
0.39074687166825656,0.937888198757764,0.097924665
0.39074687166825656,0.9409937888198758,0.097924486
0.41207002974019413,0.9409937888198758,0.0949178
0.41207002974019413,0.9440993788819876,0.09491758
0.41215420010100445,0.9440993788819876,0.09490989
0.4122103136748779,0.9440993788819876,0.09490767
0.41305201728298074,0.9440993788819876,0.094818026
0.41305201728298074,0.9472049689440993,0.09481353
0.4176252735536726,0.9472049689440993,0.09427191
0.41768138712754616,0.9472049689440993,0.094271466
0.4198417597216767,0.9472049689440993,0.094036065
0.4198978732955502,0.9472049689440993,0.09403433
0.4213007126423882,0.9472049689440993,0.09385048
0.4213568262162617,0.9472049689440993,0.09384726
0.42421861848381126,0.9472049689440993,0.09347383
0.42421861848381126,0.9503105590062112,0.09347103
0.4275293193423489,0.9503105590062112,0.09306176
0.4275293193423489,0.953416149068323,0.0930603
0.429970259805847,0.953416149068323,0.09271694
0.429970259805847,0.9565217391304348,0.092711784
0.43316873351663765,0.9565217391304348,0.09227609
0.4332248470905112,0.9565217391304348,0.09226731
0.4426799842881993,0.9565217391304348,0.09102276
0.44273609786207285,0.9565217391304348,0.09102227
0.4445317322260255,0.9565217391304348,0.09074571
0.4445317322260255,0.9596273291925466,0.0907449
0.4471129566242074,0.9596273291925466,0.09044594
0.44716907019808094,0.9596273291925466,0.090445615
0.45712922956063073,0.9596273291925466,0.089282066
0.45718534313450426,0.9596273291925466,0.08928184
0.4578306492340497,0.9596273291925466,0.08919273
0.4578306492340497,0.9627329192546584,0.08919166
0.4625441894394254,0.9627329192546584,0.08858627
0.4625441894394254,0.9658385093167702,0.08858268
0.4700353515515403,0.9658385093167702,0.08767275
0.47009146512541383,0.9658385093167702,0.08767091
0.4754222546433982,0.9658385093167702,0.08705466
0.4754222546433982,0.968944099378882,0.08704467
0.4783121036978845,0.968944099378882,0.08668693
0.4783121036978845,0.9720496894409938,0.08668566
0.47991134055327983,0.9720496894409938,0.086512506
0.47991134055327983,0.9751552795031055,0.0865088
0.4870377644352169,0.9751552795031055,0.08567214
0.4870377644352169,0.9782608695652174,0.08567204
0.4980921384883003,0.9782608695652174,0.084314145
0.49814825206217384,0.9782608695652174,0.08431136
0.5019639750855732,0.9782608695652174,0.083859146
0.5020200886594467,0.9782608695652174,0.08385895
0.5044049155490713,0.9782608695652174,0.083601356
0.5044610291229449,0.9782608695652174,0.08360051
0.5341731664889737,0.9782608695652174,0.08020719
0.5342292800628472,0.9782608695652174,0.08020494
0.5370910723303968,0.9782608695652174,0.079880446
0.5370910723303968,0.9813664596273292,0.07987871
0.5535884630492116,0.9813664596273292,0.07799284
0.5536445766230851,0.9813664596273292,0.077992074
0.5866393580607149,0.9813664596273292,0.07432413
0.5866393580607149,0.984472049689441,0.074318334
0.6078783457718422,0.984472049689441,0.072169326
0.6078783457718422,0.9875776397515528,0.07216694
0.615622018966388,0.9875776397515528,0.0713966
0.6156781325402615,0.9875776397515528,0.071394876
0.6313618764379103,0.9875776397515528,0.069890425
0.6314179900117839,0.9875776397515528,0.06988835
0.6389933224847091,0.9875776397515528,0.06920023
0.6390494360585826,0.9875776397515528,0.0691988
0.6520116716233657,0.9875776397515528,0.06797795
0.6520677851972392,0.9875776397515528,0.067977324
0.6534145109702036,0.9875776397515528,0.06782305
0.6534706245440772,0.9875776397515528,0.06782246
0.6567252118287413,0.9875776397515528,0.06744179
0.6567252118287413,0.9906832298136646,0.06744127
0.6842208630267662,0.9906832298136646,0.06456089
0.6843892037483867,0.9906832298136646,0.064557426
0.6901689018573592,0.9906832298136646,0.06395055
0.6902250154312328,0.9906832298136646,0.063945934
0.6912070029740194,0.9906832298136646,0.06381787
0.6912070029740194,0.9937888198757764,0.0638168
0.7099769934347119,0.9937888198757764,0.061810337
0.7100331070085854,0.9937888198757764,0.06180907
0.7346108523651871,0.9937888198757764,0.05917271
0.7346669659390607,0.9937888198757764,0.059171297
0.7373884742719263,0.9937888198757764,0.058870148
0.7373884742719263,0.9968944099378882,0.058867346
0.7423545255597329,0.9968944099378882,0.058336537
0.7424106391336064,0.9968944099378882,0.058332734
0.7616575949722237,0.9968944099378882,0.056343473
0.7617137085460973,0.9968944099378882,0.05634327
0.7653891476348129,0.9968944099378882,0.05594591
0.7654452612086864,0.9968944099378882,0.055935055
0.8123000953930756,0.9968944099378882,0.050693423
0.8123562089669492,0.9968944099378882,0.05069263
0.8184725885191628,0.9968944099378882,0.049991705
0.8185287020930363,0.9968944099378882,0.04999042
0.8190898378317715,0.9968944099378882,0.049914323
0.8191459514056451,0.9968944099378882,0.049913704
0.8305650636889064,0.9968944099378882,0.048698522
0.8305650636889064,1.0,0.048696548
0.9202064979518546,1.0,0.037481736
0.9202626115257281,1.0,0.037476975
0.9220301891027439,1.0,0.037194386
0.9220863026766175,1.0,0.03719344
0.929633578362606,1.0,0.036065813
0.9296896919364794,1.0,0.036065437
1.0,1.0,0.004390967
