scenario,pattern_ab_ec_kp_pa,calculated,artwork_reference_only,difference
initial_all_complete_records,0001,5,5,0
initial_all_complete_records,0010,10,9,1
initial_all_complete_records,0011,1,1,0
initial_all_complete_records,0100,21,21,0
initial_all_complete_records,0101,2,2,0
initial_all_complete_records,0110,39,37,2
initial_all_complete_records,0111,8,8,0
initial_all_complete_records,1000,77,74,3
initial_all_complete_records,1010,3,3,0
initial_all_complete_records,1011,2,2,0
initial_all_complete_records,1100,14,14,0
initial_all_complete_records,1101,4,4,0
initial_all_complete_records,1110,43,43,0
initial_all_complete_records,1111,99,89,10
exact_record_deduplication,0001,5,5,0
exact_record_deduplication,0010,9,9,0
exact_record_deduplication,0011,1,1,0
exact_record_deduplication,0100,20,21,-1
exact_record_deduplication,0101,2,2,0
exact_record_deduplication,0110,37,37,0
exact_record_deduplication,0111,8,8,0
exact_record_deduplication,1000,74,74,0
exact_record_deduplication,1010,3,3,0
exact_record_deduplication,1011,2,2,0
exact_record_deduplication,1100,14,14,0
exact_record_deduplication,1101,4,4,0
exact_record_deduplication,1110,42,43,-1
exact_record_deduplication,1111,89,89,0
raw_smiles_first_record,0001,5,5,0
raw_smiles_first_record,0010,9,9,0
raw_smiles_first_record,0011,1,1,0
raw_smiles_first_record,0100,20,21,-1
raw_smiles_first_record,0101,2,2,0
raw_smiles_first_record,0110,37,37,0
raw_smiles_first_record,0111,8,8,0
raw_smiles_first_record,1000,74,74,0
raw_smiles_first_record,1010,3,3,0
raw_smiles_first_record,1011,2,2,0
raw_smiles_first_record,1100,14,14,0
raw_smiles_first_record,1101,4,4,0
raw_smiles_first_record,1110,42,43,-1
raw_smiles_first_record,1111,89,89,0
raw_smiles_last_record,0001,5,5,0
raw_smiles_last_record,0010,9,9,0
raw_smiles_last_record,0011,1,1,0
raw_smiles_last_record,0100,20,21,-1
raw_smiles_last_record,0101,2,2,0
raw_smiles_last_record,0110,37,37,0
raw_smiles_last_record,0111,8,8,0
raw_smiles_last_record,1000,74,74,0
raw_smiles_last_record,1010,3,3,0
raw_smiles_last_record,1011,2,2,0
raw_smiles_last_record,1100,14,14,0
raw_smiles_last_record,1101,4,4,0
raw_smiles_last_record,1110,42,43,-1
raw_smiles_last_record,1111,89,89,0
refined_raw_smiles_distinct_measurement_mean,0001,5,5,0
refined_raw_smiles_distinct_measurement_mean,0010,9,9,0
refined_raw_smiles_distinct_measurement_mean,0011,1,1,0
refined_raw_smiles_distinct_measurement_mean,0100,20,21,-1
refined_raw_smiles_distinct_measurement_mean,0101,2,2,0
refined_raw_smiles_distinct_measurement_mean,0110,37,37,0
refined_raw_smiles_distinct_measurement_mean,0111,8,8,0
refined_raw_smiles_distinct_measurement_mean,1000,74,74,0
refined_raw_smiles_distinct_measurement_mean,1010,3,3,0
refined_raw_smiles_distinct_measurement_mean,1011,2,2,0
refined_raw_smiles_distinct_measurement_mean,1100,14,14,0
refined_raw_smiles_distinct_measurement_mean,1101,4,4,0
refined_raw_smiles_distinct_measurement_mean,1110,42,43,-1
refined_raw_smiles_distinct_measurement_mean,1111,89,89,0
standardized_smiles_distinct_measurement_mean,0001,4,5,-1
standardized_smiles_distinct_measurement_mean,0010,9,9,0
standardized_smiles_distinct_measurement_mean,0011,1,1,0
standardized_smiles_distinct_measurement_mean,0100,19,21,-2
standardized_smiles_distinct_measurement_mean,0101,2,2,0
standardized_smiles_distinct_measurement_mean,0110,35,37,-2
standardized_smiles_distinct_measurement_mean,0111,9,8,1
standardized_smiles_distinct_measurement_mean,1000,68,74,-6
standardized_smiles_distinct_measurement_mean,1010,3,3,0
standardized_smiles_distinct_measurement_mean,1011,2,2,0
standardized_smiles_distinct_measurement_mean,1100,13,14,-1
standardized_smiles_distinct_measurement_mean,1101,4,4,0
standardized_smiles_distinct_measurement_mean,1110,37,43,-6
standardized_smiles_distinct_measurement_mean,1111,84,89,-5
canonical_raw_smiles_distinct_measurement_mean,0001,5,5,0
canonical_raw_smiles_distinct_measurement_mean,0010,9,9,0
canonical_raw_smiles_distinct_measurement_mean,0011,1,1,0
canonical_raw_smiles_distinct_measurement_mean,0100,19,21,-2
canonical_raw_smiles_distinct_measurement_mean,0101,2,2,0
canonical_raw_smiles_distinct_measurement_mean,0110,37,37,0
canonical_raw_smiles_distinct_measurement_mean,0111,8,8,0
canonical_raw_smiles_distinct_measurement_mean,1000,71,74,-3
canonical_raw_smiles_distinct_measurement_mean,1010,3,3,0
canonical_raw_smiles_distinct_measurement_mean,1011,2,2,0
canonical_raw_smiles_distinct_measurement_mean,1100,14,14,0
canonical_raw_smiles_distinct_measurement_mean,1101,4,4,0
canonical_raw_smiles_distinct_measurement_mean,1110,40,43,-3
canonical_raw_smiles_distinct_measurement_mean,1111,88,89,-1
