source_row,SMILES,Standardized_SMILES,AB_Percent_Growth_Inhibition_Mean,EC_Percent_Growth_Inhibition_Mean,KP_Percent_Growth_Inhibition_Mean,PA_Percent_Growth_Inhibition_Mean
6729,C1=CC=C(C=C1)/C=C/C(=O)C2=C(C=C(C=C2)O)O,O=C(/C=C/c1ccccc1)c1ccc(O)cc1O,,,,
6730,CC[C@H]1[C@@H]2C[C@H]3[C@H]4[C@@]5(C[C@@H]([C@H]2[C@H]5O)N3[C@@H]1O)C6=CC=CC=C6N4C,CC[C@H]1[C@@H]2C[C@H]3[C@@H]4N(C)c5ccccc5[C@]45C[C@@H]([C@H]2[C@H]5O)N3[C@@H]1O,,,,
6731,CC1=C2C(=C(C(=C1Cl)O)Cl)OC3=C(C(=C(C(=C3C)C(=O)OC)O)C)OC2=O,COC(=O)c1c(C)c2c(c(C)c1O)OC(=O)c1c(C)c(Cl)c(O)c(Cl)c1O2,,,,
6732,CCCCCC1C(CCC1=O)CC(=O)OC,CCCCCC1C(=O)CCC1CC(=O)OC,,,,
6733,COC1=CC(=CC(=C1OC)OC)/C=C/C(=O)OC,COC(=O)/C=C/c1cc(OC)c(OC)c(OC)c1,,,,
6734,CN1CC(=O)N=C1N,Cn1cc(O)nc1N,,,,
6735,C([C@H]([C@H](CO)O)O)O,OC[C@@H](O)[C@@H](O)CO,,,,
6736,CC(=CCCC1(C=CC2=C(C3=C(C(=C2O1)CC=C(C)C)OC45C6CC(C=C4C3=O)C(C5(OC6(C)C)C/C=C(/C)\C(=O)O)O)O)C)C,CC(C)=CCCC1(C)C=Cc2c(O)c3c(c(CC=C(C)C)c2O1)OC12C(=CC4CC1C(C)(C)OC2(C/C=C(/C)C(=O)O)C4O)C3=O,,,,
6737,C[C@]12CC[C@H]3C(=CCC4=C3C=CC(=C4)O)[C@@H]1CCC2=O,C[C@]12CC[C@@H]3c4ccc(O)cc4C=CC3[C@@H]1CCC2=O,,,,
6738,C[C@H](/C=C/[C@H](C)C(C)C)[C@H]1CC[C@@H]2[C@@]1(CC[C@H]3C2=CC=C4[C@@]3(CC[C@@H](C4)OC(=O)C)C)C,CC(=O)O[C@H]1CC[C@@]2(C)C(=CC=C3[C@@H]4CC[C@H]([C@H](C)/C=C/[C@H](C)C(C)C)[C@@]4(C)CC[C@@H]32)C1,,,,
6739,CC1[C@@H](C(C([C@@H](O1)O[C@H]2CC[C@@]3(C4CC[C@@]5([C@H](CC[C@@]5(C4CC[C@@]3(C2)O)O)C6=CC(=O)OC6)C)C)O)OC)O,COC1C(O)[C@H](O[C@H]2CC[C@]3(C)C4CC[C@]5(C)[C@@H](C6=CC(=O)OC6)CC[C@]5(O)C4CC[C@]3(O)C2)OC(C)[C@@H]1O,,,,
10837,CCC1C(=O)N(CC(=O)N(C(C(=O)NC(C(=O)N(C(C(=O)NC(C(=O)NC(C(=O)N(C(C(=O)N(C(C(=O)N(C(C(=O)N(C(C(=O)N1)C(C(C)CC=CC)O)C)C(C)C)C)CC(C)C)C)CC(C)C)C)C)C)CC(C)C)C)C(C)C)CC(C)C)C)C,CC=CCC(C)C(O)C1C(=O)NC(CC)C(=O)N(C)CC(=O)N(C)C(CC(C)C)C(=O)NC(C(C)C)C(=O)N(C)C(CC(C)C)C(=O)NC(C)C(=O)NC(C)C(=O)N(C)C(CC(C)C)C(=O)N(C)C(CC(C)C)C(=O)N(C)C(C(C)C)C(=O)N1C,,,,
13284,CCCNCCCCCC[N+](C)(C)C,CCCNCCCCCC[N+](C)(C)C,,,,
13285,OC=1[C@H](OC(=O)C=1O)[C@H](O)CO,OC[C@@H](O)c1oc(O)c(O)c1O,,,,
13286,CC(C)C1=C(C=CC2=C1CCC3[C@@]2(CCC[C@]3(C)C=O)C)O,CC(C)c1c(O)ccc2c1CCC1[C@@](C)(C=O)CCC[C@]21C,,,,
13287,C1=NC(=C2C(=N1)N(C=N2)[C@H]3[C@@H]([C@@H]([C@H](O3)COP(=O)(O)OP(=O)([O-])OP(=O)(O)[O-])O)O)N.[Na+].[Na+],Nc1ncnc2c1ncn2[C@@H]1O[C@H](COP(=O)(O)OP(=O)(O)OP(=O)(O)O)[C@@H](O)[C@H]1O,,,,
13288,CC1=NCCC2=C1NC3=C2C=CC(=C3)O.O.O.Cl,CC1=NCCc2c1[nH]c1cc(O)ccc21,,,,
13289,CC1(C=CC2=C3C(=CC(=C2O1)OC)C(=O)C(=CO3)C4=CC5=C(C=C4)OCO5)C,COc1cc2c(=O)c(-c3ccc4c(c3)OCO4)coc2c2c1OC(C)(C)C=C2,,,,
13290,CC12CCN(C1N(C3=C2C=C(C=C3)O)C)C.C(=C/C(=O)O)\C(=O)O,CN1CCC2(C)c3cc(O)ccc3N(C)C12,,,,
13291,CC1=NCCC2=C1NC3=C2C=CC(=C3)O,CC1=NCCc2c1[nH]c1cc(O)ccc21,,,,
13292,C1[C@H]([C@H](OC2=C1C(=CC(=C2[C@@H]3[C@H]([C@H](OC4=C(C(=CC(=C34)O)O)[C@@H]5[C@H]([C@H](OC6=CC(=CC(=C56)O)O)C7=CC(=C(C(=C7)O)O)O)O)C8=CC(=C(C(=C8)O)O)O)O)O)O)C9=CC(=C(C(=C9)O)O)O)O,Oc1cc(O)c2c(c1)O[C@H](c1cc(O)c(O)c(O)c1)[C@H](O)[C@H]2c1c(O)cc(O)c2c1O[C@H](c1cc(O)c(O)c(O)c1)[C@H](O)[C@H]2c1c(O)cc(O)c2c1O[C@H](c1cc(O)c(O)c(O)c1)[C@H](O)C2,,,,
13293,CC(=O)OC1=CC=C(C=C1)C2=CC(=O)C3=C(O2)C=C(C=C3OC(=O)C)OC(=O)C,CC(=O)Oc1ccc(-c2cc(=O)c3c(OC(C)=O)cc(OC(C)=O)cc3o2)cc1,,,,
13294,CC[C@H](CC[C@@H](C)[C@H]1CC[C@@H]2[C@@]1(CC[C@H]3[C@H]2CC[C@@H]4[C@@]3(CC[C@@H](C4)O)C)C)C(C)C,CC[C@H](CC[C@@H](C)[C@H]1CC[C@H]2[C@@H]3CC[C@H]4C[C@@H](O)CC[C@]4(C)[C@H]3CC[C@]12C)C(C)C,,,,
13295,OC=1[C@H](OC(=O)C=1O)[C@H](O)CO,OC[C@@H](O)c1oc(O)c(O)c1O,,,,
13296,C1=CC2=C(C(=C1)O)C(=O)C3=C(C2OC4C(C(C(C(O4)CO)O)O)O)C=C(C=C3O)CO,O=C1c2c(O)cccc2C(OC2OC(CO)C(O)C(O)C2O)c2cc(CO)cc(O)c21,,,,
13297,CC(C)[C@H]1CC2=C(O1)C=CC3=C2O[C@@H]4COC5=CC(=C(C=C5[C@@H]4C3=O)OC)OC,COc1cc2c(cc1OC)C1C(=O)c3ccc4c(c3O[C@@H]1CO2)C[C@H](C(C)C)O4,,,,
13298,COC1=C(C=C(C=C1)C2=C(C(=O)C3=C(O2)C=C(C=C3OC)OC)O)OC,COc1cc(OC)c2c(=O)c(O)c(-c3ccc(OC)c(OC)c3)oc2c1,,,,
13299,C[C@H]1CC[C@@]2([C@H]([C@H]3[C@@H](O2)C[C@@H]4[C@@]3(CC[C@H]5[C@H]4CC[C@H]6[C@@]5(CC[C@@H](C6)O)C)C)C)OC1,C[C@H]1CC[C@@]2(OC1)O[C@H]1C[C@H]3[C@@H]4CC[C@@H]5C[C@@H](O)CC[C@]5(C)[C@H]4CC[C@]3(C)[C@H]1[C@@H]2C,,,,
13300,CC[C@H]1CN2CC[C@H]1C[C@@H]2[C@H](C3=C4C=C(C=CC4=NC=C3)OC)O,CC[C@H]1CN2CC[C@H]1C[C@@H]2[C@@H](O)c1ccnc2ccc(OC)cc12,,,,
19446,C1CSC2=NC(CN21)C3=CC=CC=C3¬¨‚Ä†¬¨‚Ä†,c1ccc(C2CN3CCSC3=N2)cc1,,,,
19447,CN1CCC2=CC(=C(C3=C2[C@@H]1CC4=CC(=C(C=C43)OC)O)OC)O,COc1cc2c(cc1O)C[C@H]1c3c(cc(O)c(OC)c3-2)CCN1C,,,,
19448,COC1=CC(=C(C=C1C/C=C/C2=CC=CC=C2)OC)O,COc1cc(C/C=C/c2ccccc2)c(OC)cc1O,,,,
19449,COC1=CC2=C(C(=O)CC(O2)C3=CC=CC=C3)C(=C1)OC,COc1cc(OC)c2c(c1)OC(c1ccccc1)CC2=O,,,,
19450,C(C(=O)NCC(=O)O)N,NCC(=O)NCC(=O)O,,,,
19882,CC1=CC(=O)OC2=C1C=CC(=C2O)O,Cc1cc(=O)oc2c(O)c(O)ccc12,,,,
19883,C[C@H]1[C@@H]([C@H]([C@H]([C@@H](O1)O[C@H]2CC[C@@]3([C@H]4CC[C@@]5([C@H](CC[C@@]5([C@@H]4CC[C@@]3(C2)O)O)C6=CC(=O)OC6)C)C=O)O)O)O,C[C@@H]1O[C@@H](O[C@H]2CC[C@]3(C=O)[C@H]4CC[C@]5(C)[C@@H](C6=CC(=O)OC6)CC[C@]5(O)[C@@H]4CC[C@]3(O)C2)[C@H](O)[C@H](O)[C@H]1O,,,,
19884,C[C@]12CC[C@](C[C@H]1C3=CC(=O)[C@@H]4[C@]5(CC[C@@H](C([C@@H]5CC[C@]4([C@@]3(CC2)C)C)(C)C)O[C@@H]6[C@@H]([C@H]([C@@H]([C@H](O6)C(=O)O)O)O)O[C@H]7[C@@H]([C@H]([C@@H]([C@H](O7)C(=O)O)O)O)O)C)(C)C(=O)O,CC1(C)[C@@H](O[C@H]2OC(C(=O)O)[C@@H](O)[C@H](O)[C@H]2O[C@@H]2OC(C(=O)O)[C@@H](O)[C@H](O)[C@H]2O)CC[C@]2(C)C3C(=O)C=C4C5C[C@@](C)(C(=O)O)CC[C@]5(C)CC[C@@]4(C)[C@]3(C)CC[C@@H]12,,,,
19885,C1=C(NC(=O)NC1=O)C(=O)O,O=C(O)c1cc(=O)[nH]c(=O)[nH]1,,,,
19886,CC(=O)O[C@@H]1[C@H]2CC[C@@H]3[C@]1(C[C@H]([C@]4([C@H]([C@]3(C)O)C[C@@H](C4(C)C)O)O)O)C[C@@]2(C)O,CC(=O)O[C@@H]1[C@H]2CC[C@H]3[C@@](C)(O)[C@@H]4C[C@H](O)C(C)(C)[C@@]4(O)[C@H](O)C[C@@]13C[C@@]2(C)O,,,,
19887,CC/C=C\C/C=C\C/C=C\C/C=C\C/C=C\CCCC(=O)OCC,CC/C=C\C/C=C\C/C=C\C/C=C\C/C=C\CCCC(=O)OCC,,,,
19888,C1=C(C=C(C(=C1I)O)I)C[C@@H](C(=O)O)N.O.O,NC(Cc1cc(I)c(O)c(I)c1)C(=O)O,,,,
19889,CC1=C(C(=O)C(=C(C1=O)OC)OC)C/C=C(\C)/CC/C=C(\C)/CC/C=C(\C)/CC/C=C(\C)/CC/C=C(\C)/CC/C=C(\C)/CC/C=C(\C)/CC/C=C(\C)/CC/C=C(\C)/CCC=C(C)C,COc1c(O)c(C)c(C=CC(C)=CC/C=C(\C)CC/C=C(\C)CC/C=C(\C)CC/C=C(\C)CC/C=C(\C)CC/C=C(\C)CC/C=C(\C)CC/C=C(\C)CCC=C(C)C)c(O)c1OC,,,,
19890,C([C@@H]1[C@@H]([C@@H]([C@H]([C@@H](O1)O[C@@H]2[C@H](O[C@@H]([C@@H]([C@H]2O)O)O)CO)O)O)O)O.O,OC[C@H]1O[C@@H](O[C@H]2[C@H](O)[C@@H](O)[C@@H](O)O[C@@H]2CO)[C@H](O)[C@@H](O)[C@H]1O,,,,
19891,CC1=CC(=O)C2=C(O1)C(=C(C=C2O)OC)CC=C(C)C,COc1cc(O)c2c(=O)cc(C)oc2c1CC=C(C)C,,,,
19892,CC1=C2C(C(=O)OC3[C@@]2(C(CC1)[C@]4(C=CC(=O)C(C4C3)(C)C)C)C)O,CC1=C2C(O)C(=O)OC3CC4C(C)(C)C(=O)C=C[C@]4(C)C(CC1)[C@]23C,,,,
19893,CC[C@@]12C=CCN3[C@@H]1[C@]4(CC3)[C@H]([C@]([C@@H]2OC(=O)C)(C(=O)OC)O)N(C5=C4C=CC(=C5)OC)C,CC[C@]12C=CCN3CC[C@@]4(c5ccc(OC)cc5N(C)[C@H]4[C@@](O)(C(=O)OC)[C@@H]1OC(C)=O)[C@@H]32,,,,
19894,CC1=C(C(CCC1)(C)C)/C=C/C(=C/C=C/C(=C/C=C/C=C(/C=C/C=C(/C=C/C2=C(CCCC2(C)C)C)\C)\C)/C)/C,CC1=C(/C=C/C(C)=C/C=C/C(C)=C/C=C/C=C(C)/C=C/C=C(C)/C=C/C2=C(C)CCCC2(C)C)C(C)(C)CCC1,,,,
19895,C(=N)(N)N.Cl,N=C(N)N,,,,
19896,CC[C@H](C)[C@@H]1[C@H](C=C[C@@]2(O1)C[C@@H]3C[C@H](O2)C/C=C(/[C@H]([C@H](/C=C/C=C4CO[C@H]5[C@@]4([C@@H](C=C([C@H]5O)C)C(=O)O3)O)C)O[C@H]6C[C@@H]([C@H]([C@@H](O6)C)O[C@H]7C[C@@H]([C@H]([C@@H](O7)C)O)OC)OC)\C)C,CC[C@H](C)[C@H]1O[C@]2(C=C[C@@H]1C)C[C@@H]1C[C@@H](C/C=C(\C)[C@@H](O[C@H]3C[C@H](OC)[C@@H](O[C@H]4C[C@H](OC)[C@@H](O)[C@H](C)O4)[C@H](C)O3)[C@@H](C)/C=C/C=C3CO[C@@H]4[C@H](O)C(C)=CC(C(=O)O1)[C@]34O)O2,,,,
19897,C1C[C@@H]([C@@H]([C@@H]2[C@@H]1CN3CCC4=C([C@@H]3C2)NC5=CC=CC=C45)C(=O)O)O,O=C(O)C1[C@H]2C[C@H]3c4[nH]c5ccccc5c4CCN3C[C@@H]2CC[C@@H]1O,,,,
19898,C[C@H]1[C@@H]([C@H]([C@H]([C@@H](O1)OC[C@@H]2[C@H]([C@@H]([C@H]([C@@H](O2)OC3=CC(=C4C(=C3)OC(=CC4=O)C5=CC(=C(C=C5)OC)O)O)O)O)O)O)O)O,COc1ccc(-c2cc(=O)c3c(O)cc(O[C@@H]4O[C@H](CO[C@@H]5O[C@@H](C)[C@H](O)[C@@H](O)[C@H]5O)[C@@H](O)[C@H](O)[C@H]4O)cc3o2)cc1O,,,,
19899,CN1CCC2=CC3=C(C4=C2[C@@H]1CC5=CC=C(C=C5)OC6=C(C=CC(=C6)C[C@@H]7C8=CC(=C(C=C8CCN7C)OC)O4)OC)OCO3,COc1ccc2cc1Oc1ccc(cc1)C[C@H]1c3c(cc4c(c3Oc3cc5c(cc3OC)CCN(C)[C@@H]5C2)OCO4)CCN1C,,,,
26567,CC1=CC(=O)N(C(=C1)CC(C)CC(C)(C)C)O.C(CO)N,Cc1cc(CC(C)CC(C)(C)C)n(O)c(=O)c1,,,,
26568,COC1=CC=C(C=C1)/C=C/C(=O)C2=CC=CC=C2,COc1ccc(/C=C/C(=O)c2ccccc2)cc1,,,,
26569,C[C@]12CC[C@H]3[C@H]([C@@H]1CCC2=O)CC=C4[C@@]3(CC[C@@H](C4)O)C,C[C@]12CC[C@H](O)CC1=CC[C@@H]1[C@@H]2CC[C@]2(C)C(=O)CC[C@@H]12,,,,
26570,COC1=C(C(=CC=C1)OC)O,COc1cccc(OC)c1O,,,,
26571,CC1=CC(=O)OC2=CC(=C(C=C12)O)O,Cc1cc(=O)oc2cc(O)c(O)cc12,,,,
26572,CC(C)C1=C(C=CC2=C1CC[C@@H]3[C@@]2(CCC(=O)C3(C)C)C)O,CC(C)c1c(O)ccc2c1CC[C@H]1C(C)(C)C(=O)CC[C@]21C,,,,
26573,CN1CCC2=CC3=C(C=C2[C@H]1[C@H]4C5=C(C6=C(C=C5)OCO6)C(=O)O4)OCO3,CN1CCc2cc3c(cc2[C@H]1[C@@H]1OC(=O)c2c1ccc1c2OCO1)OCO3,,,,
26574,CC1=CC(=C(C(=C1C(=O)OC2=C(C(=C(C(=C2)C)C(=O)OC)O)C)O)C=O)O,COC(=O)c1c(C)cc(OC(=O)c2c(C)cc(O)c(C=O)c2O)c(C)c1O,,,,
26575,C1CC(C2C(C1O)COC2=O)O,O=C1OCC2C(O)CCC(O)C12,,,,
26576,C1=CC=C(C(=C1)C2=CC(=O)C3=C(O2)C=CC(=C3)O)O,O=c1cc(-c2ccccc2O)oc2ccc(O)cc12,,,,
26577,CC(CCC=C(C)C)C1CC[C@@]2([C@@]1(CCC3=C2CCC4C3(CC[C@@H](C4(C)C)OC(=O)C)C)C)C,CC(=O)O[C@H]1CCC2(C)C3=C(CCC2C1(C)C)[C@]1(C)CCC(C(C)CCC=C(C)C)[C@@]1(C)CC3,,,,
26578,CC1=CC(=O)OC2=C1C=CC(=C2)O,Cc1cc(=O)oc2cc(O)ccc12,,,,
26579,CC[C@H](C)C(=O)O[C@H]1CCC=C2[C@H]1[C@H]([C@H](C=C2)C)CC[C@@H]3C[C@H](CC(=O)O3)O,CCC(C)C(=O)O[C@H]1CCC=C2C=C[C@H](C)[C@H](CC[C@@H]3C[C@@H](O)CC(=O)O3)[C@H]21,,,,
26580,CC(C)C1=CC2=C(O1)C=CC3=C2O[C@@H]4COC5=CC(=C(C=C5[C@@H]4C3=O)OC)OC,COc1cc2c(cc1OC)C1C(=O)c3ccc4oc(C(C)C)cc4c3O[C@@H]1CO2,,,,
26581,C[C@H]1[C@@H]([C@H]([C@H]([C@@H](O1)O[C@H]2C[C@H]([C@@]3([C@@H]4[C@@H](CC[C@@]3(C2)O)[C@]5(CC[C@@H]([C@]5(C[C@H]4O)C)C6=CC(=O)OC6)O)CO)O)O)O)O.O.O.O.O.O.O.O.O,C[C@@H]1O[C@@H](O[C@H]2C[C@@H](O)[C@]3(CO)[C@H]4[C@H](O)C[C@]5(C)[C@@H](C6=CC(=O)OC6)CC[C@]5(O)[C@@H]4CC[C@]3(O)C2)[C@H](O)[C@H](O)[C@H]1O,,,,
26582,CCC(C)CCCC(=O)N[C@@H](CCN)C(=O)N[C@@H]([C@@H](C)O)C(=O)N[C@@H](CCN)C(=O)N[C@H]1CCNC(=O)[C@@H](NC(=O)[C@@H](NC(=O)[C@@H](NC(=O)[C@@H](NC(=O)[C@H](NC(=O)[C@@H](NC1=O)CCN)CC(C)C)CC(C)C)CCN)CCN)[C@@H](C)O.OS(=O)(=O)O,CCC(C)CCCC(=O)NC(CCN)C(=O)NC(C(=O)NC(CCN)C(=O)NC1CCNC(=O)C([C@@H](C)O)NC(=O)C(CCN)NC(=O)C(CCN)NC(=O)C(CC(C)C)NC(=O)C(CC(C)C)NC(=O)C(CCN)NC1=O)[C@@H](C)O,,,,
26583,CC(=O)O[C@H]1C[C@H](C(C2[C@]1(C3CC[C@]4([C@@H](C(=O)[C@@H]5[C@@]4([C@@]3([C@@H](C2)OC(=O)C)C)O5)C6=COC=C6)C)C)(C)C)OC(=O)C,CC(=O)O[C@H]1C[C@@H](OC(C)=O)C(C)(C)C2C[C@@H](OC(C)=O)[C@]3(C)C(CC[C@@]4(C)C(c5ccoc5)C(=O)C5O[C@]543)[C@]21C,,,,
33266,C1=CC=C(C=C1)C[C@@H](C(=O)O)N¬¨‚Ä†¬¨‚Ä†,NC(Cc1ccccc1)C(=O)O,,,,
33267,[C@@H]1([C@@H]([C@H](O[C@H]([C@H]1O)O)C(=O)[O-])O)O.[Na+],O=C(O)C1O[C@@H](O)[C@@H](O)[C@@H](O)[C@@H]1O,,,,
33268,CN1[C@@H]2CC[C@H]1CC(C2)OC(=O)C(CO)C3=CC=CC=C3,CN1[C@@H]2CC[C@H]1CC(OC(=O)C(CO)c1ccccc1)C2,,,,
33269,CC1=CC(=CC(=C1C(=O)OC2=CC(=C(C(=C2)C)C(=O)O)O)O)OC,COc1cc(C)c(C(=O)Oc2cc(C)c(C(=O)O)c(O)c2)c(O)c1,,,,
33270,C/C/1=C\CC(/C=C/C/C(=C/CC1)/C)(C)C,C/C1=C\CC/C(C)=C/CC(C)(C)/C=C/C1,,,,
33271,C1CCC(CC1)NC(=O)NC2CCCCC2,O=C(NC1CCCCC1)NC1CCCCC1,,,,
33272,C[C@]12CC[C@H](C[C@@H]1CCC3C2CC[C@]4(C3CC[C@@H]4O)C)O,C[C@]12CCC3C(CC[C@H]4C[C@H](O)CC[C@]34C)C1CC[C@@H]2O,,,,
33273,CC1=CC2C(CCC(C2CC1)(C)O)C(C)C,CC1=CC2C(C(C)C)CCC(C)(O)C2CC1,,,,
33274,CC1CCC2C(CC2(C)C)C(=C)CCC1=O,C=C1CCC(=O)C(C)CCC2C1CC2(C)C,,,,
33275,C([C@@H]1[C@H]([C@@H]([C@H]([C@H](O1)O[C@@H]2[C@@H]([C@H]([C@@H]([C@H](O2)CO)O)O)O)O)O)O)O.O.O,OC[C@H]1O[C@H](O[C@H]2O[C@H](CO)[C@@H](O)[C@H](O)[C@H]2O)[C@H](O)[C@@H](O)[C@@H]1O,,,,
33276,CC(=O)O[C@@H]1CC2[C@](C=C[C@H](C2(C)C)O)(C3[C@@]1(C45C(O4)C(=O)O[C@H]([C@@]5(CC3)C)C6=COC=C6)C)C,CC(=O)O[C@@H]1CC2C(C)(C)[C@H](O)C=C[C@]2(C)C2CC[C@@]3(C)[C@H](c4ccoc4)OC(=O)C4OC43[C@@]21C,,,,
33277,COC1=C(C=CC(=C1)C=O)O,COc1cc(C=O)ccc1O,,,,
33278,COC1=CC2=C(C=C1)C(=O)C=CO2,COc1ccc2c(=O)ccoc2c1,,,,
33279,CC(=C)[C@@H]1CC[C@]2([C@H]1[C@H]3CC[C@@H]4[C@]5(CC[C@@H](C([C@@H]5CC[C@]4([C@@]3(CC2)C)C)(C)C)OC(=O)C)C)C,C=C(C)[C@@H]1CC[C@]2(C)CC[C@]3(C)[C@H](CC[C@@H]4[C@@]5(C)CC[C@H](OC(C)=O)C(C)(C)[C@@H]5CC[C@]43C)[C@@H]12,,,,
33280,C(CSSCCN)N.Cl.Cl,NCCSSCCN,,,,
33281,COC1=CC=CC=C1O,COc1ccccc1O,,,,
33282,C[C@@H]1[C@H](OC=C2C1=C(C(=C(C2=O)C(=O)O)O)C)C,CC1=c2c(C)c(O)c(C(=O)O)c(O)c2=CO[C@@H]1C,,,,
33283,CCCCCC(=O)CC1=C(C(=CC(=C1)O)O)C(=O)OC2=CC(=C(C(=C2)OC)C(=O)O)CC(=O)CCCCC,CCCCCC(=O)Cc1cc(O)cc(O)c1C(=O)Oc1cc(CC(=O)CCCCC)c(C(=O)O)c(OC)c1,,,,
33284,CC1(CCOC(=O)C1)O,CC1(O)CCOC(=O)C1,,,,
33285,CC1=CC=C(C=C1)C(=O)C2=CC=C(N2C)CC(=O)[O-].[Na+],Cc1ccc(C(=O)c2ccc(CC(=O)O)n2C)cc1,,,,
33286,C[C@@H](CO)NC(=O)[C@H]1CN([C@@H]2CC3=CNC4=CC=CC(=C34)C2=C1)C.C(=C\C(=O)O)\C(=O)O,C[C@@H](CO)NC(=O)C1C=C2c3cccc4[nH]cc(c34)C[C@H]2N(C)C1,,,,
33287,CC(C)CC1C(=O)NC(C(=O)NC(C(=O)NC(C(=O)NCCC(C(=O)NC(C(=O)NC(C(=O)N1)CC2=CC=CC=C2)CCN)NC(=O)C(CCN)NC(=O)C(CCO)NC(=O)C(CCN)NC=O)CCO)CCN)CCN.OS(=O)(=O)O,CC(C)CC1NC(=O)C(Cc2ccccc2)NC(=O)C(CCN)NC(=O)C(NC(=O)C(CCN)NC(=O)C(CCO)NC(=O)C(CCN)NC=O)CCNC(=O)C(CCO)NC(=O)C(CCN)NC(=O)C(CCN)NC1=O,,,,
33288,C=C1CS[C@@H](N=C1C(=O)O)[C@@H](C(=O)O)NC(=O)CCCC[C@H](C(=O)O)N,C=C1CS[C@H](C(NC(=O)CCCCC(N)C(=O)O)C(=O)O)N=C1C(=O)O,,,,
