source_row,SMILES,Standardized_SMILES,EC_OD600_Rep1,EC_OD600_Rep2,EC_OD600_Mean,EC_Percent_Growth_Inhibition_Mean,EC_Hit_Binarized_at_80_Percent_Growth_Inhibition,AB_OD600_Rep1,AB_OD600_Rep2,AB_OD600_Mean,AB_Percent_Growth_Inhibition_Mean,AB_Hit_Binarized_at_80_Percent_Growth_Inhibition,KP_OD600_Rep1,KP_OD600_Rep2,KP_OD600_Mean,KP_Percent_Growth_Inhibition_Mean,KP_Hit_Binarized_at_80_Percent_Growth_Inhibition,PA_OD600_Rep1,PA_OD600_Rep2,PA_OD600_Mean,PA_Percent_Growth_Inhibition_Mean,PA_Hit_Binarized_at_80_Percent_Growth_Inhibition,Concentration,Concentration Units,canonical_smiles
4473,COc1ccc(c(c1)OC(C)C)C1=N[C@H]([C@H](N1C(=O)N1CCNC(=O)C1)c1ccc(cc1)Cl)c1ccc(cc1)Cl,COc1ccc(C2=N[C@@H](c3ccc(Cl)cc3)[C@@H](c3ccc(Cl)cc3)N2C(=O)N2CCNC(=O)C2)c(OC(C)C)c1,0.989814523,0.994495691,0.992155107,0.067012074,0.0,0.887893594,0.911704635,0.899799115,10.52203692,0.0,0.958260153,0.908590988,0.933425571,7.240379501,0.0,0.99529978,0.972945403,0.984122592,1.587932441,0.0,50,uM,COc1ccc(C2=N[C@@H](c3ccc(Cl)cc3)[C@@H](c3ccc(Cl)cc3)N2C(=O)N2CCNC(=O)C2)c(OC(C)C)c1
4474,COc1ccc(c(c1)OC(C)C)C1=N[C@H]([C@H](N1C(=O)N1CCNC(=O)C1)c1ccc(cc1)Cl)c1ccc(cc1)Cl,COc1ccc(C2=N[C@@H](c3ccc(Cl)cc3)[C@@H](c3ccc(Cl)cc3)N2C(=O)N2CCNC(=O)C2)c(OC(C)C)c1,0.989814523,0.994495691,0.992155107,0.067012074,0.0,0.887893594,0.911704635,0.899799115,10.52203692,0.0,0.958260153,0.908590988,0.933425571,7.240379501,0.0,0.99529978,0.972945403,0.984122592,1.587932441,0.0,50,uM,COc1ccc(C2=N[C@@H](c3ccc(Cl)cc3)[C@@H](c3ccc(Cl)cc3)N2C(=O)N2CCNC(=O)C2)c(OC(C)C)c1
4475,COc1ccc(c(c1)OC(C)C)C1=N[C@H]([C@H](N1C(=O)N1CCNC(=O)C1)c1ccc(cc1)Cl)c1ccc(cc1)Cl,COc1ccc(C2=N[C@@H](c3ccc(Cl)cc3)[C@@H](c3ccc(Cl)cc3)N2C(=O)N2CCNC(=O)C2)c(OC(C)C)c1,0.989814523,0.994495691,0.992155107,0.067012074,0.0,0.887893594,0.911704635,0.899799115,10.52203692,0.0,0.958260153,0.908590988,0.933425571,7.240379501,0.0,0.99529978,0.972945403,0.984122592,1.587932441,0.0,50,uM,COc1ccc(C2=N[C@@H](c3ccc(Cl)cc3)[C@@H](c3ccc(Cl)cc3)N2C(=O)N2CCNC(=O)C2)c(OC(C)C)c1
4476,COc1ccc(c(c1)OC(C)C)C1=N[C@H]([C@H](N1C(=O)N1CCNC(=O)C1)c1ccc(cc1)Cl)c1ccc(cc1)Cl,COc1ccc(C2=N[C@@H](c3ccc(Cl)cc3)[C@@H](c3ccc(Cl)cc3)N2C(=O)N2CCNC(=O)C2)c(OC(C)C)c1,0.989814523,0.994495691,0.992155107,0.067012074,0.0,0.887893594,0.911704635,0.899799115,10.52203692,0.0,0.958260153,0.908590988,0.933425571,7.240379501,0.0,0.99529978,0.972945403,0.984122592,1.587932441,0.0,50,uM,COc1ccc(C2=N[C@@H](c3ccc(Cl)cc3)[C@@H](c3ccc(Cl)cc3)N2C(=O)N2CCNC(=O)C2)c(OC(C)C)c1
4477,COc1ccc(c(c1)OC(C)C)C1=N[C@H]([C@H](N1C(=O)N1CCNC(=O)C1)c1ccc(cc1)Cl)c1ccc(cc1)Cl,COc1ccc(C2=N[C@@H](c3ccc(Cl)cc3)[C@@H](c3ccc(Cl)cc3)N2C(=O)N2CCNC(=O)C2)c(OC(C)C)c1,1.016209001,0.998307103,1.007258052,-1.500092942,0.0,0.887893594,0.911704635,0.899799115,10.52203692,0.0,0.958260153,0.908590988,0.933425571,7.240379501,0.0,0.99529978,0.972945403,0.984122592,1.587932441,0.0,50,uM,COc1ccc(C2=N[C@@H](c3ccc(Cl)cc3)[C@@H](c3ccc(Cl)cc3)N2C(=O)N2CCNC(=O)C2)c(OC(C)C)c1
4478,COc1ccc(c(c1)OC(C)C)C1=N[C@H]([C@H](N1C(=O)N1CCNC(=O)C1)c1ccc(cc1)Cl)c1ccc(cc1)Cl,COc1ccc(C2=N[C@@H](c3ccc(Cl)cc3)[C@@H](c3ccc(Cl)cc3)N2C(=O)N2CCNC(=O)C2)c(OC(C)C)c1,1.016209001,0.998307103,1.007258052,-1.500092942,0.0,0.887893594,0.911704635,0.899799115,10.52203692,0.0,0.958260153,0.908590988,0.933425571,7.240379501,0.0,0.99529978,0.972945403,0.984122592,1.587932441,0.0,50,uM,COc1ccc(C2=N[C@@H](c3ccc(Cl)cc3)[C@@H](c3ccc(Cl)cc3)N2C(=O)N2CCNC(=O)C2)c(OC(C)C)c1
4479,COc1ccc(c(c1)OC(C)C)C1=N[C@H]([C@H](N1C(=O)N1CCNC(=O)C1)c1ccc(cc1)Cl)c1ccc(cc1)Cl,COc1ccc(C2=N[C@@H](c3ccc(Cl)cc3)[C@@H](c3ccc(Cl)cc3)N2C(=O)N2CCNC(=O)C2)c(OC(C)C)c1,1.016209001,0.998307103,1.007258052,-1.500092942,0.0,0.887893594,0.911704635,0.899799115,10.52203692,0.0,0.958260153,0.908590988,0.933425571,7.240379501,0.0,0.99529978,0.972945403,0.984122592,1.587932441,0.0,50,uM,COc1ccc(C2=N[C@@H](c3ccc(Cl)cc3)[C@@H](c3ccc(Cl)cc3)N2C(=O)N2CCNC(=O)C2)c(OC(C)C)c1
4480,COc1ccc(c(c1)OC(C)C)C1=N[C@H]([C@H](N1C(=O)N1CCNC(=O)C1)c1ccc(cc1)Cl)c1ccc(cc1)Cl,COc1ccc(C2=N[C@@H](c3ccc(Cl)cc3)[C@@H](c3ccc(Cl)cc3)N2C(=O)N2CCNC(=O)C2)c(OC(C)C)c1,1.016209001,0.998307103,1.007258052,-1.500092942,0.0,0.887893594,0.911704635,0.899799115,10.52203692,0.0,0.958260153,0.908590988,0.933425571,7.240379501,0.0,0.99529978,0.972945403,0.984122592,1.587932441,0.0,50,uM,COc1ccc(C2=N[C@@H](c3ccc(Cl)cc3)[C@@H](c3ccc(Cl)cc3)N2C(=O)N2CCNC(=O)C2)c(OC(C)C)c1
4481,COc1ccc(c(c1)OC(C)C)C1=N[C@H]([C@H](N1C(=O)N1CCNC(=O)C1)c1ccc(cc1)Cl)c1ccc(cc1)Cl,COc1ccc(C2=N[C@@H](c3ccc(Cl)cc3)[C@@H](c3ccc(Cl)cc3)N2C(=O)N2CCNC(=O)C2)c(OC(C)C)c1,0.989814523,0.994495691,0.992155107,0.067012074,0.0,0.887893594,0.911704635,0.899799115,10.52203692,0.0,0.958260153,0.908590988,0.933425571,7.240379501,0.0,1.011866972,0.961064607,0.986465789,1.344719579,0.0,50,uM,COc1ccc(C2=N[C@@H](c3ccc(Cl)cc3)[C@@H](c3ccc(Cl)cc3)N2C(=O)N2CCNC(=O)C2)c(OC(C)C)c1
4482,COc1ccc(c(c1)OC(C)C)C1=N[C@H]([C@H](N1C(=O)N1CCNC(=O)C1)c1ccc(cc1)Cl)c1ccc(cc1)Cl,COc1ccc(C2=N[C@@H](c3ccc(Cl)cc3)[C@@H](c3ccc(Cl)cc3)N2C(=O)N2CCNC(=O)C2)c(OC(C)C)c1,0.989814523,0.994495691,0.992155107,0.067012074,0.0,0.887893594,0.911704635,0.899799115,10.52203692,0.0,0.958260153,0.908590988,0.933425571,7.240379501,0.0,1.011866972,0.961064607,0.986465789,1.344719579,0.0,50,uM,COc1ccc(C2=N[C@@H](c3ccc(Cl)cc3)[C@@H](c3ccc(Cl)cc3)N2C(=O)N2CCNC(=O)C2)c(OC(C)C)c1
4483,COc1ccc(c(c1)OC(C)C)C1=N[C@H]([C@H](N1C(=O)N1CCNC(=O)C1)c1ccc(cc1)Cl)c1ccc(cc1)Cl,COc1ccc(C2=N[C@@H](c3ccc(Cl)cc3)[C@@H](c3ccc(Cl)cc3)N2C(=O)N2CCNC(=O)C2)c(OC(C)C)c1,0.989814523,0.994495691,0.992155107,0.067012074,0.0,0.887893594,0.911704635,0.899799115,10.52203692,0.0,0.958260153,0.908590988,0.933425571,7.240379501,0.0,1.011866972,0.961064607,0.986465789,1.344719579,0.0,50,uM,COc1ccc(C2=N[C@@H](c3ccc(Cl)cc3)[C@@H](c3ccc(Cl)cc3)N2C(=O)N2CCNC(=O)C2)c(OC(C)C)c1
4484,COc1ccc(c(c1)OC(C)C)C1=N[C@H]([C@H](N1C(=O)N1CCNC(=O)C1)c1ccc(cc1)Cl)c1ccc(cc1)Cl,COc1ccc(C2=N[C@@H](c3ccc(Cl)cc3)[C@@H](c3ccc(Cl)cc3)N2C(=O)N2CCNC(=O)C2)c(OC(C)C)c1,0.989814523,0.994495691,0.992155107,0.067012074,0.0,0.887893594,0.911704635,0.899799115,10.52203692,0.0,0.958260153,0.908590988,0.933425571,7.240379501,0.0,1.011866972,0.961064607,0.986465789,1.344719579,0.0,50,uM,COc1ccc(C2=N[C@@H](c3ccc(Cl)cc3)[C@@H](c3ccc(Cl)cc3)N2C(=O)N2CCNC(=O)C2)c(OC(C)C)c1
4485,COc1ccc(c(c1)OC(C)C)C1=N[C@H]([C@H](N1C(=O)N1CCNC(=O)C1)c1ccc(cc1)Cl)c1ccc(cc1)Cl,COc1ccc(C2=N[C@@H](c3ccc(Cl)cc3)[C@@H](c3ccc(Cl)cc3)N2C(=O)N2CCNC(=O)C2)c(OC(C)C)c1,1.016209001,0.998307103,1.007258052,-1.500092942,0.0,0.887893594,0.911704635,0.899799115,10.52203692,0.0,0.958260153,0.908590988,0.933425571,7.240379501,0.0,1.011866972,0.961064607,0.986465789,1.344719579,0.0,50,uM,COc1ccc(C2=N[C@@H](c3ccc(Cl)cc3)[C@@H](c3ccc(Cl)cc3)N2C(=O)N2CCNC(=O)C2)c(OC(C)C)c1
4486,COc1ccc(c(c1)OC(C)C)C1=N[C@H]([C@H](N1C(=O)N1CCNC(=O)C1)c1ccc(cc1)Cl)c1ccc(cc1)Cl,COc1ccc(C2=N[C@@H](c3ccc(Cl)cc3)[C@@H](c3ccc(Cl)cc3)N2C(=O)N2CCNC(=O)C2)c(OC(C)C)c1,1.016209001,0.998307103,1.007258052,-1.500092942,0.0,0.887893594,0.911704635,0.899799115,10.52203692,0.0,0.958260153,0.908590988,0.933425571,7.240379501,0.0,1.011866972,0.961064607,0.986465789,1.344719579,0.0,50,uM,COc1ccc(C2=N[C@@H](c3ccc(Cl)cc3)[C@@H](c3ccc(Cl)cc3)N2C(=O)N2CCNC(=O)C2)c(OC(C)C)c1
4487,COc1ccc(c(c1)OC(C)C)C1=N[C@H]([C@H](N1C(=O)N1CCNC(=O)C1)c1ccc(cc1)Cl)c1ccc(cc1)Cl,COc1ccc(C2=N[C@@H](c3ccc(Cl)cc3)[C@@H](c3ccc(Cl)cc3)N2C(=O)N2CCNC(=O)C2)c(OC(C)C)c1,1.016209001,0.998307103,1.007258052,-1.500092942,0.0,0.887893594,0.911704635,0.899799115,10.52203692,0.0,0.958260153,0.908590988,0.933425571,7.240379501,0.0,1.011866972,0.961064607,0.986465789,1.344719579,0.0,50,uM,COc1ccc(C2=N[C@@H](c3ccc(Cl)cc3)[C@@H](c3ccc(Cl)cc3)N2C(=O)N2CCNC(=O)C2)c(OC(C)C)c1
4488,COc1ccc(c(c1)OC(C)C)C1=N[C@H]([C@H](N1C(=O)N1CCNC(=O)C1)c1ccc(cc1)Cl)c1ccc(cc1)Cl,COc1ccc(C2=N[C@@H](c3ccc(Cl)cc3)[C@@H](c3ccc(Cl)cc3)N2C(=O)N2CCNC(=O)C2)c(OC(C)C)c1,1.016209001,0.998307103,1.007258052,-1.500092942,0.0,0.887893594,0.911704635,0.899799115,10.52203692,0.0,0.958260153,0.908590988,0.933425571,7.240379501,0.0,1.011866972,0.961064607,0.986465789,1.344719579,0.0,50,uM,COc1ccc(C2=N[C@@H](c3ccc(Cl)cc3)[C@@H](c3ccc(Cl)cc3)N2C(=O)N2CCNC(=O)C2)c(OC(C)C)c1
4489,COc1ccc(c(c1)OC(C)C)C1=N[C@H]([C@H](N1C(=O)N1CCNC(=O)C1)c1ccc(cc1)Cl)c1ccc(cc1)Cl,COc1ccc(C2=N[C@@H](c3ccc(Cl)cc3)[C@@H](c3ccc(Cl)cc3)N2C(=O)N2CCNC(=O)C2)c(OC(C)C)c1,0.989814523,0.994495691,0.992155107,0.067012074,0.0,0.700541786,0.551355749,0.625948768,39.70603693,0.0,0.958260153,0.908590988,0.933425571,7.240379501,0.0,0.99529978,0.972945403,0.984122592,1.587932441,0.0,50,uM,COc1ccc(C2=N[C@@H](c3ccc(Cl)cc3)[C@@H](c3ccc(Cl)cc3)N2C(=O)N2CCNC(=O)C2)c(OC(C)C)c1
4490,COc1ccc(c(c1)OC(C)C)C1=N[C@H]([C@H](N1C(=O)N1CCNC(=O)C1)c1ccc(cc1)Cl)c1ccc(cc1)Cl,COc1ccc(C2=N[C@@H](c3ccc(Cl)cc3)[C@@H](c3ccc(Cl)cc3)N2C(=O)N2CCNC(=O)C2)c(OC(C)C)c1,0.989814523,0.994495691,0.992155107,0.067012074,0.0,0.700541786,0.551355749,0.625948768,39.70603693,0.0,0.958260153,0.908590988,0.933425571,7.240379501,0.0,0.99529978,0.972945403,0.984122592,1.587932441,0.0,50,uM,COc1ccc(C2=N[C@@H](c3ccc(Cl)cc3)[C@@H](c3ccc(Cl)cc3)N2C(=O)N2CCNC(=O)C2)c(OC(C)C)c1
4491,COc1ccc(c(c1)OC(C)C)C1=N[C@H]([C@H](N1C(=O)N1CCNC(=O)C1)c1ccc(cc1)Cl)c1ccc(cc1)Cl,COc1ccc(C2=N[C@@H](c3ccc(Cl)cc3)[C@@H](c3ccc(Cl)cc3)N2C(=O)N2CCNC(=O)C2)c(OC(C)C)c1,0.989814523,0.994495691,0.992155107,0.067012074,0.0,0.700541786,0.551355749,0.625948768,39.70603693,0.0,0.958260153,0.908590988,0.933425571,7.240379501,0.0,0.99529978,0.972945403,0.984122592,1.587932441,0.0,50,uM,COc1ccc(C2=N[C@@H](c3ccc(Cl)cc3)[C@@H](c3ccc(Cl)cc3)N2C(=O)N2CCNC(=O)C2)c(OC(C)C)c1
4492,COc1ccc(c(c1)OC(C)C)C1=N[C@H]([C@H](N1C(=O)N1CCNC(=O)C1)c1ccc(cc1)Cl)c1ccc(cc1)Cl,COc1ccc(C2=N[C@@H](c3ccc(Cl)cc3)[C@@H](c3ccc(Cl)cc3)N2C(=O)N2CCNC(=O)C2)c(OC(C)C)c1,0.989814523,0.994495691,0.992155107,0.067012074,0.0,0.700541786,0.551355749,0.625948768,39.70603693,0.0,0.958260153,0.908590988,0.933425571,7.240379501,0.0,0.99529978,0.972945403,0.984122592,1.587932441,0.0,50,uM,COc1ccc(C2=N[C@@H](c3ccc(Cl)cc3)[C@@H](c3ccc(Cl)cc3)N2C(=O)N2CCNC(=O)C2)c(OC(C)C)c1
4493,COc1ccc(c(c1)OC(C)C)C1=N[C@H]([C@H](N1C(=O)N1CCNC(=O)C1)c1ccc(cc1)Cl)c1ccc(cc1)Cl,COc1ccc(C2=N[C@@H](c3ccc(Cl)cc3)[C@@H](c3ccc(Cl)cc3)N2C(=O)N2CCNC(=O)C2)c(OC(C)C)c1,1.016209001,0.998307103,1.007258052,-1.500092942,0.0,0.700541786,0.551355749,0.625948768,39.70603693,0.0,0.958260153,0.908590988,0.933425571,7.240379501,0.0,0.99529978,0.972945403,0.984122592,1.587932441,0.0,50,uM,COc1ccc(C2=N[C@@H](c3ccc(Cl)cc3)[C@@H](c3ccc(Cl)cc3)N2C(=O)N2CCNC(=O)C2)c(OC(C)C)c1
4494,COc1ccc(c(c1)OC(C)C)C1=N[C@H]([C@H](N1C(=O)N1CCNC(=O)C1)c1ccc(cc1)Cl)c1ccc(cc1)Cl,COc1ccc(C2=N[C@@H](c3ccc(Cl)cc3)[C@@H](c3ccc(Cl)cc3)N2C(=O)N2CCNC(=O)C2)c(OC(C)C)c1,1.016209001,0.998307103,1.007258052,-1.500092942,0.0,0.700541786,0.551355749,0.625948768,39.70603693,0.0,0.958260153,0.908590988,0.933425571,7.240379501,0.0,0.99529978,0.972945403,0.984122592,1.587932441,0.0,50,uM,COc1ccc(C2=N[C@@H](c3ccc(Cl)cc3)[C@@H](c3ccc(Cl)cc3)N2C(=O)N2CCNC(=O)C2)c(OC(C)C)c1
4495,COc1ccc(c(c1)OC(C)C)C1=N[C@H]([C@H](N1C(=O)N1CCNC(=O)C1)c1ccc(cc1)Cl)c1ccc(cc1)Cl,COc1ccc(C2=N[C@@H](c3ccc(Cl)cc3)[C@@H](c3ccc(Cl)cc3)N2C(=O)N2CCNC(=O)C2)c(OC(C)C)c1,1.016209001,0.998307103,1.007258052,-1.500092942,0.0,0.700541786,0.551355749,0.625948768,39.70603693,0.0,0.958260153,0.908590988,0.933425571,7.240379501,0.0,0.99529978,0.972945403,0.984122592,1.587932441,0.0,50,uM,COc1ccc(C2=N[C@@H](c3ccc(Cl)cc3)[C@@H](c3ccc(Cl)cc3)N2C(=O)N2CCNC(=O)C2)c(OC(C)C)c1
4496,COc1ccc(c(c1)OC(C)C)C1=N[C@H]([C@H](N1C(=O)N1CCNC(=O)C1)c1ccc(cc1)Cl)c1ccc(cc1)Cl,COc1ccc(C2=N[C@@H](c3ccc(Cl)cc3)[C@@H](c3ccc(Cl)cc3)N2C(=O)N2CCNC(=O)C2)c(OC(C)C)c1,1.016209001,0.998307103,1.007258052,-1.500092942,0.0,0.700541786,0.551355749,0.625948768,39.70603693,0.0,0.958260153,0.908590988,0.933425571,7.240379501,0.0,0.99529978,0.972945403,0.984122592,1.587932441,0.0,50,uM,COc1ccc(C2=N[C@@H](c3ccc(Cl)cc3)[C@@H](c3ccc(Cl)cc3)N2C(=O)N2CCNC(=O)C2)c(OC(C)C)c1
4497,COc1ccc(c(c1)OC(C)C)C1=N[C@H]([C@H](N1C(=O)N1CCNC(=O)C1)c1ccc(cc1)Cl)c1ccc(cc1)Cl,COc1ccc(C2=N[C@@H](c3ccc(Cl)cc3)[C@@H](c3ccc(Cl)cc3)N2C(=O)N2CCNC(=O)C2)c(OC(C)C)c1,0.989814523,0.994495691,0.992155107,0.067012074,0.0,0.700541786,0.551355749,0.625948768,39.70603693,0.0,0.958260153,0.908590988,0.933425571,7.240379501,0.0,1.011866972,0.961064607,0.986465789,1.344719579,0.0,50,uM,COc1ccc(C2=N[C@@H](c3ccc(Cl)cc3)[C@@H](c3ccc(Cl)cc3)N2C(=O)N2CCNC(=O)C2)c(OC(C)C)c1
4498,COc1ccc(c(c1)OC(C)C)C1=N[C@H]([C@H](N1C(=O)N1CCNC(=O)C1)c1ccc(cc1)Cl)c1ccc(cc1)Cl,COc1ccc(C2=N[C@@H](c3ccc(Cl)cc3)[C@@H](c3ccc(Cl)cc3)N2C(=O)N2CCNC(=O)C2)c(OC(C)C)c1,0.989814523,0.994495691,0.992155107,0.067012074,0.0,0.700541786,0.551355749,0.625948768,39.70603693,0.0,0.958260153,0.908590988,0.933425571,7.240379501,0.0,1.011866972,0.961064607,0.986465789,1.344719579,0.0,50,uM,COc1ccc(C2=N[C@@H](c3ccc(Cl)cc3)[C@@H](c3ccc(Cl)cc3)N2C(=O)N2CCNC(=O)C2)c(OC(C)C)c1
4499,COc1ccc(c(c1)OC(C)C)C1=N[C@H]([C@H](N1C(=O)N1CCNC(=O)C1)c1ccc(cc1)Cl)c1ccc(cc1)Cl,COc1ccc(C2=N[C@@H](c3ccc(Cl)cc3)[C@@H](c3ccc(Cl)cc3)N2C(=O)N2CCNC(=O)C2)c(OC(C)C)c1,0.989814523,0.994495691,0.992155107,0.067012074,0.0,0.700541786,0.551355749,0.625948768,39.70603693,0.0,0.958260153,0.908590988,0.933425571,7.240379501,0.0,1.011866972,0.961064607,0.986465789,1.344719579,0.0,50,uM,COc1ccc(C2=N[C@@H](c3ccc(Cl)cc3)[C@@H](c3ccc(Cl)cc3)N2C(=O)N2CCNC(=O)C2)c(OC(C)C)c1
4500,COc1ccc(c(c1)OC(C)C)C1=N[C@H]([C@H](N1C(=O)N1CCNC(=O)C1)c1ccc(cc1)Cl)c1ccc(cc1)Cl,COc1ccc(C2=N[C@@H](c3ccc(Cl)cc3)[C@@H](c3ccc(Cl)cc3)N2C(=O)N2CCNC(=O)C2)c(OC(C)C)c1,0.989814523,0.994495691,0.992155107,0.067012074,0.0,0.700541786,0.551355749,0.625948768,39.70603693,0.0,0.958260153,0.908590988,0.933425571,7.240379501,0.0,1.011866972,0.961064607,0.986465789,1.344719579,0.0,50,uM,COc1ccc(C2=N[C@@H](c3ccc(Cl)cc3)[C@@H](c3ccc(Cl)cc3)N2C(=O)N2CCNC(=O)C2)c(OC(C)C)c1
4501,COc1ccc(c(c1)OC(C)C)C1=N[C@H]([C@H](N1C(=O)N1CCNC(=O)C1)c1ccc(cc1)Cl)c1ccc(cc1)Cl,COc1ccc(C2=N[C@@H](c3ccc(Cl)cc3)[C@@H](c3ccc(Cl)cc3)N2C(=O)N2CCNC(=O)C2)c(OC(C)C)c1,1.016209001,0.998307103,1.007258052,-1.500092942,0.0,0.700541786,0.551355749,0.625948768,39.70603693,0.0,0.958260153,0.908590988,0.933425571,7.240379501,0.0,1.011866972,0.961064607,0.986465789,1.344719579,0.0,50,uM,COc1ccc(C2=N[C@@H](c3ccc(Cl)cc3)[C@@H](c3ccc(Cl)cc3)N2C(=O)N2CCNC(=O)C2)c(OC(C)C)c1
4502,COc1ccc(c(c1)OC(C)C)C1=N[C@H]([C@H](N1C(=O)N1CCNC(=O)C1)c1ccc(cc1)Cl)c1ccc(cc1)Cl,COc1ccc(C2=N[C@@H](c3ccc(Cl)cc3)[C@@H](c3ccc(Cl)cc3)N2C(=O)N2CCNC(=O)C2)c(OC(C)C)c1,1.016209001,0.998307103,1.007258052,-1.500092942,0.0,0.700541786,0.551355749,0.625948768,39.70603693,0.0,0.958260153,0.908590988,0.933425571,7.240379501,0.0,1.011866972,0.961064607,0.986465789,1.344719579,0.0,50,uM,COc1ccc(C2=N[C@@H](c3ccc(Cl)cc3)[C@@H](c3ccc(Cl)cc3)N2C(=O)N2CCNC(=O)C2)c(OC(C)C)c1
4503,COc1ccc(c(c1)OC(C)C)C1=N[C@H]([C@H](N1C(=O)N1CCNC(=O)C1)c1ccc(cc1)Cl)c1ccc(cc1)Cl,COc1ccc(C2=N[C@@H](c3ccc(Cl)cc3)[C@@H](c3ccc(Cl)cc3)N2C(=O)N2CCNC(=O)C2)c(OC(C)C)c1,1.016209001,0.998307103,1.007258052,-1.500092942,0.0,0.700541786,0.551355749,0.625948768,39.70603693,0.0,0.958260153,0.908590988,0.933425571,7.240379501,0.0,1.011866972,0.961064607,0.986465789,1.344719579,0.0,50,uM,COc1ccc(C2=N[C@@H](c3ccc(Cl)cc3)[C@@H](c3ccc(Cl)cc3)N2C(=O)N2CCNC(=O)C2)c(OC(C)C)c1
4504,COc1ccc(c(c1)OC(C)C)C1=N[C@H]([C@H](N1C(=O)N1CCNC(=O)C1)c1ccc(cc1)Cl)c1ccc(cc1)Cl,COc1ccc(C2=N[C@@H](c3ccc(Cl)cc3)[C@@H](c3ccc(Cl)cc3)N2C(=O)N2CCNC(=O)C2)c(OC(C)C)c1,1.016209001,0.998307103,1.007258052,-1.500092942,0.0,0.700541786,0.551355749,0.625948768,39.70603693,0.0,0.958260153,0.908590988,0.933425571,7.240379501,0.0,1.011866972,0.961064607,0.986465789,1.344719579,0.0,50,uM,COc1ccc(C2=N[C@@H](c3ccc(Cl)cc3)[C@@H](c3ccc(Cl)cc3)N2C(=O)N2CCNC(=O)C2)c(OC(C)C)c1
4505,COc1ccc(c(c1)OC(C)C)C1=N[C@H]([C@H](N1C(=O)N1CCNC(=O)C1)c1ccc(cc1)Cl)c1ccc(cc1)Cl,COc1ccc(C2=N[C@@H](c3ccc(Cl)cc3)[C@@H](c3ccc(Cl)cc3)N2C(=O)N2CCNC(=O)C2)c(OC(C)C)c1,0.989814523,0.994495691,0.992155107,0.067012074,0.0,0.887893594,0.911704635,0.899799115,10.52203692,0.0,0.997640139,0.933404409,0.965522274,3.899653433,0.0,0.99529978,0.972945403,0.984122592,1.587932441,0.0,50,uM,COc1ccc(C2=N[C@@H](c3ccc(Cl)cc3)[C@@H](c3ccc(Cl)cc3)N2C(=O)N2CCNC(=O)C2)c(OC(C)C)c1
4506,COc1ccc(c(c1)OC(C)C)C1=N[C@H]([C@H](N1C(=O)N1CCNC(=O)C1)c1ccc(cc1)Cl)c1ccc(cc1)Cl,COc1ccc(C2=N[C@@H](c3ccc(Cl)cc3)[C@@H](c3ccc(Cl)cc3)N2C(=O)N2CCNC(=O)C2)c(OC(C)C)c1,0.989814523,0.994495691,0.992155107,0.067012074,0.0,0.887893594,0.911704635,0.899799115,10.52203692,0.0,0.997640139,0.933404409,0.965522274,3.899653433,0.0,0.99529978,0.972945403,0.984122592,1.587932441,0.0,50,uM,COc1ccc(C2=N[C@@H](c3ccc(Cl)cc3)[C@@H](c3ccc(Cl)cc3)N2C(=O)N2CCNC(=O)C2)c(OC(C)C)c1
4507,COc1ccc(c(c1)OC(C)C)C1=N[C@H]([C@H](N1C(=O)N1CCNC(=O)C1)c1ccc(cc1)Cl)c1ccc(cc1)Cl,COc1ccc(C2=N[C@@H](c3ccc(Cl)cc3)[C@@H](c3ccc(Cl)cc3)N2C(=O)N2CCNC(=O)C2)c(OC(C)C)c1,0.989814523,0.994495691,0.992155107,0.067012074,0.0,0.887893594,0.911704635,0.899799115,10.52203692,0.0,0.997640139,0.933404409,0.965522274,3.899653433,0.0,0.99529978,0.972945403,0.984122592,1.587932441,0.0,50,uM,COc1ccc(C2=N[C@@H](c3ccc(Cl)cc3)[C@@H](c3ccc(Cl)cc3)N2C(=O)N2CCNC(=O)C2)c(OC(C)C)c1
4508,COc1ccc(c(c1)OC(C)C)C1=N[C@H]([C@H](N1C(=O)N1CCNC(=O)C1)c1ccc(cc1)Cl)c1ccc(cc1)Cl,COc1ccc(C2=N[C@@H](c3ccc(Cl)cc3)[C@@H](c3ccc(Cl)cc3)N2C(=O)N2CCNC(=O)C2)c(OC(C)C)c1,0.989814523,0.994495691,0.992155107,0.067012074,0.0,0.887893594,0.911704635,0.899799115,10.52203692,0.0,0.997640139,0.933404409,0.965522274,3.899653433,0.0,0.99529978,0.972945403,0.984122592,1.587932441,0.0,50,uM,COc1ccc(C2=N[C@@H](c3ccc(Cl)cc3)[C@@H](c3ccc(Cl)cc3)N2C(=O)N2CCNC(=O)C2)c(OC(C)C)c1
4509,COc1ccc(c(c1)OC(C)C)C1=N[C@H]([C@H](N1C(=O)N1CCNC(=O)C1)c1ccc(cc1)Cl)c1ccc(cc1)Cl,COc1ccc(C2=N[C@@H](c3ccc(Cl)cc3)[C@@H](c3ccc(Cl)cc3)N2C(=O)N2CCNC(=O)C2)c(OC(C)C)c1,1.016209001,0.998307103,1.007258052,-1.500092942,0.0,0.887893594,0.911704635,0.899799115,10.52203692,0.0,0.997640139,0.933404409,0.965522274,3.899653433,0.0,0.99529978,0.972945403,0.984122592,1.587932441,0.0,50,uM,COc1ccc(C2=N[C@@H](c3ccc(Cl)cc3)[C@@H](c3ccc(Cl)cc3)N2C(=O)N2CCNC(=O)C2)c(OC(C)C)c1
4510,COc1ccc(c(c1)OC(C)C)C1=N[C@H]([C@H](N1C(=O)N1CCNC(=O)C1)c1ccc(cc1)Cl)c1ccc(cc1)Cl,COc1ccc(C2=N[C@@H](c3ccc(Cl)cc3)[C@@H](c3ccc(Cl)cc3)N2C(=O)N2CCNC(=O)C2)c(OC(C)C)c1,1.016209001,0.998307103,1.007258052,-1.500092942,0.0,0.887893594,0.911704635,0.899799115,10.52203692,0.0,0.997640139,0.933404409,0.965522274,3.899653433,0.0,0.99529978,0.972945403,0.984122592,1.587932441,0.0,50,uM,COc1ccc(C2=N[C@@H](c3ccc(Cl)cc3)[C@@H](c3ccc(Cl)cc3)N2C(=O)N2CCNC(=O)C2)c(OC(C)C)c1
4511,COc1ccc(c(c1)OC(C)C)C1=N[C@H]([C@H](N1C(=O)N1CCNC(=O)C1)c1ccc(cc1)Cl)c1ccc(cc1)Cl,COc1ccc(C2=N[C@@H](c3ccc(Cl)cc3)[C@@H](c3ccc(Cl)cc3)N2C(=O)N2CCNC(=O)C2)c(OC(C)C)c1,1.016209001,0.998307103,1.007258052,-1.500092942,0.0,0.887893594,0.911704635,0.899799115,10.52203692,0.0,0.997640139,0.933404409,0.965522274,3.899653433,0.0,0.99529978,0.972945403,0.984122592,1.587932441,0.0,50,uM,COc1ccc(C2=N[C@@H](c3ccc(Cl)cc3)[C@@H](c3ccc(Cl)cc3)N2C(=O)N2CCNC(=O)C2)c(OC(C)C)c1
4512,COc1ccc(c(c1)OC(C)C)C1=N[C@H]([C@H](N1C(=O)N1CCNC(=O)C1)c1ccc(cc1)Cl)c1ccc(cc1)Cl,COc1ccc(C2=N[C@@H](c3ccc(Cl)cc3)[C@@H](c3ccc(Cl)cc3)N2C(=O)N2CCNC(=O)C2)c(OC(C)C)c1,1.016209001,0.998307103,1.007258052,-1.500092942,0.0,0.887893594,0.911704635,0.899799115,10.52203692,0.0,0.997640139,0.933404409,0.965522274,3.899653433,0.0,0.99529978,0.972945403,0.984122592,1.587932441,0.0,50,uM,COc1ccc(C2=N[C@@H](c3ccc(Cl)cc3)[C@@H](c3ccc(Cl)cc3)N2C(=O)N2CCNC(=O)C2)c(OC(C)C)c1
4513,COc1ccc(c(c1)OC(C)C)C1=N[C@H]([C@H](N1C(=O)N1CCNC(=O)C1)c1ccc(cc1)Cl)c1ccc(cc1)Cl,COc1ccc(C2=N[C@@H](c3ccc(Cl)cc3)[C@@H](c3ccc(Cl)cc3)N2C(=O)N2CCNC(=O)C2)c(OC(C)C)c1,0.989814523,0.994495691,0.992155107,0.067012074,0.0,0.887893594,0.911704635,0.899799115,10.52203692,0.0,0.997640139,0.933404409,0.965522274,3.899653433,0.0,1.011866972,0.961064607,0.986465789,1.344719579,0.0,50,uM,COc1ccc(C2=N[C@@H](c3ccc(Cl)cc3)[C@@H](c3ccc(Cl)cc3)N2C(=O)N2CCNC(=O)C2)c(OC(C)C)c1
4514,COc1ccc(c(c1)OC(C)C)C1=N[C@H]([C@H](N1C(=O)N1CCNC(=O)C1)c1ccc(cc1)Cl)c1ccc(cc1)Cl,COc1ccc(C2=N[C@@H](c3ccc(Cl)cc3)[C@@H](c3ccc(Cl)cc3)N2C(=O)N2CCNC(=O)C2)c(OC(C)C)c1,0.989814523,0.994495691,0.992155107,0.067012074,0.0,0.887893594,0.911704635,0.899799115,10.52203692,0.0,0.997640139,0.933404409,0.965522274,3.899653433,0.0,1.011866972,0.961064607,0.986465789,1.344719579,0.0,50,uM,COc1ccc(C2=N[C@@H](c3ccc(Cl)cc3)[C@@H](c3ccc(Cl)cc3)N2C(=O)N2CCNC(=O)C2)c(OC(C)C)c1
4515,COc1ccc(c(c1)OC(C)C)C1=N[C@H]([C@H](N1C(=O)N1CCNC(=O)C1)c1ccc(cc1)Cl)c1ccc(cc1)Cl,COc1ccc(C2=N[C@@H](c3ccc(Cl)cc3)[C@@H](c3ccc(Cl)cc3)N2C(=O)N2CCNC(=O)C2)c(OC(C)C)c1,0.989814523,0.994495691,0.992155107,0.067012074,0.0,0.887893594,0.911704635,0.899799115,10.52203692,0.0,0.997640139,0.933404409,0.965522274,3.899653433,0.0,1.011866972,0.961064607,0.986465789,1.344719579,0.0,50,uM,COc1ccc(C2=N[C@@H](c3ccc(Cl)cc3)[C@@H](c3ccc(Cl)cc3)N2C(=O)N2CCNC(=O)C2)c(OC(C)C)c1
4516,COc1ccc(c(c1)OC(C)C)C1=N[C@H]([C@H](N1C(=O)N1CCNC(=O)C1)c1ccc(cc1)Cl)c1ccc(cc1)Cl,COc1ccc(C2=N[C@@H](c3ccc(Cl)cc3)[C@@H](c3ccc(Cl)cc3)N2C(=O)N2CCNC(=O)C2)c(OC(C)C)c1,0.989814523,0.994495691,0.992155107,0.067012074,0.0,0.887893594,0.911704635,0.899799115,10.52203692,0.0,0.997640139,0.933404409,0.965522274,3.899653433,0.0,1.011866972,0.961064607,0.986465789,1.344719579,0.0,50,uM,COc1ccc(C2=N[C@@H](c3ccc(Cl)cc3)[C@@H](c3ccc(Cl)cc3)N2C(=O)N2CCNC(=O)C2)c(OC(C)C)c1
4517,COc1ccc(c(c1)OC(C)C)C1=N[C@H]([C@H](N1C(=O)N1CCNC(=O)C1)c1ccc(cc1)Cl)c1ccc(cc1)Cl,COc1ccc(C2=N[C@@H](c3ccc(Cl)cc3)[C@@H](c3ccc(Cl)cc3)N2C(=O)N2CCNC(=O)C2)c(OC(C)C)c1,1.016209001,0.998307103,1.007258052,-1.500092942,0.0,0.887893594,0.911704635,0.899799115,10.52203692,0.0,0.997640139,0.933404409,0.965522274,3.899653433,0.0,1.011866972,0.961064607,0.986465789,1.344719579,0.0,50,uM,COc1ccc(C2=N[C@@H](c3ccc(Cl)cc3)[C@@H](c3ccc(Cl)cc3)N2C(=O)N2CCNC(=O)C2)c(OC(C)C)c1
4518,COc1ccc(c(c1)OC(C)C)C1=N[C@H]([C@H](N1C(=O)N1CCNC(=O)C1)c1ccc(cc1)Cl)c1ccc(cc1)Cl,COc1ccc(C2=N[C@@H](c3ccc(Cl)cc3)[C@@H](c3ccc(Cl)cc3)N2C(=O)N2CCNC(=O)C2)c(OC(C)C)c1,1.016209001,0.998307103,1.007258052,-1.500092942,0.0,0.887893594,0.911704635,0.899799115,10.52203692,0.0,0.997640139,0.933404409,0.965522274,3.899653433,0.0,1.011866972,0.961064607,0.986465789,1.344719579,0.0,50,uM,COc1ccc(C2=N[C@@H](c3ccc(Cl)cc3)[C@@H](c3ccc(Cl)cc3)N2C(=O)N2CCNC(=O)C2)c(OC(C)C)c1
4519,COc1ccc(c(c1)OC(C)C)C1=N[C@H]([C@H](N1C(=O)N1CCNC(=O)C1)c1ccc(cc1)Cl)c1ccc(cc1)Cl,COc1ccc(C2=N[C@@H](c3ccc(Cl)cc3)[C@@H](c3ccc(Cl)cc3)N2C(=O)N2CCNC(=O)C2)c(OC(C)C)c1,1.016209001,0.998307103,1.007258052,-1.500092942,0.0,0.887893594,0.911704635,0.899799115,10.52203692,0.0,0.997640139,0.933404409,0.965522274,3.899653433,0.0,1.011866972,0.961064607,0.986465789,1.344719579,0.0,50,uM,COc1ccc(C2=N[C@@H](c3ccc(Cl)cc3)[C@@H](c3ccc(Cl)cc3)N2C(=O)N2CCNC(=O)C2)c(OC(C)C)c1
4520,COc1ccc(c(c1)OC(C)C)C1=N[C@H]([C@H](N1C(=O)N1CCNC(=O)C1)c1ccc(cc1)Cl)c1ccc(cc1)Cl,COc1ccc(C2=N[C@@H](c3ccc(Cl)cc3)[C@@H](c3ccc(Cl)cc3)N2C(=O)N2CCNC(=O)C2)c(OC(C)C)c1,1.016209001,0.998307103,1.007258052,-1.500092942,0.0,0.887893594,0.911704635,0.899799115,10.52203692,0.0,0.997640139,0.933404409,0.965522274,3.899653433,0.0,1.011866972,0.961064607,0.986465789,1.344719579,0.0,50,uM,COc1ccc(C2=N[C@@H](c3ccc(Cl)cc3)[C@@H](c3ccc(Cl)cc3)N2C(=O)N2CCNC(=O)C2)c(OC(C)C)c1
4521,COc1ccc(c(c1)OC(C)C)C1=N[C@H]([C@H](N1C(=O)N1CCNC(=O)C1)c1ccc(cc1)Cl)c1ccc(cc1)Cl,COc1ccc(C2=N[C@@H](c3ccc(Cl)cc3)[C@@H](c3ccc(Cl)cc3)N2C(=O)N2CCNC(=O)C2)c(OC(C)C)c1,0.989814523,0.994495691,0.992155107,0.067012074,0.0,0.700541786,0.551355749,0.625948768,39.70603693,0.0,0.997640139,0.933404409,0.965522274,3.899653433,0.0,0.99529978,0.972945403,0.984122592,1.587932441,0.0,50,uM,COc1ccc(C2=N[C@@H](c3ccc(Cl)cc3)[C@@H](c3ccc(Cl)cc3)N2C(=O)N2CCNC(=O)C2)c(OC(C)C)c1
4522,COc1ccc(c(c1)OC(C)C)C1=N[C@H]([C@H](N1C(=O)N1CCNC(=O)C1)c1ccc(cc1)Cl)c1ccc(cc1)Cl,COc1ccc(C2=N[C@@H](c3ccc(Cl)cc3)[C@@H](c3ccc(Cl)cc3)N2C(=O)N2CCNC(=O)C2)c(OC(C)C)c1,0.989814523,0.994495691,0.992155107,0.067012074,0.0,0.700541786,0.551355749,0.625948768,39.70603693,0.0,0.997640139,0.933404409,0.965522274,3.899653433,0.0,0.99529978,0.972945403,0.984122592,1.587932441,0.0,50,uM,COc1ccc(C2=N[C@@H](c3ccc(Cl)cc3)[C@@H](c3ccc(Cl)cc3)N2C(=O)N2CCNC(=O)C2)c(OC(C)C)c1
4523,COc1ccc(c(c1)OC(C)C)C1=N[C@H]([C@H](N1C(=O)N1CCNC(=O)C1)c1ccc(cc1)Cl)c1ccc(cc1)Cl,COc1ccc(C2=N[C@@H](c3ccc(Cl)cc3)[C@@H](c3ccc(Cl)cc3)N2C(=O)N2CCNC(=O)C2)c(OC(C)C)c1,0.989814523,0.994495691,0.992155107,0.067012074,0.0,0.700541786,0.551355749,0.625948768,39.70603693,0.0,0.997640139,0.933404409,0.965522274,3.899653433,0.0,0.99529978,0.972945403,0.984122592,1.587932441,0.0,50,uM,COc1ccc(C2=N[C@@H](c3ccc(Cl)cc3)[C@@H](c3ccc(Cl)cc3)N2C(=O)N2CCNC(=O)C2)c(OC(C)C)c1
4524,COc1ccc(c(c1)OC(C)C)C1=N[C@H]([C@H](N1C(=O)N1CCNC(=O)C1)c1ccc(cc1)Cl)c1ccc(cc1)Cl,COc1ccc(C2=N[C@@H](c3ccc(Cl)cc3)[C@@H](c3ccc(Cl)cc3)N2C(=O)N2CCNC(=O)C2)c(OC(C)C)c1,0.989814523,0.994495691,0.992155107,0.067012074,0.0,0.700541786,0.551355749,0.625948768,39.70603693,0.0,0.997640139,0.933404409,0.965522274,3.899653433,0.0,0.99529978,0.972945403,0.984122592,1.587932441,0.0,50,uM,COc1ccc(C2=N[C@@H](c3ccc(Cl)cc3)[C@@H](c3ccc(Cl)cc3)N2C(=O)N2CCNC(=O)C2)c(OC(C)C)c1
4525,COc1ccc(c(c1)OC(C)C)C1=N[C@H]([C@H](N1C(=O)N1CCNC(=O)C1)c1ccc(cc1)Cl)c1ccc(cc1)Cl,COc1ccc(C2=N[C@@H](c3ccc(Cl)cc3)[C@@H](c3ccc(Cl)cc3)N2C(=O)N2CCNC(=O)C2)c(OC(C)C)c1,1.016209001,0.998307103,1.007258052,-1.500092942,0.0,0.700541786,0.551355749,0.625948768,39.70603693,0.0,0.997640139,0.933404409,0.965522274,3.899653433,0.0,0.99529978,0.972945403,0.984122592,1.587932441,0.0,50,uM,COc1ccc(C2=N[C@@H](c3ccc(Cl)cc3)[C@@H](c3ccc(Cl)cc3)N2C(=O)N2CCNC(=O)C2)c(OC(C)C)c1
4526,COc1ccc(c(c1)OC(C)C)C1=N[C@H]([C@H](N1C(=O)N1CCNC(=O)C1)c1ccc(cc1)Cl)c1ccc(cc1)Cl,COc1ccc(C2=N[C@@H](c3ccc(Cl)cc3)[C@@H](c3ccc(Cl)cc3)N2C(=O)N2CCNC(=O)C2)c(OC(C)C)c1,1.016209001,0.998307103,1.007258052,-1.500092942,0.0,0.700541786,0.551355749,0.625948768,39.70603693,0.0,0.997640139,0.933404409,0.965522274,3.899653433,0.0,0.99529978,0.972945403,0.984122592,1.587932441,0.0,50,uM,COc1ccc(C2=N[C@@H](c3ccc(Cl)cc3)[C@@H](c3ccc(Cl)cc3)N2C(=O)N2CCNC(=O)C2)c(OC(C)C)c1
4527,COc1ccc(c(c1)OC(C)C)C1=N[C@H]([C@H](N1C(=O)N1CCNC(=O)C1)c1ccc(cc1)Cl)c1ccc(cc1)Cl,COc1ccc(C2=N[C@@H](c3ccc(Cl)cc3)[C@@H](c3ccc(Cl)cc3)N2C(=O)N2CCNC(=O)C2)c(OC(C)C)c1,1.016209001,0.998307103,1.007258052,-1.500092942,0.0,0.700541786,0.551355749,0.625948768,39.70603693,0.0,0.997640139,0.933404409,0.965522274,3.899653433,0.0,0.99529978,0.972945403,0.984122592,1.587932441,0.0,50,uM,COc1ccc(C2=N[C@@H](c3ccc(Cl)cc3)[C@@H](c3ccc(Cl)cc3)N2C(=O)N2CCNC(=O)C2)c(OC(C)C)c1
4528,COc1ccc(c(c1)OC(C)C)C1=N[C@H]([C@H](N1C(=O)N1CCNC(=O)C1)c1ccc(cc1)Cl)c1ccc(cc1)Cl,COc1ccc(C2=N[C@@H](c3ccc(Cl)cc3)[C@@H](c3ccc(Cl)cc3)N2C(=O)N2CCNC(=O)C2)c(OC(C)C)c1,1.016209001,0.998307103,1.007258052,-1.500092942,0.0,0.700541786,0.551355749,0.625948768,39.70603693,0.0,0.997640139,0.933404409,0.965522274,3.899653433,0.0,0.99529978,0.972945403,0.984122592,1.587932441,0.0,50,uM,COc1ccc(C2=N[C@@H](c3ccc(Cl)cc3)[C@@H](c3ccc(Cl)cc3)N2C(=O)N2CCNC(=O)C2)c(OC(C)C)c1
4529,COc1ccc(c(c1)OC(C)C)C1=N[C@H]([C@H](N1C(=O)N1CCNC(=O)C1)c1ccc(cc1)Cl)c1ccc(cc1)Cl,COc1ccc(C2=N[C@@H](c3ccc(Cl)cc3)[C@@H](c3ccc(Cl)cc3)N2C(=O)N2CCNC(=O)C2)c(OC(C)C)c1,0.989814523,0.994495691,0.992155107,0.067012074,0.0,0.700541786,0.551355749,0.625948768,39.70603693,0.0,0.997640139,0.933404409,0.965522274,3.899653433,0.0,1.011866972,0.961064607,0.986465789,1.344719579,0.0,50,uM,COc1ccc(C2=N[C@@H](c3ccc(Cl)cc3)[C@@H](c3ccc(Cl)cc3)N2C(=O)N2CCNC(=O)C2)c(OC(C)C)c1
4530,COc1ccc(c(c1)OC(C)C)C1=N[C@H]([C@H](N1C(=O)N1CCNC(=O)C1)c1ccc(cc1)Cl)c1ccc(cc1)Cl,COc1ccc(C2=N[C@@H](c3ccc(Cl)cc3)[C@@H](c3ccc(Cl)cc3)N2C(=O)N2CCNC(=O)C2)c(OC(C)C)c1,0.989814523,0.994495691,0.992155107,0.067012074,0.0,0.700541786,0.551355749,0.625948768,39.70603693,0.0,0.997640139,0.933404409,0.965522274,3.899653433,0.0,1.011866972,0.961064607,0.986465789,1.344719579,0.0,50,uM,COc1ccc(C2=N[C@@H](c3ccc(Cl)cc3)[C@@H](c3ccc(Cl)cc3)N2C(=O)N2CCNC(=O)C2)c(OC(C)C)c1
4531,COc1ccc(c(c1)OC(C)C)C1=N[C@H]([C@H](N1C(=O)N1CCNC(=O)C1)c1ccc(cc1)Cl)c1ccc(cc1)Cl,COc1ccc(C2=N[C@@H](c3ccc(Cl)cc3)[C@@H](c3ccc(Cl)cc3)N2C(=O)N2CCNC(=O)C2)c(OC(C)C)c1,0.989814523,0.994495691,0.992155107,0.067012074,0.0,0.700541786,0.551355749,0.625948768,39.70603693,0.0,0.997640139,0.933404409,0.965522274,3.899653433,0.0,1.011866972,0.961064607,0.986465789,1.344719579,0.0,50,uM,COc1ccc(C2=N[C@@H](c3ccc(Cl)cc3)[C@@H](c3ccc(Cl)cc3)N2C(=O)N2CCNC(=O)C2)c(OC(C)C)c1
4532,COc1ccc(c(c1)OC(C)C)C1=N[C@H]([C@H](N1C(=O)N1CCNC(=O)C1)c1ccc(cc1)Cl)c1ccc(cc1)Cl,COc1ccc(C2=N[C@@H](c3ccc(Cl)cc3)[C@@H](c3ccc(Cl)cc3)N2C(=O)N2CCNC(=O)C2)c(OC(C)C)c1,0.989814523,0.994495691,0.992155107,0.067012074,0.0,0.700541786,0.551355749,0.625948768,39.70603693,0.0,0.997640139,0.933404409,0.965522274,3.899653433,0.0,1.011866972,0.961064607,0.986465789,1.344719579,0.0,50,uM,COc1ccc(C2=N[C@@H](c3ccc(Cl)cc3)[C@@H](c3ccc(Cl)cc3)N2C(=O)N2CCNC(=O)C2)c(OC(C)C)c1
4533,COc1ccc(c(c1)OC(C)C)C1=N[C@H]([C@H](N1C(=O)N1CCNC(=O)C1)c1ccc(cc1)Cl)c1ccc(cc1)Cl,COc1ccc(C2=N[C@@H](c3ccc(Cl)cc3)[C@@H](c3ccc(Cl)cc3)N2C(=O)N2CCNC(=O)C2)c(OC(C)C)c1,1.016209001,0.998307103,1.007258052,-1.500092942,0.0,0.700541786,0.551355749,0.625948768,39.70603693,0.0,0.997640139,0.933404409,0.965522274,3.899653433,0.0,1.011866972,0.961064607,0.986465789,1.344719579,0.0,50,uM,COc1ccc(C2=N[C@@H](c3ccc(Cl)cc3)[C@@H](c3ccc(Cl)cc3)N2C(=O)N2CCNC(=O)C2)c(OC(C)C)c1
4534,COc1ccc(c(c1)OC(C)C)C1=N[C@H]([C@H](N1C(=O)N1CCNC(=O)C1)c1ccc(cc1)Cl)c1ccc(cc1)Cl,COc1ccc(C2=N[C@@H](c3ccc(Cl)cc3)[C@@H](c3ccc(Cl)cc3)N2C(=O)N2CCNC(=O)C2)c(OC(C)C)c1,1.016209001,0.998307103,1.007258052,-1.500092942,0.0,0.700541786,0.551355749,0.625948768,39.70603693,0.0,0.997640139,0.933404409,0.965522274,3.899653433,0.0,1.011866972,0.961064607,0.986465789,1.344719579,0.0,50,uM,COc1ccc(C2=N[C@@H](c3ccc(Cl)cc3)[C@@H](c3ccc(Cl)cc3)N2C(=O)N2CCNC(=O)C2)c(OC(C)C)c1
4535,COc1ccc(c(c1)OC(C)C)C1=N[C@H]([C@H](N1C(=O)N1CCNC(=O)C1)c1ccc(cc1)Cl)c1ccc(cc1)Cl,COc1ccc(C2=N[C@@H](c3ccc(Cl)cc3)[C@@H](c3ccc(Cl)cc3)N2C(=O)N2CCNC(=O)C2)c(OC(C)C)c1,1.016209001,0.998307103,1.007258052,-1.500092942,0.0,0.700541786,0.551355749,0.625948768,39.70603693,0.0,0.997640139,0.933404409,0.965522274,3.899653433,0.0,1.011866972,0.961064607,0.986465789,1.344719579,0.0,50,uM,COc1ccc(C2=N[C@@H](c3ccc(Cl)cc3)[C@@H](c3ccc(Cl)cc3)N2C(=O)N2CCNC(=O)C2)c(OC(C)C)c1
4536,COc1ccc(c(c1)OC(C)C)C1=N[C@H]([C@H](N1C(=O)N1CCNC(=O)C1)c1ccc(cc1)Cl)c1ccc(cc1)Cl,COc1ccc(C2=N[C@@H](c3ccc(Cl)cc3)[C@@H](c3ccc(Cl)cc3)N2C(=O)N2CCNC(=O)C2)c(OC(C)C)c1,1.016209001,0.998307103,1.007258052,-1.500092942,0.0,0.700541786,0.551355749,0.625948768,39.70603693,0.0,0.997640139,0.933404409,0.965522274,3.899653433,0.0,1.011866972,0.961064607,0.986465789,1.344719579,0.0,50,uM,COc1ccc(C2=N[C@@H](c3ccc(Cl)cc3)[C@@H](c3ccc(Cl)cc3)N2C(=O)N2CCNC(=O)C2)c(OC(C)C)c1
5218,COc1ccc(c(c1)OC(C)C)C1=N[C@H]([C@H](N1C(=O)N1CCNC(=O)C1)c1ccc(cc1)Cl)c1ccc(cc1)Cl,COc1ccc(C2=N[C@@H](c3ccc(Cl)cc3)[C@@H](c3ccc(Cl)cc3)N2C(=O)N2CCNC(=O)C2)c(OC(C)C)c1,0.989814523,0.994495691,0.992155107,0.067012074,0.0,0.887893594,0.911704635,0.899799115,10.52203692,0.0,0.958260153,0.908590988,0.933425571,7.240379501,0.0,0.99529978,0.972945403,0.984122592,1.587932441,0.0,50,uM,COc1ccc(C2=N[C@@H](c3ccc(Cl)cc3)[C@@H](c3ccc(Cl)cc3)N2C(=O)N2CCNC(=O)C2)c(OC(C)C)c1
5219,COc1ccc(c(c1)OC(C)C)C1=N[C@H]([C@H](N1C(=O)N1CCNC(=O)C1)c1ccc(cc1)Cl)c1ccc(cc1)Cl,COc1ccc(C2=N[C@@H](c3ccc(Cl)cc3)[C@@H](c3ccc(Cl)cc3)N2C(=O)N2CCNC(=O)C2)c(OC(C)C)c1,0.989814523,0.994495691,0.992155107,0.067012074,0.0,0.887893594,0.911704635,0.899799115,10.52203692,0.0,0.958260153,0.908590988,0.933425571,7.240379501,0.0,0.99529978,0.972945403,0.984122592,1.587932441,0.0,50,uM,COc1ccc(C2=N[C@@H](c3ccc(Cl)cc3)[C@@H](c3ccc(Cl)cc3)N2C(=O)N2CCNC(=O)C2)c(OC(C)C)c1
5220,COc1ccc(c(c1)OC(C)C)C1=N[C@H]([C@H](N1C(=O)N1CCNC(=O)C1)c1ccc(cc1)Cl)c1ccc(cc1)Cl,COc1ccc(C2=N[C@@H](c3ccc(Cl)cc3)[C@@H](c3ccc(Cl)cc3)N2C(=O)N2CCNC(=O)C2)c(OC(C)C)c1,0.989814523,0.994495691,0.992155107,0.067012074,0.0,0.887893594,0.911704635,0.899799115,10.52203692,0.0,0.958260153,0.908590988,0.933425571,7.240379501,0.0,0.99529978,0.972945403,0.984122592,1.587932441,0.0,50,uM,COc1ccc(C2=N[C@@H](c3ccc(Cl)cc3)[C@@H](c3ccc(Cl)cc3)N2C(=O)N2CCNC(=O)C2)c(OC(C)C)c1
5221,COc1ccc(c(c1)OC(C)C)C1=N[C@H]([C@H](N1C(=O)N1CCNC(=O)C1)c1ccc(cc1)Cl)c1ccc(cc1)Cl,COc1ccc(C2=N[C@@H](c3ccc(Cl)cc3)[C@@H](c3ccc(Cl)cc3)N2C(=O)N2CCNC(=O)C2)c(OC(C)C)c1,0.989814523,0.994495691,0.992155107,0.067012074,0.0,0.887893594,0.911704635,0.899799115,10.52203692,0.0,0.958260153,0.908590988,0.933425571,7.240379501,0.0,0.99529978,0.972945403,0.984122592,1.587932441,0.0,50,uM,COc1ccc(C2=N[C@@H](c3ccc(Cl)cc3)[C@@H](c3ccc(Cl)cc3)N2C(=O)N2CCNC(=O)C2)c(OC(C)C)c1
5222,COc1ccc(c(c1)OC(C)C)C1=N[C@H]([C@H](N1C(=O)N1CCNC(=O)C1)c1ccc(cc1)Cl)c1ccc(cc1)Cl,COc1ccc(C2=N[C@@H](c3ccc(Cl)cc3)[C@@H](c3ccc(Cl)cc3)N2C(=O)N2CCNC(=O)C2)c(OC(C)C)c1,1.016209001,0.998307103,1.007258052,-1.500092942,0.0,0.887893594,0.911704635,0.899799115,10.52203692,0.0,0.958260153,0.908590988,0.933425571,7.240379501,0.0,0.99529978,0.972945403,0.984122592,1.587932441,0.0,50,uM,COc1ccc(C2=N[C@@H](c3ccc(Cl)cc3)[C@@H](c3ccc(Cl)cc3)N2C(=O)N2CCNC(=O)C2)c(OC(C)C)c1
5223,COc1ccc(c(c1)OC(C)C)C1=N[C@H]([C@H](N1C(=O)N1CCNC(=O)C1)c1ccc(cc1)Cl)c1ccc(cc1)Cl,COc1ccc(C2=N[C@@H](c3ccc(Cl)cc3)[C@@H](c3ccc(Cl)cc3)N2C(=O)N2CCNC(=O)C2)c(OC(C)C)c1,1.016209001,0.998307103,1.007258052,-1.500092942,0.0,0.887893594,0.911704635,0.899799115,10.52203692,0.0,0.958260153,0.908590988,0.933425571,7.240379501,0.0,0.99529978,0.972945403,0.984122592,1.587932441,0.0,50,uM,COc1ccc(C2=N[C@@H](c3ccc(Cl)cc3)[C@@H](c3ccc(Cl)cc3)N2C(=O)N2CCNC(=O)C2)c(OC(C)C)c1
5224,COc1ccc(c(c1)OC(C)C)C1=N[C@H]([C@H](N1C(=O)N1CCNC(=O)C1)c1ccc(cc1)Cl)c1ccc(cc1)Cl,COc1ccc(C2=N[C@@H](c3ccc(Cl)cc3)[C@@H](c3ccc(Cl)cc3)N2C(=O)N2CCNC(=O)C2)c(OC(C)C)c1,1.016209001,0.998307103,1.007258052,-1.500092942,0.0,0.887893594,0.911704635,0.899799115,10.52203692,0.0,0.958260153,0.908590988,0.933425571,7.240379501,0.0,0.99529978,0.972945403,0.984122592,1.587932441,0.0,50,uM,COc1ccc(C2=N[C@@H](c3ccc(Cl)cc3)[C@@H](c3ccc(Cl)cc3)N2C(=O)N2CCNC(=O)C2)c(OC(C)C)c1
5225,COc1ccc(c(c1)OC(C)C)C1=N[C@H]([C@H](N1C(=O)N1CCNC(=O)C1)c1ccc(cc1)Cl)c1ccc(cc1)Cl,COc1ccc(C2=N[C@@H](c3ccc(Cl)cc3)[C@@H](c3ccc(Cl)cc3)N2C(=O)N2CCNC(=O)C2)c(OC(C)C)c1,1.016209001,0.998307103,1.007258052,-1.500092942,0.0,0.887893594,0.911704635,0.899799115,10.52203692,0.0,0.958260153,0.908590988,0.933425571,7.240379501,0.0,0.99529978,0.972945403,0.984122592,1.587932441,0.0,50,uM,COc1ccc(C2=N[C@@H](c3ccc(Cl)cc3)[C@@H](c3ccc(Cl)cc3)N2C(=O)N2CCNC(=O)C2)c(OC(C)C)c1
5226,COc1ccc(c(c1)OC(C)C)C1=N[C@H]([C@H](N1C(=O)N1CCNC(=O)C1)c1ccc(cc1)Cl)c1ccc(cc1)Cl,COc1ccc(C2=N[C@@H](c3ccc(Cl)cc3)[C@@H](c3ccc(Cl)cc3)N2C(=O)N2CCNC(=O)C2)c(OC(C)C)c1,0.989814523,0.994495691,0.992155107,0.067012074,0.0,0.887893594,0.911704635,0.899799115,10.52203692,0.0,0.958260153,0.908590988,0.933425571,7.240379501,0.0,1.011866972,0.961064607,0.986465789,1.344719579,0.0,50,uM,COc1ccc(C2=N[C@@H](c3ccc(Cl)cc3)[C@@H](c3ccc(Cl)cc3)N2C(=O)N2CCNC(=O)C2)c(OC(C)C)c1
5227,COc1ccc(c(c1)OC(C)C)C1=N[C@H]([C@H](N1C(=O)N1CCNC(=O)C1)c1ccc(cc1)Cl)c1ccc(cc1)Cl,COc1ccc(C2=N[C@@H](c3ccc(Cl)cc3)[C@@H](c3ccc(Cl)cc3)N2C(=O)N2CCNC(=O)C2)c(OC(C)C)c1,0.989814523,0.994495691,0.992155107,0.067012074,0.0,0.887893594,0.911704635,0.899799115,10.52203692,0.0,0.958260153,0.908590988,0.933425571,7.240379501,0.0,1.011866972,0.961064607,0.986465789,1.344719579,0.0,50,uM,COc1ccc(C2=N[C@@H](c3ccc(Cl)cc3)[C@@H](c3ccc(Cl)cc3)N2C(=O)N2CCNC(=O)C2)c(OC(C)C)c1
5228,COc1ccc(c(c1)OC(C)C)C1=N[C@H]([C@H](N1C(=O)N1CCNC(=O)C1)c1ccc(cc1)Cl)c1ccc(cc1)Cl,COc1ccc(C2=N[C@@H](c3ccc(Cl)cc3)[C@@H](c3ccc(Cl)cc3)N2C(=O)N2CCNC(=O)C2)c(OC(C)C)c1,0.989814523,0.994495691,0.992155107,0.067012074,0.0,0.887893594,0.911704635,0.899799115,10.52203692,0.0,0.958260153,0.908590988,0.933425571,7.240379501,0.0,1.011866972,0.961064607,0.986465789,1.344719579,0.0,50,uM,COc1ccc(C2=N[C@@H](c3ccc(Cl)cc3)[C@@H](c3ccc(Cl)cc3)N2C(=O)N2CCNC(=O)C2)c(OC(C)C)c1
5229,COc1ccc(c(c1)OC(C)C)C1=N[C@H]([C@H](N1C(=O)N1CCNC(=O)C1)c1ccc(cc1)Cl)c1ccc(cc1)Cl,COc1ccc(C2=N[C@@H](c3ccc(Cl)cc3)[C@@H](c3ccc(Cl)cc3)N2C(=O)N2CCNC(=O)C2)c(OC(C)C)c1,0.989814523,0.994495691,0.992155107,0.067012074,0.0,0.887893594,0.911704635,0.899799115,10.52203692,0.0,0.958260153,0.908590988,0.933425571,7.240379501,0.0,1.011866972,0.961064607,0.986465789,1.344719579,0.0,50,uM,COc1ccc(C2=N[C@@H](c3ccc(Cl)cc3)[C@@H](c3ccc(Cl)cc3)N2C(=O)N2CCNC(=O)C2)c(OC(C)C)c1
5230,COc1ccc(c(c1)OC(C)C)C1=N[C@H]([C@H](N1C(=O)N1CCNC(=O)C1)c1ccc(cc1)Cl)c1ccc(cc1)Cl,COc1ccc(C2=N[C@@H](c3ccc(Cl)cc3)[C@@H](c3ccc(Cl)cc3)N2C(=O)N2CCNC(=O)C2)c(OC(C)C)c1,1.016209001,0.998307103,1.007258052,-1.500092942,0.0,0.887893594,0.911704635,0.899799115,10.52203692,0.0,0.958260153,0.908590988,0.933425571,7.240379501,0.0,1.011866972,0.961064607,0.986465789,1.344719579,0.0,50,uM,COc1ccc(C2=N[C@@H](c3ccc(Cl)cc3)[C@@H](c3ccc(Cl)cc3)N2C(=O)N2CCNC(=O)C2)c(OC(C)C)c1
5231,COc1ccc(c(c1)OC(C)C)C1=N[C@H]([C@H](N1C(=O)N1CCNC(=O)C1)c1ccc(cc1)Cl)c1ccc(cc1)Cl,COc1ccc(C2=N[C@@H](c3ccc(Cl)cc3)[C@@H](c3ccc(Cl)cc3)N2C(=O)N2CCNC(=O)C2)c(OC(C)C)c1,1.016209001,0.998307103,1.007258052,-1.500092942,0.0,0.887893594,0.911704635,0.899799115,10.52203692,0.0,0.958260153,0.908590988,0.933425571,7.240379501,0.0,1.011866972,0.961064607,0.986465789,1.344719579,0.0,50,uM,COc1ccc(C2=N[C@@H](c3ccc(Cl)cc3)[C@@H](c3ccc(Cl)cc3)N2C(=O)N2CCNC(=O)C2)c(OC(C)C)c1
5232,COc1ccc(c(c1)OC(C)C)C1=N[C@H]([C@H](N1C(=O)N1CCNC(=O)C1)c1ccc(cc1)Cl)c1ccc(cc1)Cl,COc1ccc(C2=N[C@@H](c3ccc(Cl)cc3)[C@@H](c3ccc(Cl)cc3)N2C(=O)N2CCNC(=O)C2)c(OC(C)C)c1,1.016209001,0.998307103,1.007258052,-1.500092942,0.0,0.887893594,0.911704635,0.899799115,10.52203692,0.0,0.958260153,0.908590988,0.933425571,7.240379501,0.0,1.011866972,0.961064607,0.986465789,1.344719579,0.0,50,uM,COc1ccc(C2=N[C@@H](c3ccc(Cl)cc3)[C@@H](c3ccc(Cl)cc3)N2C(=O)N2CCNC(=O)C2)c(OC(C)C)c1
5233,COc1ccc(c(c1)OC(C)C)C1=N[C@H]([C@H](N1C(=O)N1CCNC(=O)C1)c1ccc(cc1)Cl)c1ccc(cc1)Cl,COc1ccc(C2=N[C@@H](c3ccc(Cl)cc3)[C@@H](c3ccc(Cl)cc3)N2C(=O)N2CCNC(=O)C2)c(OC(C)C)c1,1.016209001,0.998307103,1.007258052,-1.500092942,0.0,0.887893594,0.911704635,0.899799115,10.52203692,0.0,0.958260153,0.908590988,0.933425571,7.240379501,0.0,1.011866972,0.961064607,0.986465789,1.344719579,0.0,50,uM,COc1ccc(C2=N[C@@H](c3ccc(Cl)cc3)[C@@H](c3ccc(Cl)cc3)N2C(=O)N2CCNC(=O)C2)c(OC(C)C)c1
5234,COc1ccc(c(c1)OC(C)C)C1=N[C@H]([C@H](N1C(=O)N1CCNC(=O)C1)c1ccc(cc1)Cl)c1ccc(cc1)Cl,COc1ccc(C2=N[C@@H](c3ccc(Cl)cc3)[C@@H](c3ccc(Cl)cc3)N2C(=O)N2CCNC(=O)C2)c(OC(C)C)c1,0.989814523,0.994495691,0.992155107,0.067012074,0.0,0.700541786,0.551355749,0.625948768,39.70603693,0.0,0.958260153,0.908590988,0.933425571,7.240379501,0.0,0.99529978,0.972945403,0.984122592,1.587932441,0.0,50,uM,COc1ccc(C2=N[C@@H](c3ccc(Cl)cc3)[C@@H](c3ccc(Cl)cc3)N2C(=O)N2CCNC(=O)C2)c(OC(C)C)c1
5235,COc1ccc(c(c1)OC(C)C)C1=N[C@H]([C@H](N1C(=O)N1CCNC(=O)C1)c1ccc(cc1)Cl)c1ccc(cc1)Cl,COc1ccc(C2=N[C@@H](c3ccc(Cl)cc3)[C@@H](c3ccc(Cl)cc3)N2C(=O)N2CCNC(=O)C2)c(OC(C)C)c1,0.989814523,0.994495691,0.992155107,0.067012074,0.0,0.700541786,0.551355749,0.625948768,39.70603693,0.0,0.958260153,0.908590988,0.933425571,7.240379501,0.0,0.99529978,0.972945403,0.984122592,1.587932441,0.0,50,uM,COc1ccc(C2=N[C@@H](c3ccc(Cl)cc3)[C@@H](c3ccc(Cl)cc3)N2C(=O)N2CCNC(=O)C2)c(OC(C)C)c1
5236,COc1ccc(c(c1)OC(C)C)C1=N[C@H]([C@H](N1C(=O)N1CCNC(=O)C1)c1ccc(cc1)Cl)c1ccc(cc1)Cl,COc1ccc(C2=N[C@@H](c3ccc(Cl)cc3)[C@@H](c3ccc(Cl)cc3)N2C(=O)N2CCNC(=O)C2)c(OC(C)C)c1,0.989814523,0.994495691,0.992155107,0.067012074,0.0,0.700541786,0.551355749,0.625948768,39.70603693,0.0,0.958260153,0.908590988,0.933425571,7.240379501,0.0,0.99529978,0.972945403,0.984122592,1.587932441,0.0,50,uM,COc1ccc(C2=N[C@@H](c3ccc(Cl)cc3)[C@@H](c3ccc(Cl)cc3)N2C(=O)N2CCNC(=O)C2)c(OC(C)C)c1
5237,COc1ccc(c(c1)OC(C)C)C1=N[C@H]([C@H](N1C(=O)N1CCNC(=O)C1)c1ccc(cc1)Cl)c1ccc(cc1)Cl,COc1ccc(C2=N[C@@H](c3ccc(Cl)cc3)[C@@H](c3ccc(Cl)cc3)N2C(=O)N2CCNC(=O)C2)c(OC(C)C)c1,0.989814523,0.994495691,0.992155107,0.067012074,0.0,0.700541786,0.551355749,0.625948768,39.70603693,0.0,0.958260153,0.908590988,0.933425571,7.240379501,0.0,0.99529978,0.972945403,0.984122592,1.587932441,0.0,50,uM,COc1ccc(C2=N[C@@H](c3ccc(Cl)cc3)[C@@H](c3ccc(Cl)cc3)N2C(=O)N2CCNC(=O)C2)c(OC(C)C)c1
5238,COc1ccc(c(c1)OC(C)C)C1=N[C@H]([C@H](N1C(=O)N1CCNC(=O)C1)c1ccc(cc1)Cl)c1ccc(cc1)Cl,COc1ccc(C2=N[C@@H](c3ccc(Cl)cc3)[C@@H](c3ccc(Cl)cc3)N2C(=O)N2CCNC(=O)C2)c(OC(C)C)c1,1.016209001,0.998307103,1.007258052,-1.500092942,0.0,0.700541786,0.551355749,0.625948768,39.70603693,0.0,0.958260153,0.908590988,0.933425571,7.240379501,0.0,0.99529978,0.972945403,0.984122592,1.587932441,0.0,50,uM,COc1ccc(C2=N[C@@H](c3ccc(Cl)cc3)[C@@H](c3ccc(Cl)cc3)N2C(=O)N2CCNC(=O)C2)c(OC(C)C)c1
5239,COc1ccc(c(c1)OC(C)C)C1=N[C@H]([C@H](N1C(=O)N1CCNC(=O)C1)c1ccc(cc1)Cl)c1ccc(cc1)Cl,COc1ccc(C2=N[C@@H](c3ccc(Cl)cc3)[C@@H](c3ccc(Cl)cc3)N2C(=O)N2CCNC(=O)C2)c(OC(C)C)c1,1.016209001,0.998307103,1.007258052,-1.500092942,0.0,0.700541786,0.551355749,0.625948768,39.70603693,0.0,0.958260153,0.908590988,0.933425571,7.240379501,0.0,0.99529978,0.972945403,0.984122592,1.587932441,0.0,50,uM,COc1ccc(C2=N[C@@H](c3ccc(Cl)cc3)[C@@H](c3ccc(Cl)cc3)N2C(=O)N2CCNC(=O)C2)c(OC(C)C)c1
5240,COc1ccc(c(c1)OC(C)C)C1=N[C@H]([C@H](N1C(=O)N1CCNC(=O)C1)c1ccc(cc1)Cl)c1ccc(cc1)Cl,COc1ccc(C2=N[C@@H](c3ccc(Cl)cc3)[C@@H](c3ccc(Cl)cc3)N2C(=O)N2CCNC(=O)C2)c(OC(C)C)c1,1.016209001,0.998307103,1.007258052,-1.500092942,0.0,0.700541786,0.551355749,0.625948768,39.70603693,0.0,0.958260153,0.908590988,0.933425571,7.240379501,0.0,0.99529978,0.972945403,0.984122592,1.587932441,0.0,50,uM,COc1ccc(C2=N[C@@H](c3ccc(Cl)cc3)[C@@H](c3ccc(Cl)cc3)N2C(=O)N2CCNC(=O)C2)c(OC(C)C)c1
5241,COc1ccc(c(c1)OC(C)C)C1=N[C@H]([C@H](N1C(=O)N1CCNC(=O)C1)c1ccc(cc1)Cl)c1ccc(cc1)Cl,COc1ccc(C2=N[C@@H](c3ccc(Cl)cc3)[C@@H](c3ccc(Cl)cc3)N2C(=O)N2CCNC(=O)C2)c(OC(C)C)c1,1.016209001,0.998307103,1.007258052,-1.500092942,0.0,0.700541786,0.551355749,0.625948768,39.70603693,0.0,0.958260153,0.908590988,0.933425571,7.240379501,0.0,0.99529978,0.972945403,0.984122592,1.587932441,0.0,50,uM,COc1ccc(C2=N[C@@H](c3ccc(Cl)cc3)[C@@H](c3ccc(Cl)cc3)N2C(=O)N2CCNC(=O)C2)c(OC(C)C)c1
5242,COc1ccc(c(c1)OC(C)C)C1=N[C@H]([C@H](N1C(=O)N1CCNC(=O)C1)c1ccc(cc1)Cl)c1ccc(cc1)Cl,COc1ccc(C2=N[C@@H](c3ccc(Cl)cc3)[C@@H](c3ccc(Cl)cc3)N2C(=O)N2CCNC(=O)C2)c(OC(C)C)c1,0.989814523,0.994495691,0.992155107,0.067012074,0.0,0.700541786,0.551355749,0.625948768,39.70603693,0.0,0.958260153,0.908590988,0.933425571,7.240379501,0.0,1.011866972,0.961064607,0.986465789,1.344719579,0.0,50,uM,COc1ccc(C2=N[C@@H](c3ccc(Cl)cc3)[C@@H](c3ccc(Cl)cc3)N2C(=O)N2CCNC(=O)C2)c(OC(C)C)c1
5243,COc1ccc(c(c1)OC(C)C)C1=N[C@H]([C@H](N1C(=O)N1CCNC(=O)C1)c1ccc(cc1)Cl)c1ccc(cc1)Cl,COc1ccc(C2=N[C@@H](c3ccc(Cl)cc3)[C@@H](c3ccc(Cl)cc3)N2C(=O)N2CCNC(=O)C2)c(OC(C)C)c1,0.989814523,0.994495691,0.992155107,0.067012074,0.0,0.700541786,0.551355749,0.625948768,39.70603693,0.0,0.958260153,0.908590988,0.933425571,7.240379501,0.0,1.011866972,0.961064607,0.986465789,1.344719579,0.0,50,uM,COc1ccc(C2=N[C@@H](c3ccc(Cl)cc3)[C@@H](c3ccc(Cl)cc3)N2C(=O)N2CCNC(=O)C2)c(OC(C)C)c1
5244,COc1ccc(c(c1)OC(C)C)C1=N[C@H]([C@H](N1C(=O)N1CCNC(=O)C1)c1ccc(cc1)Cl)c1ccc(cc1)Cl,COc1ccc(C2=N[C@@H](c3ccc(Cl)cc3)[C@@H](c3ccc(Cl)cc3)N2C(=O)N2CCNC(=O)C2)c(OC(C)C)c1,0.989814523,0.994495691,0.992155107,0.067012074,0.0,0.700541786,0.551355749,0.625948768,39.70603693,0.0,0.958260153,0.908590988,0.933425571,7.240379501,0.0,1.011866972,0.961064607,0.986465789,1.344719579,0.0,50,uM,COc1ccc(C2=N[C@@H](c3ccc(Cl)cc3)[C@@H](c3ccc(Cl)cc3)N2C(=O)N2CCNC(=O)C2)c(OC(C)C)c1
5245,COc1ccc(c(c1)OC(C)C)C1=N[C@H]([C@H](N1C(=O)N1CCNC(=O)C1)c1ccc(cc1)Cl)c1ccc(cc1)Cl,COc1ccc(C2=N[C@@H](c3ccc(Cl)cc3)[C@@H](c3ccc(Cl)cc3)N2C(=O)N2CCNC(=O)C2)c(OC(C)C)c1,0.989814523,0.994495691,0.992155107,0.067012074,0.0,0.700541786,0.551355749,0.625948768,39.70603693,0.0,0.958260153,0.908590988,0.933425571,7.240379501,0.0,1.011866972,0.961064607,0.986465789,1.344719579,0.0,50,uM,COc1ccc(C2=N[C@@H](c3ccc(Cl)cc3)[C@@H](c3ccc(Cl)cc3)N2C(=O)N2CCNC(=O)C2)c(OC(C)C)c1
5246,COc1ccc(c(c1)OC(C)C)C1=N[C@H]([C@H](N1C(=O)N1CCNC(=O)C1)c1ccc(cc1)Cl)c1ccc(cc1)Cl,COc1ccc(C2=N[C@@H](c3ccc(Cl)cc3)[C@@H](c3ccc(Cl)cc3)N2C(=O)N2CCNC(=O)C2)c(OC(C)C)c1,1.016209001,0.998307103,1.007258052,-1.500092942,0.0,0.700541786,0.551355749,0.625948768,39.70603693,0.0,0.958260153,0.908590988,0.933425571,7.240379501,0.0,1.011866972,0.961064607,0.986465789,1.344719579,0.0,50,uM,COc1ccc(C2=N[C@@H](c3ccc(Cl)cc3)[C@@H](c3ccc(Cl)cc3)N2C(=O)N2CCNC(=O)C2)c(OC(C)C)c1
5247,COc1ccc(c(c1)OC(C)C)C1=N[C@H]([C@H](N1C(=O)N1CCNC(=O)C1)c1ccc(cc1)Cl)c1ccc(cc1)Cl,COc1ccc(C2=N[C@@H](c3ccc(Cl)cc3)[C@@H](c3ccc(Cl)cc3)N2C(=O)N2CCNC(=O)C2)c(OC(C)C)c1,1.016209001,0.998307103,1.007258052,-1.500092942,0.0,0.700541786,0.551355749,0.625948768,39.70603693,0.0,0.958260153,0.908590988,0.933425571,7.240379501,0.0,1.011866972,0.961064607,0.986465789,1.344719579,0.0,50,uM,COc1ccc(C2=N[C@@H](c3ccc(Cl)cc3)[C@@H](c3ccc(Cl)cc3)N2C(=O)N2CCNC(=O)C2)c(OC(C)C)c1
5248,COc1ccc(c(c1)OC(C)C)C1=N[C@H]([C@H](N1C(=O)N1CCNC(=O)C1)c1ccc(cc1)Cl)c1ccc(cc1)Cl,COc1ccc(C2=N[C@@H](c3ccc(Cl)cc3)[C@@H](c3ccc(Cl)cc3)N2C(=O)N2CCNC(=O)C2)c(OC(C)C)c1,1.016209001,0.998307103,1.007258052,-1.500092942,0.0,0.700541786,0.551355749,0.625948768,39.70603693,0.0,0.958260153,0.908590988,0.933425571,7.240379501,0.0,1.011866972,0.961064607,0.986465789,1.344719579,0.0,50,uM,COc1ccc(C2=N[C@@H](c3ccc(Cl)cc3)[C@@H](c3ccc(Cl)cc3)N2C(=O)N2CCNC(=O)C2)c(OC(C)C)c1
5249,COc1ccc(c(c1)OC(C)C)C1=N[C@H]([C@H](N1C(=O)N1CCNC(=O)C1)c1ccc(cc1)Cl)c1ccc(cc1)Cl,COc1ccc(C2=N[C@@H](c3ccc(Cl)cc3)[C@@H](c3ccc(Cl)cc3)N2C(=O)N2CCNC(=O)C2)c(OC(C)C)c1,1.016209001,0.998307103,1.007258052,-1.500092942,0.0,0.700541786,0.551355749,0.625948768,39.70603693,0.0,0.958260153,0.908590988,0.933425571,7.240379501,0.0,1.011866972,0.961064607,0.986465789,1.344719579,0.0,50,uM,COc1ccc(C2=N[C@@H](c3ccc(Cl)cc3)[C@@H](c3ccc(Cl)cc3)N2C(=O)N2CCNC(=O)C2)c(OC(C)C)c1
5250,COc1ccc(c(c1)OC(C)C)C1=N[C@H]([C@H](N1C(=O)N1CCNC(=O)C1)c1ccc(cc1)Cl)c1ccc(cc1)Cl,COc1ccc(C2=N[C@@H](c3ccc(Cl)cc3)[C@@H](c3ccc(Cl)cc3)N2C(=O)N2CCNC(=O)C2)c(OC(C)C)c1,0.989814523,0.994495691,0.992155107,0.067012074,0.0,0.887893594,0.911704635,0.899799115,10.52203692,0.0,0.997640139,0.933404409,0.965522274,3.899653433,0.0,0.99529978,0.972945403,0.984122592,1.587932441,0.0,50,uM,COc1ccc(C2=N[C@@H](c3ccc(Cl)cc3)[C@@H](c3ccc(Cl)cc3)N2C(=O)N2CCNC(=O)C2)c(OC(C)C)c1
5251,COc1ccc(c(c1)OC(C)C)C1=N[C@H]([C@H](N1C(=O)N1CCNC(=O)C1)c1ccc(cc1)Cl)c1ccc(cc1)Cl,COc1ccc(C2=N[C@@H](c3ccc(Cl)cc3)[C@@H](c3ccc(Cl)cc3)N2C(=O)N2CCNC(=O)C2)c(OC(C)C)c1,0.989814523,0.994495691,0.992155107,0.067012074,0.0,0.887893594,0.911704635,0.899799115,10.52203692,0.0,0.997640139,0.933404409,0.965522274,3.899653433,0.0,0.99529978,0.972945403,0.984122592,1.587932441,0.0,50,uM,COc1ccc(C2=N[C@@H](c3ccc(Cl)cc3)[C@@H](c3ccc(Cl)cc3)N2C(=O)N2CCNC(=O)C2)c(OC(C)C)c1
5252,COc1ccc(c(c1)OC(C)C)C1=N[C@H]([C@H](N1C(=O)N1CCNC(=O)C1)c1ccc(cc1)Cl)c1ccc(cc1)Cl,COc1ccc(C2=N[C@@H](c3ccc(Cl)cc3)[C@@H](c3ccc(Cl)cc3)N2C(=O)N2CCNC(=O)C2)c(OC(C)C)c1,0.989814523,0.994495691,0.992155107,0.067012074,0.0,0.887893594,0.911704635,0.899799115,10.52203692,0.0,0.997640139,0.933404409,0.965522274,3.899653433,0.0,0.99529978,0.972945403,0.984122592,1.587932441,0.0,50,uM,COc1ccc(C2=N[C@@H](c3ccc(Cl)cc3)[C@@H](c3ccc(Cl)cc3)N2C(=O)N2CCNC(=O)C2)c(OC(C)C)c1
5253,COc1ccc(c(c1)OC(C)C)C1=N[C@H]([C@H](N1C(=O)N1CCNC(=O)C1)c1ccc(cc1)Cl)c1ccc(cc1)Cl,COc1ccc(C2=N[C@@H](c3ccc(Cl)cc3)[C@@H](c3ccc(Cl)cc3)N2C(=O)N2CCNC(=O)C2)c(OC(C)C)c1,0.989814523,0.994495691,0.992155107,0.067012074,0.0,0.887893594,0.911704635,0.899799115,10.52203692,0.0,0.997640139,0.933404409,0.965522274,3.899653433,0.0,0.99529978,0.972945403,0.984122592,1.587932441,0.0,50,uM,COc1ccc(C2=N[C@@H](c3ccc(Cl)cc3)[C@@H](c3ccc(Cl)cc3)N2C(=O)N2CCNC(=O)C2)c(OC(C)C)c1
5254,COc1ccc(c(c1)OC(C)C)C1=N[C@H]([C@H](N1C(=O)N1CCNC(=O)C1)c1ccc(cc1)Cl)c1ccc(cc1)Cl,COc1ccc(C2=N[C@@H](c3ccc(Cl)cc3)[C@@H](c3ccc(Cl)cc3)N2C(=O)N2CCNC(=O)C2)c(OC(C)C)c1,1.016209001,0.998307103,1.007258052,-1.500092942,0.0,0.887893594,0.911704635,0.899799115,10.52203692,0.0,0.997640139,0.933404409,0.965522274,3.899653433,0.0,0.99529978,0.972945403,0.984122592,1.587932441,0.0,50,uM,COc1ccc(C2=N[C@@H](c3ccc(Cl)cc3)[C@@H](c3ccc(Cl)cc3)N2C(=O)N2CCNC(=O)C2)c(OC(C)C)c1
5255,COc1ccc(c(c1)OC(C)C)C1=N[C@H]([C@H](N1C(=O)N1CCNC(=O)C1)c1ccc(cc1)Cl)c1ccc(cc1)Cl,COc1ccc(C2=N[C@@H](c3ccc(Cl)cc3)[C@@H](c3ccc(Cl)cc3)N2C(=O)N2CCNC(=O)C2)c(OC(C)C)c1,1.016209001,0.998307103,1.007258052,-1.500092942,0.0,0.887893594,0.911704635,0.899799115,10.52203692,0.0,0.997640139,0.933404409,0.965522274,3.899653433,0.0,0.99529978,0.972945403,0.984122592,1.587932441,0.0,50,uM,COc1ccc(C2=N[C@@H](c3ccc(Cl)cc3)[C@@H](c3ccc(Cl)cc3)N2C(=O)N2CCNC(=O)C2)c(OC(C)C)c1
5256,COc1ccc(c(c1)OC(C)C)C1=N[C@H]([C@H](N1C(=O)N1CCNC(=O)C1)c1ccc(cc1)Cl)c1ccc(cc1)Cl,COc1ccc(C2=N[C@@H](c3ccc(Cl)cc3)[C@@H](c3ccc(Cl)cc3)N2C(=O)N2CCNC(=O)C2)c(OC(C)C)c1,1.016209001,0.998307103,1.007258052,-1.500092942,0.0,0.887893594,0.911704635,0.899799115,10.52203692,0.0,0.997640139,0.933404409,0.965522274,3.899653433,0.0,0.99529978,0.972945403,0.984122592,1.587932441,0.0,50,uM,COc1ccc(C2=N[C@@H](c3ccc(Cl)cc3)[C@@H](c3ccc(Cl)cc3)N2C(=O)N2CCNC(=O)C2)c(OC(C)C)c1
5257,COc1ccc(c(c1)OC(C)C)C1=N[C@H]([C@H](N1C(=O)N1CCNC(=O)C1)c1ccc(cc1)Cl)c1ccc(cc1)Cl,COc1ccc(C2=N[C@@H](c3ccc(Cl)cc3)[C@@H](c3ccc(Cl)cc3)N2C(=O)N2CCNC(=O)C2)c(OC(C)C)c1,1.016209001,0.998307103,1.007258052,-1.500092942,0.0,0.887893594,0.911704635,0.899799115,10.52203692,0.0,0.997640139,0.933404409,0.965522274,3.899653433,0.0,0.99529978,0.972945403,0.984122592,1.587932441,0.0,50,uM,COc1ccc(C2=N[C@@H](c3ccc(Cl)cc3)[C@@H](c3ccc(Cl)cc3)N2C(=O)N2CCNC(=O)C2)c(OC(C)C)c1
5258,COc1ccc(c(c1)OC(C)C)C1=N[C@H]([C@H](N1C(=O)N1CCNC(=O)C1)c1ccc(cc1)Cl)c1ccc(cc1)Cl,COc1ccc(C2=N[C@@H](c3ccc(Cl)cc3)[C@@H](c3ccc(Cl)cc3)N2C(=O)N2CCNC(=O)C2)c(OC(C)C)c1,0.989814523,0.994495691,0.992155107,0.067012074,0.0,0.887893594,0.911704635,0.899799115,10.52203692,0.0,0.997640139,0.933404409,0.965522274,3.899653433,0.0,1.011866972,0.961064607,0.986465789,1.344719579,0.0,50,uM,COc1ccc(C2=N[C@@H](c3ccc(Cl)cc3)[C@@H](c3ccc(Cl)cc3)N2C(=O)N2CCNC(=O)C2)c(OC(C)C)c1
5259,COc1ccc(c(c1)OC(C)C)C1=N[C@H]([C@H](N1C(=O)N1CCNC(=O)C1)c1ccc(cc1)Cl)c1ccc(cc1)Cl,COc1ccc(C2=N[C@@H](c3ccc(Cl)cc3)[C@@H](c3ccc(Cl)cc3)N2C(=O)N2CCNC(=O)C2)c(OC(C)C)c1,0.989814523,0.994495691,0.992155107,0.067012074,0.0,0.887893594,0.911704635,0.899799115,10.52203692,0.0,0.997640139,0.933404409,0.965522274,3.899653433,0.0,1.011866972,0.961064607,0.986465789,1.344719579,0.0,50,uM,COc1ccc(C2=N[C@@H](c3ccc(Cl)cc3)[C@@H](c3ccc(Cl)cc3)N2C(=O)N2CCNC(=O)C2)c(OC(C)C)c1
5260,COc1ccc(c(c1)OC(C)C)C1=N[C@H]([C@H](N1C(=O)N1CCNC(=O)C1)c1ccc(cc1)Cl)c1ccc(cc1)Cl,COc1ccc(C2=N[C@@H](c3ccc(Cl)cc3)[C@@H](c3ccc(Cl)cc3)N2C(=O)N2CCNC(=O)C2)c(OC(C)C)c1,0.989814523,0.994495691,0.992155107,0.067012074,0.0,0.887893594,0.911704635,0.899799115,10.52203692,0.0,0.997640139,0.933404409,0.965522274,3.899653433,0.0,1.011866972,0.961064607,0.986465789,1.344719579,0.0,50,uM,COc1ccc(C2=N[C@@H](c3ccc(Cl)cc3)[C@@H](c3ccc(Cl)cc3)N2C(=O)N2CCNC(=O)C2)c(OC(C)C)c1
5261,COc1ccc(c(c1)OC(C)C)C1=N[C@H]([C@H](N1C(=O)N1CCNC(=O)C1)c1ccc(cc1)Cl)c1ccc(cc1)Cl,COc1ccc(C2=N[C@@H](c3ccc(Cl)cc3)[C@@H](c3ccc(Cl)cc3)N2C(=O)N2CCNC(=O)C2)c(OC(C)C)c1,0.989814523,0.994495691,0.992155107,0.067012074,0.0,0.887893594,0.911704635,0.899799115,10.52203692,0.0,0.997640139,0.933404409,0.965522274,3.899653433,0.0,1.011866972,0.961064607,0.986465789,1.344719579,0.0,50,uM,COc1ccc(C2=N[C@@H](c3ccc(Cl)cc3)[C@@H](c3ccc(Cl)cc3)N2C(=O)N2CCNC(=O)C2)c(OC(C)C)c1
5262,COc1ccc(c(c1)OC(C)C)C1=N[C@H]([C@H](N1C(=O)N1CCNC(=O)C1)c1ccc(cc1)Cl)c1ccc(cc1)Cl,COc1ccc(C2=N[C@@H](c3ccc(Cl)cc3)[C@@H](c3ccc(Cl)cc3)N2C(=O)N2CCNC(=O)C2)c(OC(C)C)c1,1.016209001,0.998307103,1.007258052,-1.500092942,0.0,0.887893594,0.911704635,0.899799115,10.52203692,0.0,0.997640139,0.933404409,0.965522274,3.899653433,0.0,1.011866972,0.961064607,0.986465789,1.344719579,0.0,50,uM,COc1ccc(C2=N[C@@H](c3ccc(Cl)cc3)[C@@H](c3ccc(Cl)cc3)N2C(=O)N2CCNC(=O)C2)c(OC(C)C)c1
5263,COc1ccc(c(c1)OC(C)C)C1=N[C@H]([C@H](N1C(=O)N1CCNC(=O)C1)c1ccc(cc1)Cl)c1ccc(cc1)Cl,COc1ccc(C2=N[C@@H](c3ccc(Cl)cc3)[C@@H](c3ccc(Cl)cc3)N2C(=O)N2CCNC(=O)C2)c(OC(C)C)c1,1.016209001,0.998307103,1.007258052,-1.500092942,0.0,0.887893594,0.911704635,0.899799115,10.52203692,0.0,0.997640139,0.933404409,0.965522274,3.899653433,0.0,1.011866972,0.961064607,0.986465789,1.344719579,0.0,50,uM,COc1ccc(C2=N[C@@H](c3ccc(Cl)cc3)[C@@H](c3ccc(Cl)cc3)N2C(=O)N2CCNC(=O)C2)c(OC(C)C)c1
5264,COc1ccc(c(c1)OC(C)C)C1=N[C@H]([C@H](N1C(=O)N1CCNC(=O)C1)c1ccc(cc1)Cl)c1ccc(cc1)Cl,COc1ccc(C2=N[C@@H](c3ccc(Cl)cc3)[C@@H](c3ccc(Cl)cc3)N2C(=O)N2CCNC(=O)C2)c(OC(C)C)c1,1.016209001,0.998307103,1.007258052,-1.500092942,0.0,0.887893594,0.911704635,0.899799115,10.52203692,0.0,0.997640139,0.933404409,0.965522274,3.899653433,0.0,1.011866972,0.961064607,0.986465789,1.344719579,0.0,50,uM,COc1ccc(C2=N[C@@H](c3ccc(Cl)cc3)[C@@H](c3ccc(Cl)cc3)N2C(=O)N2CCNC(=O)C2)c(OC(C)C)c1
5265,COc1ccc(c(c1)OC(C)C)C1=N[C@H]([C@H](N1C(=O)N1CCNC(=O)C1)c1ccc(cc1)Cl)c1ccc(cc1)Cl,COc1ccc(C2=N[C@@H](c3ccc(Cl)cc3)[C@@H](c3ccc(Cl)cc3)N2C(=O)N2CCNC(=O)C2)c(OC(C)C)c1,1.016209001,0.998307103,1.007258052,-1.500092942,0.0,0.887893594,0.911704635,0.899799115,10.52203692,0.0,0.997640139,0.933404409,0.965522274,3.899653433,0.0,1.011866972,0.961064607,0.986465789,1.344719579,0.0,50,uM,COc1ccc(C2=N[C@@H](c3ccc(Cl)cc3)[C@@H](c3ccc(Cl)cc3)N2C(=O)N2CCNC(=O)C2)c(OC(C)C)c1
5266,COc1ccc(c(c1)OC(C)C)C1=N[C@H]([C@H](N1C(=O)N1CCNC(=O)C1)c1ccc(cc1)Cl)c1ccc(cc1)Cl,COc1ccc(C2=N[C@@H](c3ccc(Cl)cc3)[C@@H](c3ccc(Cl)cc3)N2C(=O)N2CCNC(=O)C2)c(OC(C)C)c1,0.989814523,0.994495691,0.992155107,0.067012074,0.0,0.700541786,0.551355749,0.625948768,39.70603693,0.0,0.997640139,0.933404409,0.965522274,3.899653433,0.0,0.99529978,0.972945403,0.984122592,1.587932441,0.0,50,uM,COc1ccc(C2=N[C@@H](c3ccc(Cl)cc3)[C@@H](c3ccc(Cl)cc3)N2C(=O)N2CCNC(=O)C2)c(OC(C)C)c1
5267,COc1ccc(c(c1)OC(C)C)C1=N[C@H]([C@H](N1C(=O)N1CCNC(=O)C1)c1ccc(cc1)Cl)c1ccc(cc1)Cl,COc1ccc(C2=N[C@@H](c3ccc(Cl)cc3)[C@@H](c3ccc(Cl)cc3)N2C(=O)N2CCNC(=O)C2)c(OC(C)C)c1,0.989814523,0.994495691,0.992155107,0.067012074,0.0,0.700541786,0.551355749,0.625948768,39.70603693,0.0,0.997640139,0.933404409,0.965522274,3.899653433,0.0,0.99529978,0.972945403,0.984122592,1.587932441,0.0,50,uM,COc1ccc(C2=N[C@@H](c3ccc(Cl)cc3)[C@@H](c3ccc(Cl)cc3)N2C(=O)N2CCNC(=O)C2)c(OC(C)C)c1
5268,COc1ccc(c(c1)OC(C)C)C1=N[C@H]([C@H](N1C(=O)N1CCNC(=O)C1)c1ccc(cc1)Cl)c1ccc(cc1)Cl,COc1ccc(C2=N[C@@H](c3ccc(Cl)cc3)[C@@H](c3ccc(Cl)cc3)N2C(=O)N2CCNC(=O)C2)c(OC(C)C)c1,0.989814523,0.994495691,0.992155107,0.067012074,0.0,0.700541786,0.551355749,0.625948768,39.70603693,0.0,0.997640139,0.933404409,0.965522274,3.899653433,0.0,0.99529978,0.972945403,0.984122592,1.587932441,0.0,50,uM,COc1ccc(C2=N[C@@H](c3ccc(Cl)cc3)[C@@H](c3ccc(Cl)cc3)N2C(=O)N2CCNC(=O)C2)c(OC(C)C)c1
5269,COc1ccc(c(c1)OC(C)C)C1=N[C@H]([C@H](N1C(=O)N1CCNC(=O)C1)c1ccc(cc1)Cl)c1ccc(cc1)Cl,COc1ccc(C2=N[C@@H](c3ccc(Cl)cc3)[C@@H](c3ccc(Cl)cc3)N2C(=O)N2CCNC(=O)C2)c(OC(C)C)c1,0.989814523,0.994495691,0.992155107,0.067012074,0.0,0.700541786,0.551355749,0.625948768,39.70603693,0.0,0.997640139,0.933404409,0.965522274,3.899653433,0.0,0.99529978,0.972945403,0.984122592,1.587932441,0.0,50,uM,COc1ccc(C2=N[C@@H](c3ccc(Cl)cc3)[C@@H](c3ccc(Cl)cc3)N2C(=O)N2CCNC(=O)C2)c(OC(C)C)c1
5270,COc1ccc(c(c1)OC(C)C)C1=N[C@H]([C@H](N1C(=O)N1CCNC(=O)C1)c1ccc(cc1)Cl)c1ccc(cc1)Cl,COc1ccc(C2=N[C@@H](c3ccc(Cl)cc3)[C@@H](c3ccc(Cl)cc3)N2C(=O)N2CCNC(=O)C2)c(OC(C)C)c1,1.016209001,0.998307103,1.007258052,-1.500092942,0.0,0.700541786,0.551355749,0.625948768,39.70603693,0.0,0.997640139,0.933404409,0.965522274,3.899653433,0.0,0.99529978,0.972945403,0.984122592,1.587932441,0.0,50,uM,COc1ccc(C2=N[C@@H](c3ccc(Cl)cc3)[C@@H](c3ccc(Cl)cc3)N2C(=O)N2CCNC(=O)C2)c(OC(C)C)c1
5271,COc1ccc(c(c1)OC(C)C)C1=N[C@H]([C@H](N1C(=O)N1CCNC(=O)C1)c1ccc(cc1)Cl)c1ccc(cc1)Cl,COc1ccc(C2=N[C@@H](c3ccc(Cl)cc3)[C@@H](c3ccc(Cl)cc3)N2C(=O)N2CCNC(=O)C2)c(OC(C)C)c1,1.016209001,0.998307103,1.007258052,-1.500092942,0.0,0.700541786,0.551355749,0.625948768,39.70603693,0.0,0.997640139,0.933404409,0.965522274,3.899653433,0.0,0.99529978,0.972945403,0.984122592,1.587932441,0.0,50,uM,COc1ccc(C2=N[C@@H](c3ccc(Cl)cc3)[C@@H](c3ccc(Cl)cc3)N2C(=O)N2CCNC(=O)C2)c(OC(C)C)c1
5272,COc1ccc(c(c1)OC(C)C)C1=N[C@H]([C@H](N1C(=O)N1CCNC(=O)C1)c1ccc(cc1)Cl)c1ccc(cc1)Cl,COc1ccc(C2=N[C@@H](c3ccc(Cl)cc3)[C@@H](c3ccc(Cl)cc3)N2C(=O)N2CCNC(=O)C2)c(OC(C)C)c1,1.016209001,0.998307103,1.007258052,-1.500092942,0.0,0.700541786,0.551355749,0.625948768,39.70603693,0.0,0.997640139,0.933404409,0.965522274,3.899653433,0.0,0.99529978,0.972945403,0.984122592,1.587932441,0.0,50,uM,COc1ccc(C2=N[C@@H](c3ccc(Cl)cc3)[C@@H](c3ccc(Cl)cc3)N2C(=O)N2CCNC(=O)C2)c(OC(C)C)c1
5273,COc1ccc(c(c1)OC(C)C)C1=N[C@H]([C@H](N1C(=O)N1CCNC(=O)C1)c1ccc(cc1)Cl)c1ccc(cc1)Cl,COc1ccc(C2=N[C@@H](c3ccc(Cl)cc3)[C@@H](c3ccc(Cl)cc3)N2C(=O)N2CCNC(=O)C2)c(OC(C)C)c1,1.016209001,0.998307103,1.007258052,-1.500092942,0.0,0.700541786,0.551355749,0.625948768,39.70603693,0.0,0.997640139,0.933404409,0.965522274,3.899653433,0.0,0.99529978,0.972945403,0.984122592,1.587932441,0.0,50,uM,COc1ccc(C2=N[C@@H](c3ccc(Cl)cc3)[C@@H](c3ccc(Cl)cc3)N2C(=O)N2CCNC(=O)C2)c(OC(C)C)c1
5274,COc1ccc(c(c1)OC(C)C)C1=N[C@H]([C@H](N1C(=O)N1CCNC(=O)C1)c1ccc(cc1)Cl)c1ccc(cc1)Cl,COc1ccc(C2=N[C@@H](c3ccc(Cl)cc3)[C@@H](c3ccc(Cl)cc3)N2C(=O)N2CCNC(=O)C2)c(OC(C)C)c1,0.989814523,0.994495691,0.992155107,0.067012074,0.0,0.700541786,0.551355749,0.625948768,39.70603693,0.0,0.997640139,0.933404409,0.965522274,3.899653433,0.0,1.011866972,0.961064607,0.986465789,1.344719579,0.0,50,uM,COc1ccc(C2=N[C@@H](c3ccc(Cl)cc3)[C@@H](c3ccc(Cl)cc3)N2C(=O)N2CCNC(=O)C2)c(OC(C)C)c1
5275,COc1ccc(c(c1)OC(C)C)C1=N[C@H]([C@H](N1C(=O)N1CCNC(=O)C1)c1ccc(cc1)Cl)c1ccc(cc1)Cl,COc1ccc(C2=N[C@@H](c3ccc(Cl)cc3)[C@@H](c3ccc(Cl)cc3)N2C(=O)N2CCNC(=O)C2)c(OC(C)C)c1,0.989814523,0.994495691,0.992155107,0.067012074,0.0,0.700541786,0.551355749,0.625948768,39.70603693,0.0,0.997640139,0.933404409,0.965522274,3.899653433,0.0,1.011866972,0.961064607,0.986465789,1.344719579,0.0,50,uM,COc1ccc(C2=N[C@@H](c3ccc(Cl)cc3)[C@@H](c3ccc(Cl)cc3)N2C(=O)N2CCNC(=O)C2)c(OC(C)C)c1
5276,COc1ccc(c(c1)OC(C)C)C1=N[C@H]([C@H](N1C(=O)N1CCNC(=O)C1)c1ccc(cc1)Cl)c1ccc(cc1)Cl,COc1ccc(C2=N[C@@H](c3ccc(Cl)cc3)[C@@H](c3ccc(Cl)cc3)N2C(=O)N2CCNC(=O)C2)c(OC(C)C)c1,0.989814523,0.994495691,0.992155107,0.067012074,0.0,0.700541786,0.551355749,0.625948768,39.70603693,0.0,0.997640139,0.933404409,0.965522274,3.899653433,0.0,1.011866972,0.961064607,0.986465789,1.344719579,0.0,50,uM,COc1ccc(C2=N[C@@H](c3ccc(Cl)cc3)[C@@H](c3ccc(Cl)cc3)N2C(=O)N2CCNC(=O)C2)c(OC(C)C)c1
5277,COc1ccc(c(c1)OC(C)C)C1=N[C@H]([C@H](N1C(=O)N1CCNC(=O)C1)c1ccc(cc1)Cl)c1ccc(cc1)Cl,COc1ccc(C2=N[C@@H](c3ccc(Cl)cc3)[C@@H](c3ccc(Cl)cc3)N2C(=O)N2CCNC(=O)C2)c(OC(C)C)c1,0.989814523,0.994495691,0.992155107,0.067012074,0.0,0.700541786,0.551355749,0.625948768,39.70603693,0.0,0.997640139,0.933404409,0.965522274,3.899653433,0.0,1.011866972,0.961064607,0.986465789,1.344719579,0.0,50,uM,COc1ccc(C2=N[C@@H](c3ccc(Cl)cc3)[C@@H](c3ccc(Cl)cc3)N2C(=O)N2CCNC(=O)C2)c(OC(C)C)c1
5278,COc1ccc(c(c1)OC(C)C)C1=N[C@H]([C@H](N1C(=O)N1CCNC(=O)C1)c1ccc(cc1)Cl)c1ccc(cc1)Cl,COc1ccc(C2=N[C@@H](c3ccc(Cl)cc3)[C@@H](c3ccc(Cl)cc3)N2C(=O)N2CCNC(=O)C2)c(OC(C)C)c1,1.016209001,0.998307103,1.007258052,-1.500092942,0.0,0.700541786,0.551355749,0.625948768,39.70603693,0.0,0.997640139,0.933404409,0.965522274,3.899653433,0.0,1.011866972,0.961064607,0.986465789,1.344719579,0.0,50,uM,COc1ccc(C2=N[C@@H](c3ccc(Cl)cc3)[C@@H](c3ccc(Cl)cc3)N2C(=O)N2CCNC(=O)C2)c(OC(C)C)c1
5279,COc1ccc(c(c1)OC(C)C)C1=N[C@H]([C@H](N1C(=O)N1CCNC(=O)C1)c1ccc(cc1)Cl)c1ccc(cc1)Cl,COc1ccc(C2=N[C@@H](c3ccc(Cl)cc3)[C@@H](c3ccc(Cl)cc3)N2C(=O)N2CCNC(=O)C2)c(OC(C)C)c1,1.016209001,0.998307103,1.007258052,-1.500092942,0.0,0.700541786,0.551355749,0.625948768,39.70603693,0.0,0.997640139,0.933404409,0.965522274,3.899653433,0.0,1.011866972,0.961064607,0.986465789,1.344719579,0.0,50,uM,COc1ccc(C2=N[C@@H](c3ccc(Cl)cc3)[C@@H](c3ccc(Cl)cc3)N2C(=O)N2CCNC(=O)C2)c(OC(C)C)c1
5280,COc1ccc(c(c1)OC(C)C)C1=N[C@H]([C@H](N1C(=O)N1CCNC(=O)C1)c1ccc(cc1)Cl)c1ccc(cc1)Cl,COc1ccc(C2=N[C@@H](c3ccc(Cl)cc3)[C@@H](c3ccc(Cl)cc3)N2C(=O)N2CCNC(=O)C2)c(OC(C)C)c1,1.016209001,0.998307103,1.007258052,-1.500092942,0.0,0.700541786,0.551355749,0.625948768,39.70603693,0.0,0.997640139,0.933404409,0.965522274,3.899653433,0.0,1.011866972,0.961064607,0.986465789,1.344719579,0.0,50,uM,COc1ccc(C2=N[C@@H](c3ccc(Cl)cc3)[C@@H](c3ccc(Cl)cc3)N2C(=O)N2CCNC(=O)C2)c(OC(C)C)c1
5281,COc1ccc(c(c1)OC(C)C)C1=N[C@H]([C@H](N1C(=O)N1CCNC(=O)C1)c1ccc(cc1)Cl)c1ccc(cc1)Cl,COc1ccc(C2=N[C@@H](c3ccc(Cl)cc3)[C@@H](c3ccc(Cl)cc3)N2C(=O)N2CCNC(=O)C2)c(OC(C)C)c1,1.016209001,0.998307103,1.007258052,-1.500092942,0.0,0.700541786,0.551355749,0.625948768,39.70603693,0.0,0.997640139,0.933404409,0.965522274,3.899653433,0.0,1.011866972,0.961064607,0.986465789,1.344719579,0.0,50,uM,COc1ccc(C2=N[C@@H](c3ccc(Cl)cc3)[C@@H](c3ccc(Cl)cc3)N2C(=O)N2CCNC(=O)C2)c(OC(C)C)c1
