LD50_Name,Rho,Names,,,,,,,,,,,,,,,,,,,,,,,,,,,,,,,,,,,,,,,,,,,,,,,,,,,,,,,,,,,,,
cat_intravenous_LDLo_(?log(mol/kg)),0.679528899,Cat Intravenous LDLo,,Names,Cat Intravenous LDLo,Cat Intravenous LD50,Guinea Pig Intravenous LDLo,Rabbit Intravenous LDLo,Rat Intravenous LD50,Dog Intravenous LD50,Frog Subcutaneous LDLo,Rat Intravenous LDLo,Mouse Intraperitoneal LDLo,Guinea Pig Oral LD50,Dog Intravenous LDLo,Mouse Intramuscular LD50,Mouse Intravenous LD50,Cat Oral LD50,Rabbit Intravenous LD50,Rat Intraperitoneal LDLo,Rabbit Oral LDLo,Mouse Intravenous LDLo,Rabbit Oral LD50,Guinea Pig Intraperitoneal LD50,Rat Subcutaneous LDLo,Dog Oral LDLo,Rabbit Intraperitoneal LD50,Guinea Pig Skin LD50,Rat Intramuscular LD50,Rat LD50 (Route Unreported),Rabbit Skin LD50,Human Oral TDLo,Rabbit Subcutaneous LDLo,Mammal (species unspecified) Oral LD50,Mouse Subcutaneous LD50,Guinea Pig Subcutaneous LDLo,Rat Oral LD50,Rat Intraperitoneal LD50,Cat Oral LDLo,Women Oral TDLo,Man Oral TDLo,Mouse Intraperitoneal LD50,Rat Oral LDLo,Guinea Pig Intravenous LD50,Mouse Subcutaneous LDLo,Mouse Oral LD50,Mouse LD50 (Route Unreported),Mammal (species unspecified) LD50 (Route Unreported),Mouse Parenteral LD50,Wild Bird Oral LD50,Rat Subcutaneous LD50,Dog Oral LD50,Rat Skin LD50,Chicken Oral LD50,Guinea Pig Subcutaneous LD50,Mouse Oral LDLo,Mammal (species unspecified) Intraperitoneal LD50,Rabbit Skin LDLo,Rabbit Subcutaneous LD50,Mammal (species unspecified) Subcutaneous LD50,Mouse Skin LD50,Quail Oral LD50,Duck Oral LD50
cat_intravenous_LD50_(?log(mol/kg)),0.660448205,Cat Intravenous LD50,,Rho,0.679528899,0.660448205,0.64872646,0.543656738,0.526038476,0.520363774,0.518672908,0.511428153,0.501870295,0.487793821,0.473194843,0.466309982,0.441421871,0.439746082,0.433370304,0.42510066,0.419933234,0.414512782,0.365872971,0.360421443,0.359694752,0.351330086,0.343991886,0.327385889,0.326147624,0.323657135,0.321876607,0.306864053,0.29451206,0.28749132,0.284859805,0.284583516,0.283589479,0.274979387,0.274395368,0.256120498,0.252559008,0.23701503,0.236742443,0.233843298,0.230589492,0.226476757,0.218575593,0.217659338,0.209614534,0.208999165,0.174999986,0.172601572,0.168466251,0.151028652,0.137233355,0.13611776,0.128387204,0.127029772,0.112677214,0.11161889,-0.010299659,-0.040563903,-0.140091352
guinea pig_intravenous_LDLo_(?log(mol/kg)),0.64872646,Guinea Pig Intravenous LDLo,,,,,,,,,,,,,,,,,,,,,,,,,,,,,,,,,,,,,,,,,,,,,,,,,,,,,,,,,,,,,
rabbit_intravenous_LDLo_(?log(mol/kg)),0.543656738,Rabbit Intravenous LDLo,,,,,,,,,,,,,,,,,,,,,,,,,,,,,,,,,,,,,,,,,,,,,,,,,,,,,,,,,,,,,
rat_intravenous_LD50_(?log(mol/kg)),0.526038476,Rat Intravenous LD50,,,,,,,,,,,,,,,,,,,,,,,,,,,,,,,,,,,,,,,,,,,,,,,,,,,,,,,,,,,,,
dog_intravenous_LD50_(?log(mol/kg)),0.520363774,Dog Intravenous LD50,,,,,,,,,,,,,,,,,,,,,,,,,,,,,,,,,,,,,,,,,,,,,,,,,,,,,,,,,,,,,
frog_subcutaneous_LDLo_(?log(mol/kg)),0.518672908,Frog Subcutaneous LDLo,,,,,,,,,,,,,,,,,,,,,,,,,,,,,,,,,,,,,,,,,,,,,,,,,,,,,,,,,,,,,
rat_intravenous_LDLo_(?log(mol/kg)),0.511428153,Rat Intravenous LDLo,,,,,,,,,,,,,,,,,,,,,,,,,,,,,,,,,,,,,,,,,,,,,,,,,,,,,,,,,,,,,
mouse_intraperitoneal_LDLo_(?log(mol/kg)),0.501870295,Mouse Intraperitoneal LDLo,,,,,,,,,,,,,,,,,,,,,,,,,,,,,,,,,,,,,,,,,,,,,,,,,,,,,,,,,,,,,
guinea pig_oral_LD50_(?log(mol/kg)),0.487793821,Guinea Pig Oral LD50,,,,,,,,,,,,,,,,,,,,,,,,,,,,,,,,,,,,,,,,,,,,,,,,,,,,,,,,,,,,,
dog_intravenous_LDLo_(?log(mol/kg)),0.473194843,Dog Intravenous LDLo,,,,,,,,,,,,,,,,,,,,,,,,,,,,,,,,,,,,,,,,,,,,,,,,,,,,,,,,,,,,,
mouse_intramuscular_LD50_(?log(mol/kg)),0.466309982,Mouse Intramuscular LD50,,,,,,,,,,,,,,,,,,,,,,,,,,,,,,,,,,,,,,,,,,,,,,,,,,,,,,,,,,,,,
mouse_intravenous_LD50_(?log(mol/kg)),0.441421871,Mouse Intravenous LD50,,,,,,,,,,,,,,,,,,,,,,,,,,,,,,,,,,,,,,,,,,,,,,,,,,,,,,,,,,,,,
cat_oral_LD50_(?log(mol/kg)),0.439746082,Cat Oral LD50,,,,,,,,,,,,,,,,,,,,,,,,,,,,,,,,,,,,,,,,,,,,,,,,,,,,,,,,,,,,,
rabbit_intravenous_LD50_(?log(mol/kg)),0.433370304,Rabbit Intravenous LD50,,,,,,,,,,,,,,,,,,,,,,,,,,,,,,,,,,,,,,,,,,,,,,,,,,,,,,,,,,,,,
rat_intraperitoneal_LDLo_(?log(mol/kg)),0.42510066,Rat Intraperitoneal LDLo,,,,,,,,,,,,,,,,,,,,,,,,,,,,,,,,,,,,,,,,,,,,,,,,,,,,,,,,,,,,,
rabbit_oral_LDLo_(?log(mol/kg)),0.419933234,Rabbit Oral LDLo,,,,,,,,,,,,,,,,,,,,,,,,,,,,,,,,,,,,,,,,,,,,,,,,,,,,,,,,,,,,,
mouse_intravenous_LDLo_(?log(mol/kg)),0.414512782,Mouse Intravenous LDLo,,,,,,,,,,,,,,,,,,,,,,,,,,,,,,,,,,,,,,,,,,,,,,,,,,,,,,,,,,,,,
rabbit_oral_LD50_(?log(mol/kg)),0.365872971,Rabbit Oral LD50,,,,,,,,,,,,,,,,,,,,,,,,,,,,,,,,,,,,,,,,,,,,,,,,,,,,,,,,,,,,,
guinea pig_intraperitoneal_LD50_(?log(mol/kg)),0.360421443,Guinea Pig Intraperitoneal LD50,,,,,,,,,,,,,,,,,,,,,,,,,,,,,,,,,,,,,,,,,,,,,,,,,,,,,,,,,,,,,
rat_subcutaneous_LDLo_(?log(mol/kg)),0.359694752,Rat Subcutaneous LDLo,,,,,,,,,,,,,,,,,,,,,,,,,,,,,,,,,,,,,,,,,,,,,,,,,,,,,,,,,,,,,
dog_oral_LDLo_(?log(mol/kg)),0.351330086,Dog Oral LDLo,,,,,,,,,,,,,,,,,,,,,,,,,,,,,,,,,,,,,,,,,,,,,,,,,,,,,,,,,,,,,
rabbit_intraperitoneal_LD50_(?log(mol/kg)),0.343991886,Rabbit Intraperitoneal LD50,,,,,,,,,,,,,,,,,,,,,,,,,,,,,,,,,,,,,,,,,,,,,,,,,,,,,,,,,,,,,
guinea pig_skin_LD50_(?log(mol/kg)),0.327385889,Guinea Pig Skin LD50,,,,,,,,,,,,,,,,,,,,,,,,,,,,,,,,,,,,,,,,,,,,,,,,,,,,,,,,,,,,,
rat_intramuscular_LD50_(?log(mol/kg)),0.326147624,Rat Intramuscular LD50,,,,,,,,,,,,,,,,,,,,,,,,,,,,,,,,,,,,,,,,,,,,,,,,,,,,,,,,,,,,,
rat_unreported_LD50_(?log(mol/kg)),0.323657135,Rat LD50 (Route Unreported),,,,,,,,,,,,,,,,,,,,,,,,,,,,,,,,,,,,,,,,,,,,,,,,,,,,,,,,,,,,,
rabbit_skin_LD50_(?log(mol/kg)),0.321876607,Rabbit Skin LD50,,,,,,,,,,,,,,,,,,,,,,,,,,,,,,,,,,,,,,,,,,,,,,,,,,,,,,,,,,,,,
human_oral_TDLo,0.306864053,Human Oral TDLo,,,,,,,,,,,,,,,,,,,,,,,,,,,,,,,,,,,,,,,,,,,,,,,,,,,,,,,,,,,,,
rabbit_subcutaneous_LDLo_(?log(mol/kg)),0.29451206,Rabbit Subcutaneous LDLo,,,,,,,,,,,,,,,,,,,,,,,,,,,,,,,,,,,,,,,,,,,,,,,,,,,,,,,,,,,,,
mammal (species unspecified)_oral_LD50_(?log(mol/kg)),0.28749132,Mammal (species unspecified) Oral LD50,,,,,,,,,,,,,,,,,,,,,,,,,,,,,,,,,,,,,,,,,,,,,,,,,,,,,,,,,,,,,
mouse_subcutaneous_LD50_(?log(mol/kg)),0.284859805,Mouse Subcutaneous LD50,,,,,,,,,,,,,,,,,,,,,,,,,,,,,,,,,,,,,,,,,,,,,,,,,,,,,,,,,,,,,
guinea pig_subcutaneous_LDLo_(?log(mol/kg)),0.284583516,Guinea Pig Subcutaneous LDLo,,,,,,,,,,,,,,,,,,,,,,,,,,,,,,,,,,,,,,,,,,,,,,,,,,,,,,,,,,,,,
rat_oral_LD50_(?log(mol/kg)),0.283589479,Rat Oral LD50,,,,,,,,,,,,,,,,,,,,,,,,,,,,,,,,,,,,,,,,,,,,,,,,,,,,,,,,,,,,,
rat_intraperitoneal_LD50_(?log(mol/kg)),0.274979387,Rat Intraperitoneal LD50,,,,,,,,,,,,,,,,,,,,,,,,,,,,,,,,,,,,,,,,,,,,,,,,,,,,,,,,,,,,,
cat_oral_LDLo_(?log(mol/kg)),0.274395368,Cat Oral LDLo,,,,,,,,,,,,,,,,,,,,,,,,,,,,,,,,,,,,,,,,,,,,,,,,,,,,,,,,,,,,,
women_oral_TDLo,0.256120498,Women Oral TDLo,,,,,,,,,,,,,,,,,,,,,,,,,,,,,,,,,,,,,,,,,,,,,,,,,,,,,,,,,,,,,
man_oral_TDLo,0.252559008,Man Oral TDLo,,,,,,,,,,,,,,,,,,,,,,,,,,,,,,,,,,,,,,,,,,,,,,,,,,,,,,,,,,,,,
mouse_intraperitoneal_LD50_(?log(mol/kg))_(?log(mol/kg)),0.23701503,Mouse Intraperitoneal LD50,,,,,,,,,,,,,,,,,,,,,,,,,,,,,,,,,,,,,,,,,,,,,,,,,,,,,,,,,,,,,
rat_oral_LDLo_(?log(mol/kg)),0.236742443,Rat Oral LDLo,,,,,,,,,,,,,,,,,,,,,,,,,,,,,,,,,,,,,,,,,,,,,,,,,,,,,,,,,,,,,
guinea pig_intravenous_LD50_(?log(mol/kg)),0.233843298,Guinea Pig Intravenous LD50,,,,,,,,,,,,,,,,,,,,,,,,,,,,,,,,,,,,,,,,,,,,,,,,,,,,,,,,,,,,,
mouse_subcutaneous_LDLo_(?log(mol/kg)),0.230589492,Mouse Subcutaneous LDLo,,,,,,,,,,,,,,,,,,,,,,,,,,,,,,,,,,,,,,,,,,,,,,,,,,,,,,,,,,,,,
mouse_oral_LD50_(?log(mol/kg)),0.226476757,Mouse Oral LD50,,,,,,,,,,,,,,,,,,,,,,,,,,,,,,,,,,,,,,,,,,,,,,,,,,,,,,,,,,,,,
mouse_unreported_LD50_(?log(mol/kg)),0.218575593,Mouse LD50 (Route Unreported),,,,,,,,,,,,,,,,,,,,,,,,,,,,,,,,,,,,,,,,,,,,,,,,,,,,,,,,,,,,,
mammal (species unspecified)_unreported_LD50_(?log(mol/kg)),0.217659338,Mammal (species unspecified) LD50 (Route Unreported),,,,,,,,,,,,,,,,,,,,,,,,,,,,,,,,,,,,,,,,,,,,,,,,,,,,,,,,,,,,,
mouse_parenteral_LD50_(?log(mol/kg)),0.209614534,Mouse Parenteral LD50,,,,,,,,,,,,,,,,,,,,,,,,,,,,,,,,,,,,,,,,,,,,,,,,,,,,,,,,,,,,,
bird - wild_oral_LD50_(?log(mol/kg)),0.208999165,Wild Bird Oral LD50,,,,,,,,,,,,,,,,,,,,,,,,,,,,,,,,,,,,,,,,,,,,,,,,,,,,,,,,,,,,,
rat_subcutaneous_LD50_(?log(mol/kg)),0.174999986,Rat Subcutaneous LD50,,,,,,,,,,,,,,,,,,,,,,,,,,,,,,,,,,,,,,,,,,,,,,,,,,,,,,,,,,,,,
dog_oral_LD50_(?log(mol/kg)),0.172601572,Dog Oral LD50,,,,,,,,,,,,,,,,,,,,,,,,,,,,,,,,,,,,,,,,,,,,,,,,,,,,,,,,,,,,,
rat_skin_LD50_(?log(mol/kg)),0.168466251,Rat Skin LD50,,,,,,,,,,,,,,,,,,,,,,,,,,,,,,,,,,,,,,,,,,,,,,,,,,,,,,,,,,,,,
chicken_oral_LD50_(?log(mol/kg)),0.151028652,Chicken Oral LD50,,,,,,,,,,,,,,,,,,,,,,,,,,,,,,,,,,,,,,,,,,,,,,,,,,,,,,,,,,,,,
guinea pig_subcutaneous_LD50_(?log(mol/kg)),0.137233355,Guinea Pig Subcutaneous LD50,,,,,,,,,,,,,,,,,,,,,,,,,,,,,,,,,,,,,,,,,,,,,,,,,,,,,,,,,,,,,
mouse_oral_LDLo_(?log(mol/kg)),0.13611776,Mouse Oral LDLo,,,,,,,,,,,,,,,,,,,,,,,,,,,,,,,,,,,,,,,,,,,,,,,,,,,,,,,,,,,,,
mammal (species unspecified)_intraperitoneal_LD50_(?log(mol/kg)),0.128387204,Mammal (species unspecified) Intraperitoneal LD50,,,,,,,,,,,,,,,,,,,,,,,,,,,,,,,,,,,,,,,,,,,,,,,,,,,,,,,,,,,,,
rabbit_skin_LDLo_(?log(mol/kg)),0.127029772,Rabbit Skin LDLo,,,,,,,,,,,,,,,,,,,,,,,,,,,,,,,,,,,,,,,,,,,,,,,,,,,,,,,,,,,,,
rabbit_subcutaneous_LD50_(?log(mol/kg)),0.112677214,Rabbit Subcutaneous LD50,,,,,,,,,,,,,,,,,,,,,,,,,,,,,,,,,,,,,,,,,,,,,,,,,,,,,,,,,,,,,
mammal (species unspecified)_subcutaneous_LD50_(?log(mol/kg)),0.11161889,Mammal (species unspecified) Subcutaneous LD50,,,,,,,,,,,,,,,,,,,,,,,,,,,,,,,,,,,,,,,,,,,,,,,,,,,,,,,,,,,,,
mouse_skin_LD50_(?log(mol/kg)),-0.010299659,Mouse Skin LD50,,,,,,,,,,,,,,,,,,,,,,,,,,,,,,,,,,,,,,,,,,,,,,,,,,,,,,,,,,,,,
quail_oral_LD50_(?log(mol/kg)),-0.040563903,Quail Oral LD50,,,,,,,,,,,,,,,,,,,,,,,,,,,,,,,,,,,,,,,,,,,,,,,,,,,,,,,,,,,,,
duck_oral_LD50_(?log(mol/kg)),-0.140091352,Duck Oral LD50,,,,,,,,,,,,,,,,,,,,,,,,,,,,,,,,,,,,,,,,,,,,,,,,,,,,,,,,,,,,,