path,relative_path,previous_path,source_kind,rows,delimiter,bytes,sha256
/Users/asselism/Desktop/Collins_Lab/Repositories/safetynet-private/datasets/antibiotic_activity_datasets/broad_39k.csv,datasets/antibiotic_activity_datasets/broad_39k.csv,/Users/asselism/Desktop/Collins_Lab/Repositories/safetynet-private/datasets/antibiotic_activity_datasets/broad_39k.csv,compound_level_source,39981,comma,13957958,8e3771c13037061d233f3a650eb4db0300d622e0ec9be2ffd88ab0d5abd42d5c
/Users/asselism/Desktop/Collins_Lab/Repositories/safetynet-private/datasets/antibiotic_activity_datasets/coadd.csv,datasets/antibiotic_activity_datasets/coadd.csv,/Users/asselism/Desktop/Collins_Lab/Repositories/safetynet-private/datasets/antibiotic_activity_datasets/coadd.csv,compound_level_source,188740,comma,110742721,3012cd12af63859b7ad0d69b7e0e10674d585217b08c2d414e8014f8543c85e7
/Users/asselism/Desktop/Collins_Lab/Repositories/safetynet-private/datasets/antibiotic_activity_datasets/ecbd.csv,datasets/antibiotic_activity_datasets/ecbd.csv,/Users/asselism/Desktop/Collins_Lab/Repositories/safetynet-private/datasets/antibiotic_activity_datasets/ecbd.csv,compound_level_source,101097,comma,16181719,83f6944e160abdc024cecb06107e123ce4f9b7e4cd74b5b5ed0a87ffac30e5a1
/Users/asselism/Desktop/Collins_Lab/Repositories/safetynet-private/datasets/toxicity_datasets/ecbd_cytotoxicity_dataset.csv,datasets/toxicity_datasets/ecbd_cytotoxicity_dataset.csv,/Users/asselism/Desktop/Collins_Lab/Repositories/safetynet-private/datasets/toxicity_datasets/ecbd_cytotoxicity_dataset.csv,compound_level_source,101097,comma,11564291,43de5bdb8a96fad36e3e09d510c752006da0a8be51075ac57332c5f989821fea
/Users/asselism/Desktop/Collins_Lab/Repositories/safetynet-private/datasets/toxicity_datasets/safetynet_100k_cytotoxicity_dataset.csv,datasets/toxicity_datasets/safetynet_100k_cytotoxicity_dataset.csv,/Users/asselism/Desktop/Collins_Lab/Repositories/safetynet-private/datasets/toxicity_datasets/safetynet_100k_cytotoxicity_dataset.csv,compound_level_source,100352,comma,19873712,de4393c66ccae50140157165c847a8efddcbea3b777a5ddbb41e5a8757b181ee
/Users/asselism/Desktop/Collins_Lab/Repositories/safetynet-private/datasets/external_validation/coadd/coadd_hek293_labels_and_predictions.tsv,datasets/external_validation/coadd/coadd_hek293_labels_and_predictions.tsv,/Users/asselism/Desktop/Collins_Lab/Repositories/safetynet-private/relevant_datasets/co_add_hek_with_standardized_smiles_with_minimol_fingerprints_activity_scores_and_tox_scores.csv,compound_level_source,4598,tab,54638390,a9ceddea780c1362cc39403fa2c102f9b83c6f4e1865c9ebabac4a3ca8efdc3e
/Users/asselism/Desktop/Collins_Lab/Repositories/safetynet-private/datasets/external_validation/clintox/clintox_labels_predictions_and_filters.csv,datasets/external_validation/clintox/clintox_labels_predictions_and_filters.csv,/Users/asselism/Desktop/Collins_Lab/Repositories/safetynet-private/relevant_datasets/clintox_combined_with_minimol_representations_with_tox_and_antibiotic_scores_with_tox_filters_with_metrics.csv,compound_level_source,1477,comma,17612518,5f6d6daded34b5dbbfd06f394c09e8168bfb9ef328d4befb71d43e41528fd5ea
/Users/asselism/Desktop/Collins_Lab/Repositories/safetynet-private/datasets/external_validation/ecbd/ecbd_safetynet_predictions_with_structural_alerts.csv,datasets/external_validation/ecbd/ecbd_safetynet_predictions_with_structural_alerts.csv,/Users/asselism/Desktop/Collins_Lab/Repositories/safetynet-private/relevant_datasets/ecbd_mtl_predictions_with_sim_with_structural_alerts.csv,compound_level_source,43993,comma,11553326,870038309bae174914dcbb6b3ae8c40e8b04452bc245a088e340164ecad77962
/Users/asselism/Desktop/Collins_Lab/Repositories/safetynet-private/datasets/external_validation/ecbd/ecbd_merged_panel_predictions.csv,datasets/external_validation/ecbd/ecbd_merged_panel_predictions.csv,/Users/asselism/Desktop/Collins_Lab/Repositories/safetynet-private/relevant_datasets/ecbd_all_panels_merged_by_eos_with_minimol_representation_with_activity_and_tox_just_mean_of_ensemble_members.csv,compound_level_source,106373,comma,27620057,d76f0330ff045f4787e8d71c9d3efd950b3e169807912479007ee7963ceda25a
/Users/asselism/Desktop/Collins_Lab/Repositories/safetynet-private/datasets/external_validation/ecbd/ecbd_embeddings_and_ensemble_predictions.tsv,datasets/external_validation/ecbd/ecbd_embeddings_and_ensemble_predictions.tsv,/Users/asselism/Desktop/Collins_Lab/Repositories/safetynet-private/relevant_datasets/formatted_ecbd_antibiotic_toxicity_data_combined_with_minimol_fingerprints_with_tox_and_antibiotic_scores.tsv,compound_level_source,101097,tab,152338574,e6c65ab60db2a4539043f03bffa4c5d024ccb7dfc5f017044b6a471b73706f48
/Users/asselism/Desktop/Collins_Lab/Repositories/safetynet-private/datasets/external_validation/ecbd/ecbd_assay_labels_predictions_and_filters.csv,datasets/external_validation/ecbd/ecbd_assay_labels_predictions_and_filters.csv,/Users/asselism/Desktop/Collins_Lab/Repositories/safetynet-private/relevant_datasets/formatted_ecbd_antibiotic_toxicity_data_combined_with_tox_and_antibiotic_scores_and_filters.csv,compound_level_source,101097,comma,19480151,333cc9cf3d0109f7845b2e53b276309123ee7ee9f4bb516cbe6ad08f3909beb5
/Users/asselism/Desktop/Collins_Lab/Repositories/safetynet-private/datasets/external_validation/drug_repurposing_hub/drug_repurposing_hub_ec_hepg2_labels_and_predictions.tsv,datasets/external_validation/drug_repurposing_hub/drug_repurposing_hub_ec_hepg2_labels_and_predictions.tsv,/Users/asselism/Desktop/Collins_Lab/Repositories/safetynet-private/relevant_datasets/hepg2_ec_tanimoto_matches_with_standardized_smiles_with_minimol_fingerprints_activity_scores_and_tox_scores.csv,compound_level_source,4527,tab,54596319,b89595c1d797b62412391e10f8f385a5d2836b0a678e5a6e1f73b8f393037f83
/Users/asselism/Desktop/Collins_Lab/Repositories/safetynet-private/datasets/reference_summaries/animal_toxicity_correlations.csv,datasets/reference_summaries/animal_toxicity_correlations.csv,/Users/asselism/Desktop/Collins_Lab/Repositories/safetynet-private/relevant_datasets/ld50_dataset_with_tox_predictions_with_r2_and_spearman.csv,reference_summary,59,comma,9925,3022aae2e3418ff4cd9a1ae760b4d8530eceaa2a210b1a0fbc6ed3dbaec23529
/Users/asselism/Desktop/Collins_Lab/Repositories/safetynet-private/datasets/reference_summaries/animal_toxicity_correlations_tanimoto_lt_0_9.csv,datasets/reference_summaries/animal_toxicity_correlations_tanimoto_lt_0_9.csv,/Users/asselism/Desktop/Collins_Lab/Repositories/safetynet-private/relevant_datasets/ld50_dataset_with_tox_predictions_with_r2_and_spearman_with_tansim_lt_0_pnt_9.csv,reference_summary,59,comma,3435,df20c0f6d60cc2af25379327abe66b02817b8767fc6498f973b16da0664e65fa
/Users/asselism/Desktop/Collins_Lab/Repositories/safetynet-private/datasets/reference_summaries/animal_toxicity_correlations_tanimoto_lt_1.csv,datasets/reference_summaries/animal_toxicity_correlations_tanimoto_lt_1.csv,/Users/asselism/Desktop/Collins_Lab/Repositories/safetynet-private/relevant_datasets/ld50_dataset_with_tox_predictions_with_r2_and_spearman_with_tansim_lt_1.csv,reference_summary,59,comma,2965,bd459fc2bc4c12a9e88124c596b78999e860486f54c87b5afae6b932c8c6b585
/Users/asselism/Desktop/Collins_Lab/Repositories/safetynet-private/datasets/external_validation/tox21/tox21_labels_and_safetynet_predictions.csv,datasets/external_validation/tox21/tox21_labels_and_safetynet_predictions.csv,/Users/asselism/Desktop/Collins_Lab/Repositories/safetynet-private/relevant_datasets/original_merged_tox21_results_with_minimol_representations_with_tox_predictions_only_tox_related_columns_with_maxsim_to_reference.csv,compound_level_source,7973,comma,85692467,64f4da1eeaca5ca5ea8a8701714cc1b2b3b7306184d94b162f0ca37f97280997
/Users/asselism/Desktop/Collins_Lab/Repositories/safetynet-private/datasets/reference_summaries/tox21_assay_metrics.csv,datasets/reference_summaries/tox21_assay_metrics.csv,/Users/asselism/Desktop/Collins_Lab/Repositories/safetynet-private/relevant_datasets/tox21_auroc_auprc_for_tox_model.csv,reference_summary,42,comma,3399,754f9f72f2ce8eaf1639dccc80678b8ad740bfe568fa1ac66aadf67a05489d76
/Users/asselism/Desktop/Collins_Lab/Repositories/safetynet-private/datasets/derived/chemical_space/antibacterial_excluded_molecules.csv,datasets/derived/chemical_space/antibacterial_excluded_molecules.csv,generated by documented analysis,derived_analysis_table,,",",1606,1ba30e7b58c8a17d75076061b8e27abc33afe1dbef3f98697874dfc62fe1ced5
/Users/asselism/Desktop/Collins_Lab/Repositories/safetynet-private/datasets/derived/chemical_space/antibacterial_svd_initial_coordinates.csv,datasets/derived/chemical_space/antibacterial_svd_initial_coordinates.csv,generated by documented analysis,derived_analysis_table,,",",20456600,60ba9f1b02ffc39fcb65db317abfb406f7c1a7c778acf49b57c0b5582a4a3e75
/Users/asselism/Desktop/Collins_Lab/Repositories/safetynet-private/datasets/derived/chemical_space/antibacterial_tsne_coordinates.csv,datasets/derived/chemical_space/antibacterial_tsne_coordinates.csv,generated by documented analysis,derived_analysis_table,,",",29639569,91233ba9483786971c3a6703a43a2e1fc2126493adf8f3a5bd481738ce38d6d5
/Users/asselism/Desktop/Collins_Lab/Repositories/safetynet-private/datasets/derived/chemical_space/cytotoxicity_excluded_molecules.csv,datasets/derived/chemical_space/cytotoxicity_excluded_molecules.csv,generated by documented analysis,derived_analysis_table,,",",669,8adac70c2bdd636f1d029e5be9ea794a3b76c5c7d7b5baaed215fb28200a679a
/Users/asselism/Desktop/Collins_Lab/Repositories/safetynet-private/datasets/derived/chemical_space/cytotoxicity_svd_initial_coordinates.csv,datasets/derived/chemical_space/cytotoxicity_svd_initial_coordinates.csv,generated by documented analysis,derived_analysis_table,,",",10244906,7229b188e21d12525e5c9451bbe42610d4fcf252ec4053a9ded5ca6d52f648b9
/Users/asselism/Desktop/Collins_Lab/Repositories/safetynet-private/datasets/derived/chemical_space/cytotoxicity_tsne_coordinates.csv,datasets/derived/chemical_space/cytotoxicity_tsne_coordinates.csv,generated by documented analysis,derived_analysis_table,,",",14298643,1ec7e81cad6e107ab2fff25998747a7e9af72593c8f6b03f6dd221109b1a772e
/Users/asselism/Desktop/Collins_Lab/Repositories/safetynet-private/datasets/derived/figure_1/cxsmiles_format_repairs.csv,datasets/derived/figure_1/cxsmiles_format_repairs.csv,generated by documented analysis,derived_analysis_table,,",",4269,fe4d7e5fd457173c7aaf1ac3c750d177406eb10274206d44d23db6a07ddb6b7f
/Users/asselism/Desktop/Collins_Lab/Repositories/safetynet-private/datasets/derived/figure_1/molecular_properties.csv,datasets/derived/figure_1/molecular_properties.csv,generated by documented analysis,derived_analysis_table,,",",8781665,9e93c93887569e31bfba72d56b27c48b5ba2a8278a7f1f541e269e10a8347649
/Users/asselism/Desktop/Collins_Lab/Repositories/safetynet-private/datasets/derived/figure_1/screening_analysis_cohort.csv,datasets/derived/figure_1/screening_analysis_cohort.csv,generated by documented analysis,derived_analysis_table,,",",4371689,8921174ac015d4dd3625d02c9ee3d121ba7035088b837c3409aca8e07125484d
/Users/asselism/Desktop/Collins_Lab/Repositories/safetynet-private/datasets/reference_summaries/benchmark_model_metrics.csv,datasets/reference_summaries/benchmark_model_metrics.csv,generated by documented analysis,reference_summary,,",",2664,68ff59e0d6d52c5b4a1ce8de96064abfc97d6ef705dd669fae85abf3364cd3b2
