previous_path,path,previous_filename,filename,contents_modified
/Users/asselism/Desktop/Collins_Lab/Repositories/safetynet-private/relevant_datasets/ecbd_mtl_predictions_with_sim_with_structural_alerts.csv,/Users/asselism/Desktop/Collins_Lab/Repositories/safetynet-private/datasets/external_validation/ecbd/ecbd_safetynet_predictions_with_structural_alerts.csv,ecbd_mtl_predictions_with_sim_with_structural_alerts.csv,ecbd_safetynet_predictions_with_structural_alerts.csv,False
/Users/asselism/Desktop/Collins_Lab/Repositories/safetynet-private/relevant_datasets/ecbd_all_panels_merged_by_eos_with_minimol_representation_with_activity_and_tox_just_mean_of_ensemble_members.csv,/Users/asselism/Desktop/Collins_Lab/Repositories/safetynet-private/datasets/external_validation/ecbd/ecbd_merged_panel_predictions.csv,ecbd_all_panels_merged_by_eos_with_minimol_representation_with_activity_and_tox_just_mean_of_ensemble_members.csv,ecbd_merged_panel_predictions.csv,False
/Users/asselism/Desktop/Collins_Lab/Repositories/safetynet-private/relevant_datasets/formatted_ecbd_antibiotic_toxicity_data_combined_with_tox_and_antibiotic_scores_and_filters.csv,/Users/asselism/Desktop/Collins_Lab/Repositories/safetynet-private/datasets/external_validation/ecbd/ecbd_assay_labels_predictions_and_filters.csv,formatted_ecbd_antibiotic_toxicity_data_combined_with_tox_and_antibiotic_scores_and_filters.csv,ecbd_assay_labels_predictions_and_filters.csv,False
/Users/asselism/Desktop/Collins_Lab/Repositories/safetynet-private/relevant_datasets/formatted_ecbd_antibiotic_toxicity_data_combined_with_minimol_fingerprints_with_tox_and_antibiotic_scores.tsv,/Users/asselism/Desktop/Collins_Lab/Repositories/safetynet-private/datasets/external_validation/ecbd/ecbd_embeddings_and_ensemble_predictions.tsv,formatted_ecbd_antibiotic_toxicity_data_combined_with_minimol_fingerprints_with_tox_and_antibiotic_scores.tsv,ecbd_embeddings_and_ensemble_predictions.tsv,True
/Users/asselism/Desktop/Collins_Lab/Repositories/safetynet-private/relevant_datasets/co_add_hek_with_standardized_smiles_with_minimol_fingerprints_activity_scores_and_tox_scores.csv,/Users/asselism/Desktop/Collins_Lab/Repositories/safetynet-private/datasets/external_validation/coadd/coadd_hek293_labels_and_predictions.tsv,co_add_hek_with_standardized_smiles_with_minimol_fingerprints_activity_scores_and_tox_scores.csv,coadd_hek293_labels_and_predictions.tsv,False
/Users/asselism/Desktop/Collins_Lab/Repositories/safetynet-private/relevant_datasets/hepg2_ec_tanimoto_matches_with_standardized_smiles_with_minimol_fingerprints_activity_scores_and_tox_scores.csv,/Users/asselism/Desktop/Collins_Lab/Repositories/safetynet-private/datasets/external_validation/drug_repurposing_hub/drug_repurposing_hub_ec_hepg2_labels_and_predictions.tsv,hepg2_ec_tanimoto_matches_with_standardized_smiles_with_minimol_fingerprints_activity_scores_and_tox_scores.csv,drug_repurposing_hub_ec_hepg2_labels_and_predictions.tsv,False
/Users/asselism/Desktop/Collins_Lab/Repositories/safetynet-private/relevant_datasets/clintox_combined_with_minimol_representations_with_tox_and_antibiotic_scores_with_tox_filters_with_metrics.csv,/Users/asselism/Desktop/Collins_Lab/Repositories/safetynet-private/datasets/external_validation/clintox/clintox_labels_predictions_and_filters.csv,clintox_combined_with_minimol_representations_with_tox_and_antibiotic_scores_with_tox_filters_with_metrics.csv,clintox_labels_predictions_and_filters.csv,False
/Users/asselism/Desktop/Collins_Lab/Repositories/safetynet-private/relevant_datasets/original_merged_tox21_results_with_minimol_representations_with_tox_predictions_only_tox_related_columns_with_maxsim_to_reference.csv,/Users/asselism/Desktop/Collins_Lab/Repositories/safetynet-private/datasets/external_validation/tox21/tox21_labels_and_safetynet_predictions.csv,original_merged_tox21_results_with_minimol_representations_with_tox_predictions_only_tox_related_columns_with_maxsim_to_reference.csv,tox21_labels_and_safetynet_predictions.csv,False
/Users/asselism/Desktop/Collins_Lab/Repositories/safetynet-private/relevant_datasets/ld50_dataset_with_tox_predictions_with_r2_and_spearman.csv,/Users/asselism/Desktop/Collins_Lab/Repositories/safetynet-private/datasets/reference_summaries/animal_toxicity_correlations.csv,ld50_dataset_with_tox_predictions_with_r2_and_spearman.csv,animal_toxicity_correlations.csv,False
/Users/asselism/Desktop/Collins_Lab/Repositories/safetynet-private/relevant_datasets/ld50_dataset_with_tox_predictions_with_r2_and_spearman_with_tansim_lt_0_pnt_9.csv,/Users/asselism/Desktop/Collins_Lab/Repositories/safetynet-private/datasets/reference_summaries/animal_toxicity_correlations_tanimoto_lt_0_9.csv,ld50_dataset_with_tox_predictions_with_r2_and_spearman_with_tansim_lt_0_pnt_9.csv,animal_toxicity_correlations_tanimoto_lt_0_9.csv,False
/Users/asselism/Desktop/Collins_Lab/Repositories/safetynet-private/relevant_datasets/ld50_dataset_with_tox_predictions_with_r2_and_spearman_with_tansim_lt_1.csv,/Users/asselism/Desktop/Collins_Lab/Repositories/safetynet-private/datasets/reference_summaries/animal_toxicity_correlations_tanimoto_lt_1.csv,ld50_dataset_with_tox_predictions_with_r2_and_spearman_with_tansim_lt_1.csv,animal_toxicity_correlations_tanimoto_lt_1.csv,False
/Users/asselism/Desktop/Collins_Lab/Repositories/safetynet-private/relevant_datasets/tox21_auroc_auprc_for_tox_model.csv,/Users/asselism/Desktop/Collins_Lab/Repositories/safetynet-private/datasets/reference_summaries/tox21_assay_metrics.csv,tox21_auroc_auprc_for_tox_model.csv,tox21_assay_metrics.csv,False
