scenario,definition,species_1,species_2,calculated,artwork_reference_only,difference
initial_all_complete_records,continuous_inhibition,PA,AB,0.3874220007268611,0.59,-0.20257799927313885
initial_all_complete_records,continuous_inhibition,EC,AB,0.38348919429164313,0.67,-0.2865108057083569
initial_all_complete_records,continuous_inhibition,EC,PA,0.5362328199419083,0.66,-0.12376718005809173
initial_all_complete_records,continuous_inhibition,KP,AB,0.4641477334908789,0.65,-0.18585226650912112
initial_all_complete_records,continuous_inhibition,KP,PA,0.4801289449880122,0.67,-0.18987105501198787
initial_all_complete_records,continuous_inhibition,KP,EC,0.645940548298163,0.85,-0.20405945170183692
initial_all_complete_records,binary_hits,PA,AB,0.6121010018645211,0.59,0.02210100186452113
initial_all_complete_records,binary_hits,EC,AB,0.6762719245424283,0.67,0.006271924542428309
initial_all_complete_records,binary_hits,EC,PA,0.6761569178577801,0.66,0.016156917857780062
initial_all_complete_records,binary_hits,KP,AB,0.6580864987763893,0.65,0.008086498776389228
initial_all_complete_records,binary_hits,KP,PA,0.6973318612113398,0.67,0.027331861211339792
initial_all_complete_records,binary_hits,KP,EC,0.8697027476347328,0.85,0.019702747634732787
exact_record_deduplication,continuous_inhibition,PA,AB,0.3788079438879442,0.59,-0.21119205611205577
exact_record_deduplication,continuous_inhibition,EC,AB,0.37980382411260905,0.67,-0.290196175887391
exact_record_deduplication,continuous_inhibition,EC,PA,0.5271477637120883,0.66,-0.13285223628791176
exact_record_deduplication,continuous_inhibition,KP,AB,0.46028186770524987,0.65,-0.18971813229475015
exact_record_deduplication,continuous_inhibition,KP,PA,0.46978610068130683,0.67,-0.2002138993186932
exact_record_deduplication,continuous_inhibition,KP,EC,0.6371162353445566,0.85,-0.21288376465544334
exact_record_deduplication,binary_hits,PA,AB,0.5956837684760052,0.59,0.005683768476005269
exact_record_deduplication,binary_hits,EC,AB,0.6695473112789063,0.67,-0.00045268872109371916
exact_record_deduplication,binary_hits,EC,PA,0.664015075471848,0.66,0.004015075471847984
exact_record_deduplication,binary_hits,KP,AB,0.6498605304841724,0.65,-0.00013946951582766154
exact_record_deduplication,binary_hits,KP,PA,0.685714086536521,0.67,0.015714086536520955
exact_record_deduplication,binary_hits,KP,EC,0.8658144139528482,0.85,0.015814413952848216
raw_smiles_first_record,continuous_inhibition,PA,AB,0.3789311859885795,0.59,-0.21106881401142047
raw_smiles_first_record,continuous_inhibition,EC,AB,0.3800866359801196,0.67,-0.28991336401988044
raw_smiles_first_record,continuous_inhibition,EC,PA,0.5271603055511912,0.66,-0.13283969444880883
raw_smiles_first_record,continuous_inhibition,KP,AB,0.4602811563220642,0.65,-0.18971884367793584
raw_smiles_first_record,continuous_inhibition,KP,PA,0.4697826249305021,0.67,-0.20021737506949794
raw_smiles_first_record,continuous_inhibition,KP,EC,0.6371747433325472,0.85,-0.21282525666745278
raw_smiles_first_record,binary_hits,PA,AB,0.5956831991442141,0.59,0.005683199144214113
raw_smiles_first_record,binary_hits,EC,AB,0.6695465917969207,0.67,-0.00045340820307937513
raw_smiles_first_record,binary_hits,EC,PA,0.6640146222618344,0.66,0.004014622261834355
raw_smiles_first_record,binary_hits,KP,AB,0.6498598185815896,0.65,-0.0001401814184104344
raw_smiles_first_record,binary_hits,KP,PA,0.6857136745729613,0.67,0.015713674572961245
raw_smiles_first_record,binary_hits,KP,EC,0.865814149775973,0.85,0.015814149775973063
raw_smiles_last_record,continuous_inhibition,PA,AB,0.3789136764587104,0.59,-0.2110863235412896
raw_smiles_last_record,continuous_inhibition,EC,AB,0.38005123758477566,0.67,-0.2899487624152244
raw_smiles_last_record,continuous_inhibition,EC,PA,0.5271594169035041,0.66,-0.13284058309649593
raw_smiles_last_record,continuous_inhibition,KP,AB,0.4602645990913589,0.65,-0.1897354009086411
raw_smiles_last_record,continuous_inhibition,KP,PA,0.46978290668299505,0.67,-0.200217093317005
raw_smiles_last_record,continuous_inhibition,KP,EC,0.6371755261587845,0.85,-0.2128244738412155
raw_smiles_last_record,binary_hits,PA,AB,0.5956831991442135,0.59,0.005683199144213558
raw_smiles_last_record,binary_hits,EC,AB,0.6695465917969249,0.67,-0.0004534082030751563
raw_smiles_last_record,binary_hits,EC,PA,0.6640146222618352,0.66,0.004014622261835132
raw_smiles_last_record,binary_hits,KP,AB,0.6498598185815885,0.65,-0.00014018141841154463
raw_smiles_last_record,binary_hits,KP,PA,0.685713674572963,0.67,0.01571367457296291
raw_smiles_last_record,binary_hits,KP,EC,0.8658141497759734,0.85,0.015814149775973396
refined_raw_smiles_distinct_measurement_mean,continuous_inhibition,PA,AB,0.37892616071728397,0.59,-0.211073839282716
refined_raw_smiles_distinct_measurement_mean,continuous_inhibition,EC,AB,0.3800743790802316,0.67,-0.2899256209197684
refined_raw_smiles_distinct_measurement_mean,continuous_inhibition,EC,PA,0.5271598851438947,0.66,-0.13284011485610536
refined_raw_smiles_distinct_measurement_mean,continuous_inhibition,KP,AB,0.4602805209359428,0.65,-0.18971947906405723
refined_raw_smiles_distinct_measurement_mean,continuous_inhibition,KP,PA,0.4697828548247773,0.67,-0.20021714517522277
refined_raw_smiles_distinct_measurement_mean,continuous_inhibition,KP,EC,0.6371750342756851,0.85,-0.21282496572431486
refined_raw_smiles_distinct_measurement_mean,binary_hits,PA,AB,0.5956831991442141,0.59,0.005683199144214113
refined_raw_smiles_distinct_measurement_mean,binary_hits,EC,AB,0.6695465917969207,0.67,-0.00045340820307937513
refined_raw_smiles_distinct_measurement_mean,binary_hits,EC,PA,0.6640146222618344,0.66,0.004014622261834355
refined_raw_smiles_distinct_measurement_mean,binary_hits,KP,AB,0.6498598185815896,0.65,-0.0001401814184104344
refined_raw_smiles_distinct_measurement_mean,binary_hits,KP,PA,0.6857136745729613,0.67,0.015713674572961245
refined_raw_smiles_distinct_measurement_mean,binary_hits,KP,EC,0.865814149775973,0.85,0.015814149775973063
standardized_smiles_distinct_measurement_mean,continuous_inhibition,PA,AB,0.37551291517000884,0.59,-0.21448708482999113
standardized_smiles_distinct_measurement_mean,continuous_inhibition,EC,AB,0.37375304757759525,0.67,-0.2962469524224048
standardized_smiles_distinct_measurement_mean,continuous_inhibition,EC,PA,0.523234464359526,0.66,-0.136765535640474
standardized_smiles_distinct_measurement_mean,continuous_inhibition,KP,AB,0.45536901503448135,0.65,-0.19463098496551867
standardized_smiles_distinct_measurement_mean,continuous_inhibition,KP,PA,0.46589280386582527,0.67,-0.20410719613417477
standardized_smiles_distinct_measurement_mean,continuous_inhibition,KP,EC,0.6296396017846381,0.85,-0.2203603982153619
standardized_smiles_distinct_measurement_mean,binary_hits,PA,AB,0.6003898288882382,0.59,0.01038982888823825
standardized_smiles_distinct_measurement_mean,binary_hits,EC,AB,0.6650003596651637,0.67,-0.004999640334836353
standardized_smiles_distinct_measurement_mean,binary_hits,EC,PA,0.6737920036065533,0.66,0.013792003606553305
standardized_smiles_distinct_measurement_mean,binary_hits,KP,AB,0.6447579566456825,0.65,-0.005242043354317549
standardized_smiles_distinct_measurement_mean,binary_hits,KP,PA,0.6939910320644588,0.67,0.02399103206445874
standardized_smiles_distinct_measurement_mean,binary_hits,KP,EC,0.8625052463571614,0.85,0.012505246357161437
canonical_raw_smiles_distinct_measurement_mean,continuous_inhibition,PA,AB,0.3780476126688542,0.59,-0.21195238733114574
canonical_raw_smiles_distinct_measurement_mean,continuous_inhibition,EC,AB,0.37771313154498365,0.67,-0.2922868684550164
canonical_raw_smiles_distinct_measurement_mean,continuous_inhibition,EC,PA,0.5262865990501633,0.66,-0.13371340094983675
canonical_raw_smiles_distinct_measurement_mean,continuous_inhibition,KP,AB,0.4585530740340139,0.65,-0.19144692596598611
canonical_raw_smiles_distinct_measurement_mean,continuous_inhibition,KP,PA,0.46908189339706874,0.67,-0.2009181066029313
canonical_raw_smiles_distinct_measurement_mean,continuous_inhibition,KP,EC,0.634997330615902,0.85,-0.21500266938409796
canonical_raw_smiles_distinct_measurement_mean,binary_hits,PA,AB,0.6000776192624442,0.59,0.010077619262444215
canonical_raw_smiles_distinct_measurement_mean,binary_hits,EC,AB,0.6711651462486145,0.67,0.0011651462486144126
canonical_raw_smiles_distinct_measurement_mean,binary_hits,EC,PA,0.6667774545901788,0.66,0.006777454590178755
canonical_raw_smiles_distinct_measurement_mean,binary_hits,KP,AB,0.649200664984039,0.65,-0.0007993350159609669
canonical_raw_smiles_distinct_measurement_mean,binary_hits,KP,PA,0.6873714493319579,0.67,0.01737144933195789
canonical_raw_smiles_distinct_measurement_mean,binary_hits,KP,EC,0.8658840596595038,0.85,0.01588405965950379
