organism,toxicity_label,bin_left,bin_right,count,density
k_pneumoniae,0,0.0,0.05,16,3.764705882352941
k_pneumoniae,0,0.05,0.1,27,6.352941176470588
k_pneumoniae,0,0.1,0.15000000000000002,21,4.9411764705882355
k_pneumoniae,0,0.15000000000000002,0.2,9,2.1176470588235294
k_pneumoniae,0,0.2,0.25,2,0.47058823529411764
k_pneumoniae,0,0.25,0.30000000000000004,3,0.7058823529411764
k_pneumoniae,0,0.30000000000000004,0.35000000000000003,2,0.47058823529411764
k_pneumoniae,0,0.35000000000000003,0.4,0,0.0
k_pneumoniae,0,0.4,0.45,1,0.23529411764705882
k_pneumoniae,0,0.45,0.5,1,0.23529411764705882
k_pneumoniae,0,0.5,0.55,1,0.23529411764705882
k_pneumoniae,0,0.55,0.6000000000000001,0,0.0
k_pneumoniae,0,0.6000000000000001,0.65,0,0.0
k_pneumoniae,0,0.65,0.7000000000000001,0,0.0
k_pneumoniae,0,0.7000000000000001,0.75,1,0.23529411764705882
k_pneumoniae,0,0.75,0.8,0,0.0
k_pneumoniae,0,0.8,0.8500000000000001,1,0.23529411764705882
k_pneumoniae,0,0.8500000000000001,0.9,0,0.0
k_pneumoniae,0,0.9,0.9500000000000001,0,0.0
k_pneumoniae,0,0.9500000000000001,1.0,0,0.0
k_pneumoniae,1,0.0,0.05,2,1.5999999999999999
k_pneumoniae,1,0.05,0.1,0,0.0
k_pneumoniae,1,0.1,0.15000000000000002,0,0.0
k_pneumoniae,1,0.15000000000000002,0.2,2,1.5999999999999999
k_pneumoniae,1,0.2,0.25,1,0.7999999999999999
k_pneumoniae,1,0.25,0.30000000000000004,0,0.0
k_pneumoniae,1,0.30000000000000004,0.35000000000000003,0,0.0
k_pneumoniae,1,0.35000000000000003,0.4,1,0.7999999999999999
k_pneumoniae,1,0.4,0.45,0,0.0
k_pneumoniae,1,0.45,0.5,1,0.7999999999999999
k_pneumoniae,1,0.5,0.55,2,1.5999999999999999
k_pneumoniae,1,0.55,0.6000000000000001,2,1.5999999999999999
k_pneumoniae,1,0.6000000000000001,0.65,0,0.0
k_pneumoniae,1,0.65,0.7000000000000001,2,1.5999999999999999
k_pneumoniae,1,0.7000000000000001,0.75,5,4.0
k_pneumoniae,1,0.75,0.8,2,1.5999999999999999
k_pneumoniae,1,0.8,0.8500000000000001,1,0.7999999999999999
k_pneumoniae,1,0.8500000000000001,0.9,2,1.5999999999999999
k_pneumoniae,1,0.9,0.9500000000000001,2,1.5999999999999999
k_pneumoniae,1,0.9500000000000001,1.0,0,0.0
