organism,toxicity_label,score,density
k_pneumoniae,0,-0.05,0.736897157875535
k_pneumoniae,0,-0.04724310776942356,0.798071959501712
k_pneumoniae,0,-0.04448621553884712,0.8626866926130433
k_pneumoniae,0,-0.04172932330827068,0.930772222822414
k_pneumoniae,0,-0.03897243107769424,1.0023431928049604
k_pneumoniae,0,-0.0362155388471178,1.077396839180049
k_pneumoniae,0,-0.033458646616541354,1.1559118933281132
k_pneumoniae,0,-0.030701754385964914,1.2378475832969207
k_pneumoniae,0,-0.027944862155388474,1.323142753594613
k_pneumoniae,0,-0.025187969924812034,1.4117151190360169
k_pneumoniae,0,-0.022431077694235593,1.5034606679012568
k_pneumoniae,0,-0.01967418546365915,1.598253228483912
k_pneumoniae,0,-0.016917293233082706,1.6959442116575578
k_pneumoniae,0,-0.014160401002506269,1.7963625403878398
k_pneumoniae,0,-0.011403508771929825,1.8993147751807933
k_pneumoniae,0,-0.008646616541353389,2.0045854423109057
k_pneumoniae,0,-0.005889724310776945,2.111937569343513
k_pneumoniae,0,-0.003132832080200501,2.221113429988471
k_pneumoniae,0,-0.0003759398496240643,2.331835497733277
k_pneumoniae,0,0.0023809523809523794,2.443807605044234
k_pneumoniae,0,0.005137844611528816,2.5567163022366914
k_pneumoniae,0,0.00789473684210526,2.6702324074445554
k_pneumoniae,0,0.010651629072681704,2.784012736509973
k_pneumoniae,0,0.013408521303258147,2.8977019991116326
k_pneumoniae,0,0.01616541353383459,3.0109348450974913
k_pneumoniae,0,0.01892230576441102,3.1233380428271573
k_pneumoniae,0,0.021679197994987465,3.2345327693980677
k_pneumoniae,0,0.02443609022556391,3.344136990963196
k_pneumoniae,0,0.027192982456140352,3.4517679099755454
k_pneumoniae,0,0.029949874686716796,3.5570444551407214
k_pneumoniae,0,0.032706766917293226,3.659589789142048
k_pneumoniae,0,0.03546365914786967,3.759033808835352
k_pneumoniae,0,0.03822055137844611,3.855015612598486
k_pneumoniae,0,0.04097744360902256,3.947185909863637
k_pneumoniae,0,0.043734335839599,4.0352093485509535
k_pneumoniae,0,0.04649122807017543,4.118766737147127
k_pneumoniae,0,0.049248120300751874,4.197557139512921
k_pneumoniae,0,0.05200501253132832,4.271299822134628
k_pneumoniae,0,0.05476190476190476,4.339736035426842
k_pneumoniae,0,0.057518796992481205,4.4026306128140975
k_pneumoniae,0,0.060275689223057635,4.459773373630085
k_pneumoniae,0,0.06303258145363408,4.5109803183360695
k_pneumoniae,0,0.06578947368421052,4.556094607133419
k_pneumoniae,0,0.06854636591478697,4.594987315687478
k_pneumoniae,0,0.07130325814536341,4.627557964348797
k_pneumoniae,0,0.07406015037593985,4.653734819912651
k_pneumoniae,0,0.0768170426065163,4.673474971558811
k_pneumoniae,0,0.07957393483709273,4.686764185123486
k_pneumoniae,0,0.08233082706766919,4.693616542240087
k_pneumoniae,0,0.08508771929824561,4.694073873113336
k_pneumoniae,0,0.08784461152882204,4.6882049937354715
k_pneumoniae,0,0.0906015037593985,4.676104760190109
k_pneumoniae,0,0.09335839598997493,4.657892954299792
k_pneumoniae,0,0.09611528822055139,4.633713016243063
k_pneumoniae,0,0.09887218045112782,4.603730640885051
k_pneumoniae,0,0.10162907268170425,4.5681322554270265
k_pneumoniae,0,0.10438596491228071,4.527123396582744
k_pneumoniae,0,0.10714285714285714,4.480927005835313
k_pneumoniae,0,0.1098997493734336,4.4297816614238945
k_pneumoniae,0,0.11265664160401002,4.373939765564148
k_pneumoniae,0,0.11541353383458645,4.313665705032788
k_pneumoniae,0,0.11817042606516291,4.249234002660357
k_pneumoniae,0,0.12092731829573934,4.1809274764952145
k_pneumoniae,0,0.1236842105263158,4.109035422445857
k_pneumoniae,0,0.12644110275689224,4.033851835099362
k_pneumoniae,0,0.12919799498746865,3.955673680174209
k_pneumoniae,0,0.1319548872180451,3.874799230719511
k_pneumoniae,0,0.13471177944862156,3.79152647774433
k_pneumoniae,0,0.13746867167919802,3.7061516244746646
k_pneumoniae,0,0.14022556390977442,3.618967671916484
k_pneumoniae,0,0.14298245614035088,3.5302631018746107
k_pneumoniae,0,0.14573934837092734,3.440320662062701
k_pneumoniae,0,0.14849624060150374,3.34941625646086
k_pneumoniae,0,0.1512531328320802,3.257817942655533
k_pneumoniae,0,0.15401002506265665,3.1657850365502256
k_pneumoniae,0,0.15676691729323305,3.073567323582206
k_pneumoniae,0,0.1595238095238095,2.9814043744352436
k_pneumoniae,0,0.16228070175438597,2.8895249622138004
k_pneumoniae,0,0.16503759398496243,2.798146577150377
k_pneumoniae,0,0.16779448621553883,2.7074750341626594
k_pneumoniae,0,0.1705513784461153,2.617704167965126
k_pneumoniae,0,0.17330827067669174,2.5290156099734293
k_pneumoniae,0,0.17606516290726815,2.4415786409178937
k_pneumoniae,0,0.1788220551378446,2.3555501129019465
k_pneumoniae,0,0.18157894736842106,2.271074434595459
k_pneumoniae,0,0.18433583959899752,2.1882836133336925
k_pneumoniae,0,0.18709273182957392,2.107297348088553
k_pneumoniae,0,0.18984962406015038,2.028223167577208
k_pneumoniae,0,0.19260651629072684,1.9511566081592073
k_pneumoniae,0,0.19536340852130324,1.8761814266307055
k_pneumoniae,0,0.1981203007518797,1.803369843536279
k_pneumoniae,0,0.20087719298245615,1.732782813167266
k_pneumoniae,0,0.2036340852130326,1.664470316982648
k_pneumoniae,0,0.206390977443609,1.598471677756527
k_pneumoniae,0,0.20914786967418547,1.53481589230833
k_pneumoniae,0,0.21190476190476193,1.4735219811918772
k_pneumoniae,0,0.2146616541353384,1.4145993541931776
k_pneumoniae,0,0.2174185463659148,1.358048190901516
k_pneumoniae,0,0.22017543859649125,1.3038598359635623
k_pneumoniae,0,0.2229323308270677,1.2520172088978478
k_pneumoniae,0,0.2256892230576441,1.2024952285312025
k_pneumoniae,0,0.22844611528822056,1.1552612522169088
k_pneumoniae,0,0.23120300751879702,1.1102755300058322
k_pneumoniae,0,0.23395989974937342,1.0674916738691367
k_pneumoniae,0,0.23671679197994988,1.0268571419191115
k_pneumoniae,0,0.23947368421052634,0.988313737350371
k_pneumoniae,0,0.2422305764411028,0.9517981215363172
k_pneumoniae,0,0.2449874686716792,0.9172423403765422
k_pneumoniae,0,0.24774436090225566,0.8845743626120048
k_pneumoniae,0,0.2505012531328321,0.8537186284201219
k_pneumoniae,0,0.2532581453634085,0.8245966061852976
k_pneumoniae,0,0.256015037593985,0.7971273549265587
k_pneumoniae,0,0.25877192982456143,0.7712280894669521
k_pneumoniae,0,0.26152882205513783,0.7468147450629187
k_pneumoniae,0,0.2642857142857143,0.7238025378888079
k_pneumoniae,0,0.26704260651629075,0.7021065175033976
k_pneumoniae,0,0.2697994987468672,0.6816421072216522
k_pneumoniae,0,0.2725563909774436,0.6623256281840567
k_pneumoniae,0,0.27531328320802007,0.644074802863656
k_pneumoniae,0,0.2780701754385965,0.6268092337814016
k_pneumoniae,0,0.2808270676691729,0.6104508533150782
k_pneumoniae,0,0.2835839598997494,0.594924340685564
k_pneumoniae,0,0.28634085213032584,0.5801575024836207
k_pneumoniae,0,0.28909774436090224,0.5660816134561357
k_pneumoniae,0,0.2918546365914787,0.5526317146960871
k_pneumoniae,0,0.29461152882205516,0.5397468668671267
k_pneumoniae,0,0.2973684210526316,0.5273703566318845
k_pneumoniae,0,0.300125313283208,0.5154498550319155
k_pneumoniae,0,0.3028822055137845,0.5039375271749532
k_pneumoniae,0,0.30563909774436093,0.49279009320943185
k_pneumoniae,0,0.30839598997493733,0.4819688411945512
k_pneumoniae,0,0.3111528822055138,0.4714395930940332
k_pneumoniae,0,0.31390977443609025,0.4611726257209632
k_pneumoniae,0,0.3166666666666667,0.45114254902828227
k_pneumoniae,0,0.3194235588972431,0.44132814466394266
k_pneumoniae,0,0.32218045112781957,0.43171216818195157
k_pneumoniae,0,0.324937343358396,0.4222811187122738
k_pneumoniae,0,0.3276942355889724,0.41302498023700246
k_pneumoniae,0,0.3304511278195489,0.40393693889211507
k_pneumoniae,0,0.33320802005012534,0.39501308090979037
k_pneumoniae,0,0.33596491228070174,0.38625207593365857
k_pneumoniae,0,0.3387218045112782,0.37765485047810665
k_pneumoniae,0,0.34147869674185466,0.3692242562640055
k_pneumoniae,0,0.3442355889724311,0.3609647380496866
k_pneumoniae,0,0.3469924812030075,0.3528820053917441
k_pneumoniae,0,0.349749373433584,0.34498271252065116
k_pneumoniae,0,0.35250626566416043,0.3372741502077203
k_pneumoniae,0,0.35526315789473684,0.3297639531400366
k_pneumoniae,0,0.3580200501253133,0.32245982591683575
k_pneumoniae,0,0.36077694235588975,0.3153692903431299
k_pneumoniae,0,0.36353383458646615,0.3084994562333255
k_pneumoniae,0,0.3662907268170426,0.30185681745841564
k_pneumoniae,0,0.36904761904761907,0.2954470744843548
k_pneumoniae,0,0.3718045112781955,0.2892749841654557
k_pneumoniae,0,0.37456140350877193,0.28334423708383155
k_pneumoniae,0,0.3773182957393484,0.27765736227213245
k_pneumoniae,0,0.38007518796992484,0.2722156587295805
k_pneumoniae,0,0.38283208020050125,0.2670191527472538
k_pneumoniae,0,0.3855889724310777,0.2620665797034496
k_pneumoniae,0,0.38834586466165416,0.2573553886785471
k_pneumoniae,0,0.39110275689223056,0.25288176797480705
k_pneumoniae,0,0.393859649122807,0.24864068941265666
k_pneumoniae,0,0.3966165413533835,0.24462596911277357
k_pneumoniae,0,0.39937343358395994,0.24083034236318004
k_pneumoniae,0,0.40213032581453634,0.23724555011207732
k_pneumoniae,0,0.4048872180451128,0.23386243461871437
k_pneumoniae,0,0.40764411027568925,0.23067104183375858
k_pneumoniae,0,0.41040100250626566,0.2276607281641163
k_pneumoniae,0,0.4131578947368421,0.22482026940090796
k_pneumoniae,0,0.41591478696741857,0.22213796974867317
k_pneumoniae,0,0.41867167919799503,0.21960176908366444
k_pneumoniae,0,0.42142857142857143,0.21719934678375355
k_pneumoniae,0,0.4241854636591479,0.21491822070612773
k_pneumoniae,0,0.42694235588972435,0.21274584013565095
k_pneumoniae,0,0.42969924812030075,0.21066967178047596
k_pneumoniae,0,0.4324561403508772,0.20867727814632697
k_pneumoniae,0,0.43521303258145366,0.20675638787113937
k_pneumoniae,0,0.43796992481203006,0.2048949578420715
k_pneumoniae,0,0.4407268170426065,0.20308122714237495
k_pneumoniae,0,0.443483709273183,0.20130376308177025
k_pneumoniae,0,0.44624060150375944,0.19955149974701133
k_pneumoniae,0,0.44899749373433584,0.19781376966603714
k_pneumoniae,0,0.4517543859649123,0.19608032930702404
k_pneumoniae,0,0.4545112781954887,0.19434137923105194
k_pneumoniae,0,0.4572681704260652,0.192587579782973
k_pneumoniae,0,0.4600250626566416,0.1908100632392742
k_pneumoniae,0,0.462781954887218,0.18900044333476543
k_pneumoniae,0,0.46553884711779453,0.18715082306314787
k_pneumoniae,0,0.46829573934837093,0.18525380159188867
k_pneumoniae,0,0.47105263157894733,0.18330248105201333
k_pneumoniae,0,0.47380952380952385,0.181290473861615
k_pneumoniae,0,0.47656641604010025,0.17921191112180612
k_pneumoniae,0,0.47932330827067676,0.17706145248956784
k_pneumoniae,0,0.48208020050125316,0.17483429778791712
k_pneumoniae,0,0.48483709273182957,0.1725262004645518
k_pneumoniae,0,0.4875939849624061,0.17013348286031116
k_pneumoniae,0,0.4903508771929825,0.167653053102977
k_pneumoniae,0,0.4931077694235589,0.16508242330453496
k_pneumoniae,0,0.4958646616541354,0.1624197286151443
k_pneumoniae,0,0.4986215538847118,0.15966374657842883
k_pneumoniae,0,0.5013784461152881,0.15681391614350132
k_pneumoniae,0,0.5041353383458647,0.1538703556220102
k_pneumoniae,0,0.5068922305764411,0.15083387883537755
k_pneumoniae,0,0.5096491228070175,0.1477060086795471
k_pneumoniae,0,0.512406015037594,0.1444889873424616
k_pneumoniae,0,0.5151629072681704,0.14118578244287053
k_pneumoniae,0,0.5179197994987468,0.137800088416912
k_pneumoniae,0,0.5206766917293233,0.13433632255947256
k_pneumoniae,0,0.5234335839598997,0.13079961522819622
k_pneumoniae,0,0.5261904761904761,0.12719579383616408
k_pneumoniae,0,0.5289473684210526,0.12353136039121383
k_pneumoniae,0,0.531704260651629,0.11981346248166515
k_pneumoniae,0,0.5344611528822055,0.1160498577556985
k_pneumoniae,0,0.5372180451127819,0.11224887209043656
k_pneumoniae,0,0.5399749373433583,0.10841935179252274
k_pneumoniae,0,0.5427318295739348,0.10457061031044848
k_pneumoniae,0,0.5454887218045112,0.10071237006598205
k_pneumoniae,0,0.5482456140350876,0.09685470012417007
k_pneumoniae,0,0.5510025062656642,0.09300795051529705
k_pneumoniae,0,0.5537593984962406,0.08918268409526689
k_pneumoniae,0,0.556516290726817,0.0853896068811019
k_pneumoniae,0,0.5592731829573935,0.08163949782434127
k_pneumoniae,0,0.5620300751879699,0.0779431389864642
k_pneumoniae,0,0.5647869674185463,0.07431124705721238
k_pneumoniae,0,0.5675438596491228,0.07075440710973598
k_pneumoniae,0,0.5703007518796992,0.06728300941737773
k_pneumoniae,0,0.5730576441102756,0.06390719006787758
k_pneumoniae,0,0.5758145363408521,0.060636776004578126
k_pneumoniae,0,0.5785714285714285,0.05748123500409556
k_pneumoniae,0,0.581328320802005,0.05444963096952421
k_pneumoniae,0,0.5840852130325814,0.05155058478144697
k_pneumoniae,0,0.5868421052631578,0.04879224080985988
k_pneumoniae,0,0.5895989974937343,0.04618223905266794
k_pneumoniae,0,0.5923558897243107,0.04372769273460627
k_pneumoniae,0,0.5951127819548871,0.04143517107806627
k_pneumoniae,0,0.5978696741854637,0.03931068684778723
k_pneumoniae,0,0.6006265664160401,0.03735968817773404
k_pneumoniae,0,0.6033834586466165,0.03558705411324508
k_pneumoniae,0,0.606140350877193,0.03399709324666416
k_pneumoniae,0,0.6088972431077694,0.03259354479149938
k_pneumoniae,0,0.6116541353383458,0.03137958142936675
k_pneumoniae,0,0.6144110275689223,0.030357813275603034
k_pneumoniae,0,0.6171679197994987,0.02953029234281317
k_pneumoniae,0,0.6199248120300751,0.028898516935476386
k_pneumoniae,0,0.6226817042606516,0.02846343548117424
k_pneumoniae,0,0.625438596491228,0.028225449392586924
k_pneumoniae,0,0.6281954887218044,0.028184414656219372
k_pneumoniae,0,0.6309523809523809,0.02833964195555909
k_pneumoniae,0,0.6337092731829573,0.028689895254425134
k_pneumoniae,0,0.6364661654135338,0.029233388886847563
k_pneumoniae,0,0.6392230576441102,0.029967783319024437
k_pneumoniae,0,0.6419799498746867,0.030890179862880267
k_pneumoniae,0,0.6447368421052632,0.031997114725762506
k_pneumoniae,0,0.6474937343358396,0.03328455287337837
k_pneumoniae,0,0.650250626566416,0.034747882260056144
k_pneumoniae,0,0.6530075187969925,0.03638190903911378
k_pneumoniae,0,0.6557644110275689,0.03818085440437109
k_pneumoniae,0,0.6585213032581453,0.04013835373007052
k_pneumoniae,0,0.6612781954887218,0.042247458669759666
k_pneumoniae,0,0.6640350877192982,0.044500642844808376
k_pneumoniae,0,0.6667919799498746,0.04688981170065395
k_pneumoniae,0,0.6695488721804511,0.04940631703478037
k_pneumoniae,0,0.6723057644110275,0.05204097660670692
k_pneumoniae,0,0.6750626566416039,0.0547840991293976
k_pneumoniae,0,0.6778195488721804,0.05762551481658307
k_pneumoniae,0,0.6805764411027568,0.06055461152510797
k_pneumoniae,0,0.6833333333333333,0.06356037638954402
k_pneumoniae,0,0.6860902255639098,0.06663144270219575
k_pneumoniae,0,0.6888471177944862,0.06975614164971013
k_pneumoniae,0,0.6916040100250627,0.07292255838218369
k_pneumoniae,0,0.6943609022556391,0.07611859176629013
k_pneumoniae,0,0.6971177944862155,0.07933201706456426
k_pneumoniae,0,0.699874686716792,0.08255055069225418
k_pneumoniae,0,0.7026315789473684,0.08576191613424315
k_pneumoniae,0,0.7053884711779448,0.08895391005995687
k_pneumoniae,0,0.7081453634085213,0.0921144676557165
k_pneumoniae,0,0.7109022556390977,0.09523172620265898
k_pneumoniae,0,0.7136591478696741,0.0982940859642823
k_pneumoniae,0,0.7164160401002506,0.10129026751013749
k_pneumoniae,0,0.719172932330827,0.10420936468962315
k_pneumoniae,0,0.7219298245614034,0.10704089257979796
k_pneumoniae,0,0.7246867167919799,0.10977482986042818
k_pneumoniae,0,0.7274436090225563,0.11240165521429046
k_pneumoniae,0,0.7302005012531327,0.11491237750661712
k_pneumoniae,0,0.7329573934837093,0.11729855965966707
k_pneumoniae,0,0.7357142857142857,0.11955233630164504
k_pneumoniae,0,0.7384711779448622,0.12166642542835754
k_pneumoniae,0,0.7412280701754386,0.12363413446597199
k_pneumoniae,0,0.743984962406015,0.1254493612591711
k_pneumoniae,0,0.7467418546365915,0.1271065906264065
k_pneumoniae,0,0.7494987468671679,0.12860088721899127
k_pneumoniae,0,0.7522556390977443,0.12992788549026063
k_pneumoniae,0,0.7550125313283208,0.13108377762265577
k_pneumoniae,0,0.7577694235588972,0.1320653002729254
k_pneumoniae,0,0.7605263157894736,0.13286972097827215
k_pneumoniae,0,0.7632832080200501,0.13349482501974114
k_pneumoniae,0,0.7660401002506265,0.13393890346501977
k_pneumoniae,0,0.7687969924812029,0.1342007430135702
k_pneumoniae,0,0.7715538847117794,0.1342796181459908
k_pneumoniae,0,0.7743107769423558,0.13417528594080633
k_pneumoniae,0,0.7770676691729322,0.1338879837702085
k_pneumoniae,0,0.7798245614035088,0.13341842992677413
k_pneumoniae,0,0.7825814536340852,0.1327678270712999
k_pneumoniae,0,0.7853383458646617,0.13193786823313303
k_pneumoniae,0,0.7880952380952381,0.1309307449441635
k_pneumoniae,0,0.7908521303258145,0.12974915695110703
k_pneumoniae,0,0.793609022556391,0.1283963228325308
k_pneumoniae,0,0.7963659147869674,0.1268759907513066
k_pneumoniae,0,0.7991228070175438,0.1251924485031284
k_pneumoniae,0,0.8018796992481203,0.1233505319798575
k_pneumoniae,0,0.8046365914786967,0.12135563115425312
k_pneumoniae,0,0.8073934837092731,0.1192136927106551
k_pneumoniae,0,0.8101503759398496,0.11693121849394163
k_pneumoniae,0,0.812907268170426,0.11451525902516134
k_pneumoniae,0,0.8156641604010024,0.11197340143430744
k_pneumoniae,0,0.8184210526315789,0.10931375128561986
k_pneumoniae,0,0.8211779448621553,0.10654490791470103
k_pneumoniae,0,0.8239348370927317,0.10367593305521174
k_pneumoniae,0,0.8266917293233083,0.10071631270113714
k_pneumoniae,0,0.8294486215538847,0.09767591232350756
k_pneumoniae,0,0.8322055137844611,0.09456492573286503
k_pneumoniae,0,0.8349624060150376,0.09139381804563153
k_pneumoniae,0,0.837719298245614,0.08817326336903955
k_pneumoniae,0,0.8404761904761905,0.0849140779610142
k_pneumoniae,0,0.8432330827067669,0.08162714974448305
k_pneumoniae,0,0.8459899749373433,0.07832336515675974
k_pneumoniae,0,0.8487468671679198,0.0750135343914177
k_pneumoniae,0,0.8515037593984962,0.07170831614065715
k_pneumoniae,0,0.8542606516290726,0.06841814296966656
k_pneumoniae,0,0.8570175438596491,0.06515314845076392
k_pneumoniae,0,0.8597744360902255,0.061923097154819855
k_pneumoniae,0,0.8625313283208019,0.058737318542039174
k_pneumoniae,0,0.8652882205513784,0.055604645715667075
k_pneumoniae,0,0.8680451127819548,0.05253335990323939
k_pneumoniae,0,0.8708020050125312,0.04953114141372847
k_pneumoniae,0,0.8735588972431078,0.04660502768883715
k_pneumoniae,0,0.8763157894736842,0.043761378926467406
k_pneumoniae,0,0.8790726817042606,0.041005851607875454
k_pneumoniae,0,0.8818295739348371,0.03834338011106411
k_pneumoniae,0,0.8845864661654135,0.03577816644525591
k_pneumoniae,0,0.88734335839599,0.03331367799835988
k_pneumoniae,0,0.8901002506265664,0.030952653054375917
k_pneumoniae,0,0.8928571428571428,0.028697113713485878
k_pneumoniae,0,0.8956140350877193,0.026548385736557167
k_pneumoniae,0,0.8983709273182957,0.02450712473980151
k_pneumoniae,0,0.9011278195488721,0.022573348085804277
k_pneumoniae,0,0.9038847117794486,0.02074647175494648
k_pneumoniae,0,0.906641604010025,0.019025351436753338
k_pneumoniae,0,0.9093984962406014,0.017408327053841866
k_pneumoniae,0,0.9121553884711779,0.01589326992135958
k_pneumoniae,0,0.9149122807017543,0.01447763175118613
k_pneumoniae,0,0.9176691729323307,0.01315849473143109
k_pneumoniae,0,0.9204260651629073,0.011932621946388094
k_pneumoniae,0,0.9231829573934837,0.010796507448305204
k_pneumoniae,0,0.9259398496240601,0.009746425348239161
k_pneumoniae,0,0.9286967418546366,0.008778477356862473
k_pneumoniae,0,0.931453634085213,0.0078886382753958
k_pneumoniae,0,0.9342105263157895,0.007072799009856842
k_pneumoniae,0,0.9369674185463659,0.006326806756669708
k_pneumoniae,0,0.9397243107769423,0.005646502082590467
k_pneumoniae,0,0.9424812030075188,0.005027752695277146
k_pneumoniae,0,0.9452380952380952,0.004466483771247452
k_pneumoniae,0,0.9479949874686716,0.003958704774216506
k_pneumoniae,0,0.950751879699248,0.003500532757901271
k_pneumoniae,0,0.9535087719298245,0.0030882122025456833
k_pneumoniae,0,0.956265664160401,0.0027181314831170827
k_pneumoniae,0,0.9590225563909773,0.0023868361090046072
k_pneumoniae,0,0.9617794486215538,0.002091038909973634
k_pneumoniae,0,0.9645363408521304,0.00182762737113008
k_pneumoniae,0,0.9672932330827066,0.0015936683409137741
k_pneumoniae,0,0.9700501253132832,0.0013864103509990144
k_pneumoniae,0,0.9728070175438597,0.0012032837958654051
k_pneumoniae,0,0.975563909774436,0.0010418992232342768
k_pneumoniae,0,0.9783208020050125,0.0009000439851309302
k_pneumoniae,0,0.981077694235589,0.000775677493650166
k_pneumoniae,0,0.9838345864661653,0.0006669253162165568
k_pneumoniae,0,0.9865914786967418,0.0005720723328836139
k_pneumoniae,0,0.9893483709273183,0.0004895551636338012
k_pneumoniae,0,0.9921052631578946,0.0004179540573218417
k_pneumoniae,0,0.9948621553884711,0.00035598441640442103
k_pneumoniae,0,0.9976190476190476,0.00030248811342818135
k_pneumoniae,0,1.000375939849624,0.00025642473685796326
k_pneumoniae,0,1.0031328320802004,0.00021686288561486284
k_pneumoniae,0,1.005889724310777,0.0001829716139932999
k_pneumoniae,0,1.0086466165413535,0.00015401211171426683
k_pneumoniae,0,1.0114035087719297,0.00012932968796660032
k_pneumoniae,0,1.0141604010025063,0.00010834611355316307
k_pneumoniae,0,1.0169172932330828,9.055236180775454e-05
k_pneumoniae,0,1.019674185463659,7.550177684948339e-05
k_pneumoniae,0,1.0224310776942356,6.280368702218114e-05
k_pneumoniae,0,1.025187969924812,5.211747202047711e-05
k_pneumoniae,0,1.0279448621553884,4.3147084195849876e-05
k_pneumoniae,0,1.030701754385965,3.563601780633571e-05
k_pneumoniae,0,1.0334586466165414,2.9362714445286363e-05
k_pneumoniae,0,1.0362155388471177,2.4136388466910075e-05
k_pneumoniae,0,1.0389724310776942,1.9793252819774256e-05
k_pneumoniae,0,1.0417293233082707,1.619312319911761e-05
k_pneumoniae,0,1.044486215538847,1.3216376728282745e-05
k_pneumoniae,0,1.0472431077694235,1.0761240373489926e-05
k_pneumoniae,0,1.05,8.74138388254659e-06
k_pneumoniae,1,-0.05,0.28900195902125103
k_pneumoniae,1,-0.04724310776942356,0.2934648097576278
k_pneumoniae,1,-0.04448621553884712,0.29792145614757914
k_pneumoniae,1,-0.04172932330827068,0.30236996804928784
k_pneumoniae,1,-0.03897243107769424,0.30680841421968835
k_pneumoniae,1,-0.0362155388471178,0.31123486432398034
k_pneumoniae,1,-0.033458646616541354,0.31564739094908106
k_pneumoniae,1,-0.030701754385964914,0.32004407161844484
k_pneumoniae,1,-0.027944862155388474,0.324422990805743
k_pneumoniae,1,-0.025187969924812034,0.3287822419449637
k_pneumoniae,1,-0.022431077694235593,0.33311992943456664
k_pneumoniae,1,-0.01967418546365915,0.3374341706334048
k_pneumoniae,1,-0.016917293233082706,0.3417230978462098
k_pneumoniae,1,-0.014160401002506269,0.3459848602965237
k_pneumoniae,1,-0.011403508771929825,0.3502176260850454
k_pneumoniae,1,-0.008646616541353389,0.3544195841314611
k_pneumoniae,1,-0.005889724310776945,0.35858894609791064
k_pneumoniae,1,-0.003132832080200501,0.3627239482923481
k_pneumoniae,1,-0.0003759398496240643,0.3668228535501407
k_pneumoniae,1,0.0023809523809523794,0.3708839530923597
k_pneumoniae,1,0.005137844611528816,0.37490556835929384
k_pneumoniae,1,0.00789473684210526,0.37888605281783333
k_pneumoniae,1,0.010651629072681704,0.3828237937414456
k_pneumoniae,1,0.013408521303258147,0.38671721396156894
k_pneumoniae,1,0.01616541353383459,0.3905647735893313
k_pneumoniae,1,0.01892230576441102,0.3943649717065918
k_pneumoniae,1,0.021679197994987465,0.3981163480253775
k_pneumoniae,1,0.02443609022556391,0.40181748451487526
k_pneumoniae,1,0.027192982456140352,0.4054670069952026
k_pneumoniae,1,0.029949874686716796,0.40906358669725346
k_pneumoniae,1,0.032706766917293226,0.4126059417879792
k_pneumoniae,1,0.03546365914786967,0.4160928388605176
k_pneumoniae,1,0.03822055137844611,0.419523094388639
k_pneumoniae,1,0.04097744360902256,0.4228955761450188
k_pneumoniae,1,0.043734335839599,0.4262092045828879
k_pneumoniae,1,0.04649122807017543,0.42946295418064284
k_pneumoniae,1,0.049248120300751874,0.4326558547490218
k_pneumoniae,1,0.05200501253132832,0.4357869927004736
k_pneumoniae,1,0.05476190476190476,0.4388555122803579
k_pneumoniae,1,0.057518796992481205,0.4418606167596157
k_pneumoniae,1,0.060275689223057635,0.444801569588556
k_pneumoniae,1,0.06303258145363408,0.4476776955113885
k_pneumoniae,1,0.06578947368421052,0.45048838164111976
k_pneumoniae,1,0.06854636591478697,0.4532330784944142
k_pneumoniae,1,0.07130325814536341,0.4559113009859859
k_pneumoniae,1,0.07406015037593985,0.45852262938206456
k_pneumoniae,1,0.0768170426065163,0.46106671021243195
k_pneumoniae,1,0.07957393483709273,0.46354325714049355
k_pneumoniae,1,0.08233082706766919,0.4659520517907898
k_pneumoniae,1,0.08508771929824561,0.4682929445333159
k_pneumoniae,1,0.08784461152882204,0.4705658552239496
k_pneumoniae,1,0.0906015037593985,0.47277077390024297
k_pneumoniae,1,0.09335839598997493,0.47490776143176155
k_pneumoniae,1,0.09611528822055139,0.47697695012410357
k_pneumoniae,1,0.09887218045112782,0.4789785442756626
k_pneumoniae,1,0.10162907268170425,0.48091282068613345
k_pneumoniae,1,0.10438596491228071,0.482780129115703
k_pneumoniae,1,0.10714285714285714,0.4845808926937973
k_pneumoniae,1,0.1098997493734336,0.4863156082762002
k_pneumoniae,1,0.11265664160401002,0.4879848467492973
k_pneumoniae,1,0.11541353383458645,0.48958925328014047
k_pneumoniae,1,0.11817042606516291,0.4911295475109751
k_pneumoniae,1,0.12092731829573934,0.4926065236968238
k_pneumoniae,1,0.1236842105263158,0.49402105078467246
k_pneumoniae,1,0.12644110275689224,0.49537407243276266
k_pneumoniae,1,0.12919799498746865,0.49666660696846454
k_pneumoniae,1,0.1319548872180451,0.4978997472831704
k_pneumoniae,1,0.13471177944862156,0.4990746606626298
k_pneumoniae,1,0.13746867167919802,0.5001925885511318
k_pneumoniae,1,0.14022556390977442,0.5012548462479349
k_pneumoniae,1,0.14298245614035088,0.502262822534343
k_pneumoniae,1,0.14573934837092734,0.503217979229838
k_pneumoniae,1,0.14849624060150374,0.5041218506757023
k_pneumoniae,1,0.1512531328320802,0.504976043144583
k_pneumoniae,1,0.15401002506265665,0.5057822341745002
k_pneumoniae,1,0.15676691729323305,0.5065421718258385
k_pneumoniae,1,0.1595238095238095,0.5072576738599264
k_pneumoniae,1,0.16228070175438597,0.5079306268378714
k_pneumoniae,1,0.16503759398496243,0.5085629851384016
k_pneumoniae,1,0.16779448621553883,0.509156769893547
k_pneumoniae,1,0.1705513784461153,0.509714067841098
k_pneumoniae,1,0.17330827067669174,0.5102370300928866
k_pneumoniae,1,0.17606516290726815,0.5107278708180504
k_pneumoniae,1,0.1788220551378446,0.5111888658405725
k_pneumoniae,1,0.18157894736842106,0.5116223511505308
k_pneumoniae,1,0.18433583959899752,0.5120307213286286
k_pneumoniae,1,0.18709273182957392,0.5124164278837469
k_pneumoniae,1,0.18984962406015038,0.5127819775034144
k_pneumoniae,1,0.19260651629072684,0.5131299302172689
k_pneumoniae,1,0.19536340852130324,0.5134628974737644
k_pneumoniae,1,0.1981203007518797,0.5137835401305624
k_pneumoniae,1,0.20087719298245615,0.5140945663592482
k_pneumoniae,1,0.2036340852130326,0.5143987294652022
k_pneumoniae,1,0.206390977443609,0.5146988256236706
k_pneumoniae,1,0.20914786967418547,0.5149976915332845
k_pneumoniae,1,0.21190476190476193,0.5152982019884931
k_pneumoniae,1,0.2146616541353384,0.5156032673725884
k_pneumoniae,1,0.2174185463659148,0.515915831073225
k_pneumoniae,1,0.22017543859649125,0.5162388668225484
k_pneumoniae,1,0.2229323308270677,0.5165753759642759
k_pneumoniae,1,0.2256892230576441,0.5169283846502855
k_pneumoniae,1,0.22844611528822056,0.5173009409694939
k_pneumoniae,1,0.23120300751879702,0.5176961120120173
k_pneumoniae,1,0.23395989974937342,0.5181169808718229
k_pneumoniae,1,0.23671679197994988,0.5185666435912905
k_pneumoniae,1,0.23947368421052634,0.519048206051308
k_pneumoniae,1,0.2422305764411028,0.519564780810724
k_pneumoniae,1,0.2449874686716792,0.5201194838991741
k_pneumoniae,1,0.24774436090225566,0.5207154315674821
k_pneumoniae,1,0.2505012531328321,0.5213557370000185
k_pneumoniae,1,0.2532581453634085,0.5220435069935622
k_pneumoniae,1,0.256015037593985,0.5227818386073756
k_pneumoniae,1,0.25877192982456143,0.5235738157893464
k_pneumoniae,1,0.26152882205513783,0.5244225059831932
k_pneumoniae,1,0.2642857142857143,0.5253309567218495
k_pneumoniae,1,0.26704260651629075,0.5263021922122618
k_pneumoniae,1,0.2697994987468672,0.5273392099169295
k_pneumoniae,1,0.2725563909774436,0.5284449771376065
k_pneumoniae,1,0.27531328320802007,0.5296224276066516
k_pneumoniae,1,0.2780701754385965,0.5308744580915729
k_pneumoniae,1,0.2808270676691729,0.5322039250183579
k_pneumoniae,1,0.2835839598997494,0.5336136411191972
k_pneumoniae,1,0.28634085213032584,0.5351063721102299
k_pneumoniae,1,0.28909774436090224,0.5366848334049303
k_pneumoniae,1,0.2918546365914787,0.5383516868687309
k_pneumoniae,1,0.29461152882205516,0.54010953762044
k_pneumoniae,1,0.2973684210526316,0.5419609308859642
k_pneumoniae,1,0.300125313283208,0.5439083489097598
k_pneumoniae,1,0.3028822055137845,0.5459542079293687
k_pneumoniae,1,0.30563909774436093,0.5481008552182753
k_pneumoniae,1,0.30839598997493733,0.5503505662022099
k_pneumoniae,1,0.3111528822055138,0.552705541653882
k_pneumoniae,1,0.31390977443609025,0.5551679049709889
k_pneumoniae,1,0.3166666666666667,0.5577396995421553
k_pneumoniae,1,0.3194235588972431,0.5604228862053074
k_pneumoniae,1,0.32218045112781957,0.5632193408027647
k_pneumoniae,1,0.324937343358396,0.5661308518371407
k_pneumoniae,1,0.3276942355889724,0.5691591182319123
k_pneumoniae,1,0.3304511278195489,0.5723057472002875
k_pneumoniae,1,0.33320802005012534,0.5755722522257555
k_pneumoniae,1,0.33596491228070174,0.5789600511574422
k_pneumoniae,1,0.3387218045112782,0.5824704644231338
k_pneumoniae,1,0.34147869674185466,0.5861047133625452
k_pneumoniae,1,0.3442355889724311,0.5898639186831376
k_pneumoniae,1,0.3469924812030075,0.5937490990404861
k_pneumoniae,1,0.349749373433584,0.5977611697449082
k_pneumoniae,1,0.35250626566416043,0.6019009415957529
k_pneumoniae,1,0.35526315789473684,0.6061691198444487
k_pneumoniae,1,0.3580200501253133,0.610566303287095
k_pneumoniae,1,0.36077694235588975,0.6150929834870623
k_pneumoniae,1,0.36353383458646615,0.6197495441277621
k_pneumoniae,1,0.3662907268170426,0.6245362604954228
k_pneumoniae,1,0.36904761904761907,0.6294532990914007
k_pneumoniae,1,0.3718045112781955,0.6345007173732392
k_pneumoniae,1,0.37456140350877193,0.639678463623386
k_pneumoniae,1,0.3773182957393484,0.6449863769441723
k_pneumoniae,1,0.38007518796992484,0.6504241873773553
k_pneumoniae,1,0.38283208020050125,0.6559915161462467
k_pneumoniae,1,0.3855889724310777,0.661687876018153
k_pneumoniae,1,0.38834586466165416,0.6675126717845884
k_pneumoniae,1,0.39110275689223056,0.6734652008564508
k_pneumoniae,1,0.393859649122807,0.6795446539711077
k_pneumoniae,1,0.3966165413533835,0.6857501160080783
k_pneumoniae,1,0.39937343358395994,0.6920805669097969
k_pneumoniae,1,0.40213032581453634,0.6985348827036998
k_pneumoniae,1,0.4048872180451128,0.7051118366216991
k_pneumoniae,1,0.40764411027568925,0.7118101003129089
k_pneumoniae,1,0.41040100250626566,0.7186282451453259
k_pneumoniae,1,0.4131578947368421,0.7255647435920178
k_pneumoniae,1,0.41591478696741857,0.732617970697225
k_pneumoniae,1,0.41867167919799503,0.7397862056176832
k_pneumoniae,1,0.42142857142857143,0.7470676332343604
k_pneumoniae,1,0.4241854636591479,0.7544603458297254
k_pneumoniae,1,0.42694235588972435,0.7619623448256133
k_pneumoniae,1,0.42969924812030075,0.7695715425766987
k_pneumoniae,1,0.4324561403508772,0.7772857642145753
k_pneumoniae,1,0.43521303258145366,0.7851027495374324
k_pneumoniae,1,0.43796992481203006,0.79302015494034
k_pneumoniae,1,0.4407268170426065,0.8010355553811843
k_pneumoniae,1,0.443483709273183,0.8091464463773612
k_pneumoniae,1,0.44624060150375944,0.8173502460283973
k_pneumoniae,1,0.44899749373433584,0.8256442970597747
k_pneumoniae,1,0.4517543859649123,0.8340258688833366
k_pneumoniae,1,0.4545112781954887,0.8424921596697801
k_pneumoniae,1,0.4572681704260652,0.8510402984289058
k_pneumoniae,1,0.4600250626566416,0.8596673470934272
k_pneumoniae,1,0.462781954887218,0.8683703026023526
k_pneumoniae,1,0.46553884711779453,0.8771460989801213
k_pneumoniae,1,0.46829573934837093,0.8859916094078963
k_pneumoniae,1,0.47105263157894733,0.894903648283639
k_pneumoniae,1,0.47380952380952385,0.903878973267808
k_pneumoniae,1,0.47656641604010025,0.9129142873117847
k_pneumoniae,1,0.47932330827067676,0.9220062406663799
k_pneumoniae,1,0.48208020050125316,0.931151432868021
k_pneumoniae,1,0.48483709273182957,0.9403464147005156
k_pneumoniae,1,0.4875939849624061,0.9495876901305378
k_pneumoniae,1,0.4903508771929825,0.9588717182152837
k_pneumoniae,1,0.4931077694235589,0.9681949149810163
k_pneumoniae,1,0.4958646616541354,0.9775536552715066
k_pneumoniae,1,0.4986215538847118,0.98694427456567
k_pneumoniae,1,0.5013784461152881,0.9963630707639861
k_pneumoniae,1,0.5041353383458647,1.0058063059435576
k_pneumoniae,1,0.5068922305764411,1.0152702080819704
k_pneumoniae,1,0.5096491228070175,1.024750972750379
k_pneumoniae,1,0.512406015037594,1.0342447647765065
k_pneumoniae,1,0.5151629072681704,1.0437477198785277
k_pneumoniae,1,0.5179197994987468,1.0532559462710491
k_pneumoniae,1,0.5206766917293233,1.062765526244641
k_pneumoniae,1,0.5234335839598997,1.0722725177206178
k_pneumoniae,1,0.5261904761904761,1.081772955782981
k_pneumoniae,1,0.5289473684210526,1.0912628541896414
k_pneumoniae,1,0.531704260651629,1.1007382068652387
k_pneumoniae,1,0.5344611528822055,1.110194989378046
k_pneumoniae,1,0.5372180451127819,1.1196291604036106
k_pneumoniae,1,0.5399749373433583,1.1290366631779316
k_pneumoniae,1,0.5427318295739348,1.1384134269430826
k_pneumoniae,1,0.5454887218045112,1.1477553683883122
k_pneumoniae,1,0.5482456140350876,1.15705839308974
k_pneumoniae,1,0.5510025062656642,1.166318396951811
k_pneumoniae,1,0.5537593984962406,1.1755312676537497
k_pneumoniae,1,0.556516290726817,1.1846928861042607
k_pneumoniae,1,0.5592731829573935,1.1937991279077251
k_pneumoniae,1,0.5620300751879699,1.2028458648451394
k_pneumoniae,1,0.5647869674185463,1.211828966373006
k_pneumoniae,1,0.5675438596491228,1.220744301143301
k_pneumoniae,1,0.5703007518796992,1.2295877385476128
k_pneumoniae,1,0.5730576441102756,1.2383551502883916
k_pneumoniae,1,0.5758145363408521,1.2470424119801868
k_pneumoniae,1,0.5785714285714285,1.2556454047835592
k_pneumoniae,1,0.581328320802005,1.2641600170742395
k_pneumoniae,1,0.5840852130325814,1.2725821461499087
k_pneumoniae,1,0.5868421052631578,1.2809076999767817
k_pneumoniae,1,0.5895989974937343,1.2891325989779836
k_pneumoniae,1,0.5923558897243107,1.2972527778654672
k_pneumoniae,1,0.5951127819548871,1.3052641875169968
k_pneumoniae,1,0.5978696741854637,1.3131627968994573
k_pneumoniae,1,0.6006265664160401,1.3209445950394993
k_pneumoniae,1,0.6033834586466165,1.3286055930422482
k_pneumoniae,1,0.606140350877193,1.33614182615853
k_pneumoniae,1,0.6088972431077694,1.3435493559007585
k_pneumoniae,1,0.6116541353383458,1.3508242722073633
k_pneumoniae,1,0.6144110275689223,1.3579626956553024
k_pneumoniae,1,0.6171679197994987,1.3649607797199093
k_pneumoniae,1,0.6199248120300751,1.371814713081038
k_pneumoniae,1,0.6226817042606516,1.378520721974126
k_pneumoniae,1,0.625438596491228,1.3850750725845018
k_pneumoniae,1,0.6281954887218044,1.3914740734829851
k_pneumoniae,1,0.6309523809523809,1.3977140781004778
k_pneumoniae,1,0.6337092731829573,1.4037914872389916
k_pneumoniae,1,0.6364661654135338,1.4097027516162552
k_pneumoniae,1,0.6392230576441102,1.4154443744407526
k_pneumoniae,1,0.6419799498746867,1.4210129140138026
k_pneumoniae,1,0.6447368421052632,1.426404986355004
k_pneumoniae,1,0.6474937343358396,1.4316172678471433
k_pneumoniae,1,0.650250626566416,1.4366464978964226
k_pneumoniae,1,0.6530075187969925,1.441489481603652
k_pneumoniae,1,0.6557644110275689,1.4461430924418495
k_pneumoniae,1,0.6585213032581453,1.4506042749355044
k_pneumoniae,1,0.6612781954887218,1.454870047336603
k_pneumoniae,1,0.6640350877192982,1.4589375042923567
k_pneumoniae,1,0.6667919799498746,1.462803819499463
k_pneumoniae,1,0.6695488721804511,1.466466248339598
k_pneumoniae,1,0.6723057644110275,1.4699221304907795
k_pneumoniae,1,0.6750626566416039,1.4731688925091522
k_pneumoniae,1,0.6778195488721804,1.4762040503757246
k_pneumoniae,1,0.6805764411027568,1.4790252120025325
k_pneumoniae,1,0.6833333333333333,1.4816300796927466
k_pneumoniae,1,0.6860902255639098,1.4840164525492268
k_pneumoniae,1,0.6888471177944862,1.4861822288260813
k_pneumoniae,1,0.6916040100250627,1.4881254082178614
k_pneumoniae,1,0.6943609022556391,1.4898440940810893
k_pneumoniae,1,0.6971177944862155,1.491336495582951
k_pneumoniae,1,0.699874686716792,1.4926009297720708
k_pneumoniae,1,0.7026315789473684,1.4936358235664762
k_pneumoniae,1,0.7053884711779448,1.4944397156539848
k_pneumoniae,1,0.7081453634085213,1.495011258300464
k_pneumoniae,1,0.7109022556390977,1.4953492190615738
k_pneumoniae,1,0.7136591478696741,1.4954524823938597
k_pneumoniae,1,0.7164160401002506,1.4953200511612628
k_pneumoniae,1,0.719172932330827,1.4949510480333645
k_pneumoniae,1,0.7219298245614034,1.4943447167719615
k_pneumoniae,1,0.7246867167919799,1.4935004234027967
k_pneumoniae,1,0.7274436090225563,1.4924176572695869
k_pneumoniae,1,0.7302005012531327,1.491096031967758
k_pneumoniae,1,0.7329573934837093,1.48953528615559
k_pneumoniae,1,0.7357142857142857,1.4877352842407945
k_pneumoniae,1,0.7384711779448622,1.485696016940827
k_pneumoniae,1,0.7412280701754386,1.4834176017155731
k_pneumoniae,1,0.743984962406015,1.4809002830713378
k_pneumoniae,1,0.7467418546365915,1.4781444327353979
k_pneumoniae,1,0.7494987468671679,1.4751505497006703
k_pneumoniae,1,0.7522556390977443,1.4719192601403754
k_pneumoniae,1,0.7550125313283208,1.468451317192876
k_pneumoniae,1,0.7577694235588972,1.4647476006171636
k_pneumoniae,1,0.7605263157894736,1.460809116319777
k_pneumoniae,1,0.7632832080200501,1.4566369957542162
k_pneumoniae,1,0.7660401002506265,1.4522324951941972
k_pneumoniae,1,0.7687969924812029,1.4475969948823586
k_pneumoniae,1,0.7715538847117794,1.4427319980563071
k_pneumoniae,1,0.7743107769423558,1.437639129854127
k_pneumoniae,1,0.7770676691729322,1.432320136101705
k_pneumoniae,1,0.7798245614035088,1.426776881984483
k_pneumoniae,1,0.7825814536340852,1.4210113506064144
k_pneumoniae,1,0.7853383458646617,1.415025641439133
k_pneumoniae,1,0.7880952380952381,1.4088219686645145
k_pneumoniae,1,0.7908521303258145,1.4024026594139583
k_pneumoniae,1,0.793609022556391,1.3957701519079062
k_pneumoniae,1,0.7963659147869674,1.388926993499209
k_pneumoniae,1,0.7991228070175438,1.381875838624094
k_pneumoniae,1,0.8018796992481203,1.3746194466645907
k_pneumoniae,1,0.8046365914786967,1.3671606797263445
k_pneumoniae,1,0.8073934837092731,1.359502500335823
k_pneumoniae,1,0.8101503759398496,1.3516479690609813
k_pneumoniae,1,0.812907268170426,1.3436002420594901
k_pneumoniae,1,0.8156641604010024,1.3353625685586326
k_pneumoniae,1,0.8184210526315789,1.3269382882710214
k_pneumoniae,1,0.8211779448621553,1.3183308287502526
k_pneumoniae,1,0.8239348370927317,1.309543702690594
k_pneumoniae,1,0.8266917293233083,1.3005805051747947
k_pneumoniae,1,0.8294486215538847,1.2914449108740336
k_pneumoniae,1,0.8322055137844611,1.2821406712039745
k_pneumoniae,1,0.8349624060150376,1.2726716114408336
k_pneumoniae,1,0.837719298245614,1.2630416278012795
k_pneumoniae,1,0.8404761904761905,1.2532546844898904
k_pneumoniae,1,0.8432330827067669,1.2433148107178182
k_pneumoniae,1,0.8459899749373433,1.233226097696181
k_pneumoniae,1,0.8487468671679198,1.2229926956076103
k_pneumoniae,1,0.8515037593984962,1.2126188105592564
k_pneumoniae,1,0.8542606516290726,1.2021087015204333
k_pneumoniae,1,0.8570175438596491,1.1914666772479667
k_pneumoniae,1,0.8597744360902255,1.1806970932021734
k_pneumoniae,1,0.8625313283208019,1.1698043484562666
k_pneumoniae,1,0.8652882205513784,1.1587928826018699
k_pneumoniae,1,0.8680451127819548,1.1476671726531777
k_pneumoniae,1,0.8708020050125312,1.1364317299521625
k_pneumoniae,1,0.8735588972431078,1.1250910970771248
k_pneumoniae,1,0.8763157894736842,1.113649844756739
k_pneumoniae,1,0.8790726817042606,1.1021125687916296
k_pneumoniae,1,0.8818295739348371,1.0904838869853968
k_pneumoniae,1,0.8845864661654135,1.0787684360869032
k_pneumoniae,1,0.88734335839599,1.066970868745502
k_pneumoniae,1,0.8901002506265664,1.0550958504808263
k_pneumoniae,1,0.8928571428571428,1.0431480566686127
k_pneumoniae,1,0.8956140350877193,1.0311321695439941
k_pneumoniae,1,0.8983709273182957,1.0190528752235735
k_pneumoniae,1,0.9011278195488721,1.0069148607475455
k_pneumoniae,1,0.9038847117794486,0.9947228111430497
k_pneumoniae,1,0.906641604010025,0.9824814065098886
k_pneumoniae,1,0.9093984962406014,0.97019531912969
k_pneumoniae,1,0.9121553884711779,0.9578692105995567
k_pneumoniae,1,0.9149122807017543,0.9455077289912077
k_pneumoniae,1,0.9176691729323307,0.9331155060365861
k_pneumoniae,1,0.9204260651629073,0.9206971543409003
k_pneumoniae,1,0.9231829573934837,0.9082572646240565
k_pneumoniae,1,0.9259398496240601,0.8958004029914138
k_pneumoniae,1,0.9286967418546366,0.8833311082348372
k_pneumoniae,1,0.931453634085213,0.8708538891650025
k_pneumoniae,1,0.9342105263157895,0.8583732219759338
k_pneumoniae,1,0.9369674185463659,0.8458935476427938
k_pneumoniae,1,0.9397243107769423,0.8334192693539486
k_pneumoniae,1,0.9424812030075188,0.8209547499783916
k_pneumoniae,1,0.9452380952380952,0.8085043095696268
k_pneumoniae,1,0.9479949874686716,0.7960722229071668
k_pneumoniae,1,0.950751879699248,0.7836627170768461
k_pneumoniae,1,0.9535087719298245,0.771279969091193
k_pneumoniae,1,0.956265664160401,0.7589281035511544
k_pneumoniae,1,0.9590225563909773,0.746611190350528
k_pneumoniae,1,0.9617794486215538,0.734333242424487
k_pneumoniae,1,0.9645363408521304,0.7220982135436723
k_pneumoniae,1,0.9672932330827066,0.7099099961553216
k_pneumoniae,1,0.9700501253132832,0.6977724192730154
k_pneumoniae,1,0.9728070175438597,0.6856892464166205
k_pneumoniae,1,0.975563909774436,0.6736641736040826
k_pneumoniae,1,0.9783208020050125,0.6617008273967387
k_pneumoniae,1,0.981077694235589,0.6498027629998898
k_pneumoniae,1,0.9838345864661653,0.6379734624203676
k_pneumoniae,1,0.9865914786967418,0.6262163326828788
k_pneumoniae,1,0.9893483709273183,0.614534704106944
k_pneumoniae,1,0.9921052631578946,0.6029318286462242
k_pneumoniae,1,0.9948621553884711,0.5914108782920752
k_pneumoniae,1,0.9976190476190476,0.5799749435431625
k_pneumoniae,1,1.000375939849624,0.5686270319429416
k_pneumoniae,1,1.0031328320802004,0.5573700666868276
k_pneumoniae,1,1.005889724310777,0.5462068853008437
k_pneumoniae,1,1.0086466165413535,0.5351402383934969
k_pneumoniae,1,1.0114035087719297,0.5241727884826195
k_pneumoniae,1,1.0141604010025063,0.5133071088988373
k_pneumoniae,1,1.0169172932330828,0.5025456827673116
k_pneumoniae,1,1.019674185463659,0.4918909020692942
k_pneumoniae,1,1.0224310776942356,0.48134506678499955
k_pneumoniae,1,1.025187969924812,0.4709103841192142
k_pneumoniae,1,1.0279448621553884,0.4605889678109553
k_pneumoniae,1,1.030701754385965,0.45038283752841807
k_pneumoniae,1,1.0334586466165414,0.4402939183503513
k_pneumoniae,1,1.0362155388471177,0.430324040334866
k_pneumoniae,1,1.0389724310776942,0.4204749381765884
k_pneumoniae,1,1.0417293233082707,0.4107482509529454
k_pneumoniae,1,1.044486215538847,0.40114552196022357
k_pneumoniae,1,1.0472431077694235,0.39166819863991537
k_pneumoniae,1,1.05,0.38231763259574353
