source_row,Tanimoto,EC__orig_index,HepG2__orig_index,EC_Broad ID,SMILES,EC_hit_inh,EC_hit_kill,HepG2_ID,HepG2_broad_id,HepG2_label_HepG2,HepG2_smiles,HepG2_dose,HepG2_screen_id,Standardized_SMILES,Max_Tox_Score,identity_isomeric,identity_connectivity
133,1.0,67,130,BRD-A12077521,CON=C(C(=O)N[C@H]1[C@H]2SCC(C[N+]3(C)CCCC3)=C(N2C1=O)C(O)=O)c1csc(N)n1,1,0,BRD-A12077521-003-01-5::2.5::HTS,BRD-A12077521-003-01-5,0.0,CO\N=C(\C(=O)NC1C2SCC(C[N+]3(C)CCCC3)=C(N2C1=O)C(O)=O)c1csc(N)n1,2.5,HTS,CON=C(C(=O)NC1C(=O)N2C(C(=O)O)=C(C[N+]3(C)CCCC3)CS[C@H]12)c1csc(N)n1,0.0306654511666666,False,True
200,1.0,107,195,BRD-K01826533,O[C@@H](CN1CCNCC1)Cn1c2ccc(Br)cc2c2cc(Br)ccc12,1,1,BRD-A18763547-300-05-5::2.5::HTS,BRD-A18763547-300-05-5,0.0,OC(CN1CCNCC1)Cn1c2ccc(Br)cc2c2cc(Br)ccc12,2.5,HTS,O[C@@H](CN1CCNCC1)Cn1c2ccc(Br)cc2c2cc(Br)ccc21,0.9791632,False,True
222,1.0,5383,216,BRD-K00003661,[H][C@]12SCC(CSc3nnnn3C)=C(N1C(=O)[C@H]2NC(=O)C(=N/OC)c1csc(N)n1)C(O)=O,1,0,BRD-A20839672-003-01-5::2.5::HTS,BRD-A20839672-003-01-5,1.0,CO\N=C(\C(=O)NC1C2SCC(CSc3nnnn3C)=C(N2C1=O)C(O)=O)c1csc(N)n1,2.5,HTS,CON=C(C(=O)NC1C(=O)N2C(C(=O)O)=C(CSc3nnnn3C)CS[C@H]12)c1csc(N)n1,0.0284115185,False,True
246,1.0,87,243,BRD-K01507359,CO[C@H]1C=CO[C@@]2(C)Oc3c(C2=O)c2c(O)c(C=NN4CCN(C)CC4)c(NC(=O)C(C)=C/C=C/[C@H](C)[C@H](O)[C@@H](C)[C@@H](O)[C@@H](C)[C@H](OC(C)=O)[C@@H]1C)c(O)c2c(O)c3C,1,0,BRD-A23603052-001-03-2::2.5::HTS,BRD-A23603052-001-03-2,0.0,CO[C@H]1\C=C\O[C@@]2(C)Oc3c(C2=O)c2c(O)c(\C=N\N4CCN(C)CC4)c(NC(=O)\C(C)=C/C=C/[C@H](C)[C@H](O)[C@@H](C)[C@@H](O)[C@@H](C)[C@H](OC(C)=O)[C@@H]1C)c(O)c2c(O)c3C,2.5,HTS,CO[C@H]1C=CO[C@@]2(C)Oc3c(C)c(O)c4c(O)c(c(C=NN5CCN(C)CC5)c(O)c4c3C2=O)NC(=O)C(C)=CC=CC(C)[C@H](O)[C@@H](C)[C@@H](O)[C@@H](C)[C@H](OC(C)=O)[C@@H]1C,0.0755643191666666,False,True
250,1.0,104,247,BRD-K09471561,C[C@H]1COc2c(N3CCN(C)CC3)c(F)cc3c2n1cc(C(O)=O)c3=O,1,0,BRD-A24228527-213-01-9::2.5::HTS,BRD-A24228527-213-01-9,0.0,CC1COc2c(N3CCN(C)CC3)c(F)cc3c2n1cc(C(O)=O)c3=O,2.5,HTS,C[C@H]1COc2c(N3CCN(C)CC3)c(F)cc3c(=O)c(C(=O)O)cn1c23,0.0672895285,False,True
251,1.0,5379,247,BRD-K09471561,C[C@H]1COc2c(N3CCN(C)CC3)c(F)cc3c2n1cc(C(O)=O)c3=O,1,1,BRD-A24228527-213-01-9::2.5::HTS,BRD-A24228527-213-01-9,0.0,CC1COc2c(N3CCN(C)CC3)c(F)cc3c2n1cc(C(O)=O)c3=O,2.5,HTS,C[C@H]1COc2c(N3CCN(C)CC3)c(F)cc3c(=O)c(C(=O)O)cn1c23,0.0672895285,False,True
254,1.0,119,250,BRD-A24397426,C[C@H]1CCc2c(N3CCC(O)CC3)c(F)cc3c2n1cc(C(O)=O)c3=O,1,0,BRD-A24397426-001-10-4::2.5::HTS,BRD-A24397426-001-10-4,0.0,CC1CCc2c(N3CCC(O)CC3)c(F)cc3c2n1cc(C(O)=O)c3=O,2.5,HTS,C[C@H]1CCc2c(N3CCC(O)CC3)c(F)cc3c(=O)c(C(=O)O)cn1c23,0.0822537169999999,False,True
264,1.0,41,259,BRD-K00003353,[H][C@@]12C[C@@]3([H])[C@H](C(=O)c4c(O)ccc(Cl)c4[C@@]3(C)O)C(=O)[C@]1(O)C(=O)[C@H](C(N)=O)C(=O)[C@H]2N(C)C,1,0,BRD-A25492003-003-14-1::2.568211596::MTS004,BRD-A25492003-003-14-1,0.0,CN(C)[C@H]1[C@@H]2C[C@H]3C(C(=O)c4c(O)ccc(Cl)c4[C@@]3(C)O)C(=O)[C@]2(O)C(=O)C(C(N)=O)C1=O,2.568211596,MTS004,CN(C)C1C(=O)C(C(N)=O)C(=O)[C@@]2(O)C(=O)C3C(=O)c4c(O)ccc(Cl)c4[C@@](C)(O)[C@H]3C[C@@H]12,0.0730685243333333,False,True
323,1.0,122,321,BRD-K11298197,CS(=O)(=O)c1ccc(cc1)[C@@H](O)[C@@H](CF)NC(=O)C(Cl)Cl,1,0,BRD-A30886737-001-02-9::2.5::HTS,BRD-A30886737-001-02-9,0.0,CS(=O)(=O)c1ccc(cc1)C(O)[C@H](CF)NC(=O)C(Cl)Cl,2.5,HTS,CS(=O)(=O)c1ccc([C@@H](O)[C@@H](CF)NC(=O)C(Cl)Cl)cc1,0.2887807866666667,False,True
349,1.0,60,344,BRD-K72903603,Cc1cn([C@H]2C[C@H](N=[N+]=[N-])[C@@H](CO)O2)c(=O)[nH]c1=O,1,0,BRD-A33692381-001-01-9::2.5::HTS,BRD-A33692381-001-01-9,0.0,Cc1cn([C@H]2C[C@H](N=[N+]=[N-])[C@@H](CO)O2)c(=O)[nH]c1=O,2.5,HTS,Cc1cn([C@H]2C[C@H](N=[N+]=[N-])[C@@H](CO)O2)c(=O)[nH]c1=O,0.0477810556666666,True,True
361,1.0,5,355,BRD-K00003352,[H][C@@]12C[C@@]3([H])[C@@H](C(=O)c4c(O)cccc4[C@@]3(C)O)C(=O)[C@]1(O)C(=O)[C@@H](C(N)=O)C(=O)[C@H]2N(C)C,1,0,BRD-A34788695-003-10-2::2.375699424::MTS004,BRD-A34788695-003-10-2,0.0,CN(C)[C@H]1[C@@H]2C[C@H]3C(C(=O)c4c(O)cccc4[C@@]3(C)O)C(=O)[C@]2(O)C(=O)C(C(N)=O)C1=O,2.375699424,MTS004,CN(C)C1C(=O)C(C(N)=O)C(=O)[C@@]2(O)C(=O)C3C(=O)c4c(O)cccc4[C@@](C)(O)[C@H]3C[C@@H]12,0.0939928851666666,False,True
399,1.0,5380,396,BRD-A40787240,CON=C1/CN(C[C@@H]1CN)c1nc2n(cc(C(O)=O)c(=O)c2cc1F)C1CC1,1,0,BRD-A40787240-066-04-6::2.5::HTS,BRD-A40787240-066-04-6,0.0,CO\N=C1/CN(CC1CN)c1nc2n(cc(C(O)=O)c(=O)c2cc1F)C1CC1,2.5,HTS,CON=C1CN(c2nc3c(cc2F)c(=O)c(C(=O)O)cn3C2CC2)C[C@@H]1CN,0.0763083433333333,False,True
404,1.0,53,401,BRD-K01825158,N[C@H]1CCN(C1)c1nc2n(cc(C(O)=O)c(=O)c2cc1F)-c1ccc(F)cc1F,1,1,BRD-A41450521-075-10-8::2.5::HTS,BRD-A41450521-075-10-8,0.0,NC1CCN(C1)c1nc2n(cc(C(O)=O)c(=O)c2cc1F)-c1ccc(F)cc1F,2.5,HTS,N[C@H]1CCN(c2nc3c(cc2F)c(=O)c(C(=O)O)cn3-c2ccc(F)cc2F)C1,0.149147085,False,True
462,1.0,55,455,BRD-K60663764,CC1(C)S[C@@H]2[C@H](NC(=O)[C@H](NC(=O)N3CCNC3=O)c3ccccc3)C(=O)N2[C@H]1C(O)=O,1,0,BRD-A46717658-236-02-5::2.5::HTS,BRD-A46717658-236-02-5,1.0,CC1(C)S[C@@H]2[C@H](NC(=O)[C@H](NC(=O)N3CCNC3=O)c3ccccc3)C(=O)N2[C@H]1C(O)=O,2.5,HTS,CC1(C)S[C@@H]2C(NC(=O)C(NC(=O)N3CCNC3=O)c3ccccc3)C(=O)N2C1C(=O)O,0.0281520351666666,True,True
473,1.0,69,464,BRD-A47790386,CN[C@H]1CCCN(C1)c1c(F)cc2c(c1OC)n(cc(C(O)=O)c2=O)C1CC1,1,0,BRD-A47790386-001-03-6::2.61::HTS,BRD-A47790386-001-03-6,1.0,CNC1CCCN(C1)c1c(F)cc2c(c1OC)n(cc(C(O)=O)c2=O)C1CC1,2.61,HTS,CN[C@H]1CCCN(c2c(F)cc3c(=O)c(C(=O)O)cn(C4CC4)c3c2OC)C1,0.0407004474999999,False,True
478,1.0,128,469,BRD-K59670716,CO[C@]12[C@H]3N[C@H]3CN1C1=C([C@H]2COC(N)=O)C(=O)C(N)=C(C)C1=O,1,1,BRD-A48237631-001-04-8::2.5::HTS,BRD-A48237631-001-04-8,0.0,CO[C@@]12[C@@H]3NC3CN1C1=C([C@@H]2COC(N)=O)C(=O)C(N)=C(C)C1=O,2.5,HTS,C=c1c(N)c(O)c2c(c1O)N1C[C@@H]3N[C@@H]3[C@]1(OC)C=2COC(N)=O,0.6985853366666667,False,True
486,1.0,5391,477,BRD-K00003351,[H][C@]12[C@H](O)[C@@]3([H])[C@H](N(C)C)C(=O)[C@H](C(N)=O)C(=O)[C@@]3(O)C(=O)[C@H]1C(=O)c1c(O)cccc1C2=C,1,0,BRD-A49035384-003-28-9::2.39::HTS,BRD-A49035384-003-28-9,0.0,CN(C)[C@H]1[C@@H]2[C@@H](O)[C@H]3C(C(=O)c4c(O)cccc4C3=C)C(=O)[C@]2(O)C(=O)C(C(N)=O)C1=O,2.39,HTS,C=C1c2cccc(O)c2C(=O)C2C(=O)[C@]3(O)C(=O)C(C(N)=O)C(=O)C(N(C)C)[C@@H]3[C@@H](O)[C@H]12,0.0796567048333333,False,True
487,1.0,5391,478,BRD-K00003351,[H][C@]12[C@H](O)[C@@]3([H])[C@H](N(C)C)C(=O)[C@H](C(N)=O)C(=O)[C@@]3(O)C(=O)[C@H]1C(=O)c1c(O)cccc1C2=C,1,0,BRD-A49035384-003-30-5::2.5::HTS,BRD-A49035384-003-30-5,1.0,CN(C)[C@H]1[C@@H]2[C@@H](O)[C@H]3C(C(=O)c4c(O)cccc4C3=C)C(=O)[C@]2(O)C(=O)C(C(N)=O)C1=O,2.5,HTS,C=C1c2cccc(O)c2C(=O)C2C(=O)[C@]3(O)C(=O)C(C(N)=O)C(=O)C(N(C)C)[C@@H]3[C@@H](O)[C@H]12,0.0796567048333333,False,True
498,1.0,36,487,BRD-A49622760,C[C@@H](O)[C@H]1[C@H]2SC([C@H]3CCCO3)=C(N2C1=O)C(O)=O,1,0,BRD-A49622760-001-01-9::2.5::HTS,BRD-A49622760-001-01-9,0.0,CC(O)C1C2SC(C3CCCO3)=C(N2C1=O)C(O)=O,2.5,HTS,C[C@@H](O)C1C(=O)N2C(C(=O)O)=C([C@H]3CCCO3)S[C@H]12,0.0376047365,False,True
526,1.0,18,517,BRD-A52660433,C1CCC(CC1)c1ccc2n3CCNC4CCCc(c34)c2c1,1,1,BRD-A52660433-066-02-1::2.5::HTS,BRD-A52660433-066-02-1,0.0,C1CCC(CC1)c1ccc2n3CCNC4CCCc(c34)c2c1,2.5,HTS,c1cc2c(cc1C1CCCCC1)c1c3n2CCNC3CCC1,0.4067242200000001,True,True
606,1.0,64,592,BRD-A61633223,C[C@H]1Sc2c(C(O)=O)c(=O)c3cc(F)c(cc3n12)N1CCNCC1,1,0,BRD-A61633223-001-02-8::2.678394161::MTS004,BRD-A61633223-001-02-8,0.0,CC1Sc2c(C(O)=O)c(=O)c3cc(F)c(cc3n12)N1CCNCC1,2.678394161,MTS004,C[C@H]1Sc2c(C(=O)O)c(=O)c3cc(F)c(N4CCNCC4)cc3n21,0.0629244006666666,False,True
666,1.0,51,655,BRD-K01824979,[O-][N+](=O)c1ccc(C=NN2C[C@@H](CN3CCOCC3)OC2=O)o1,1,1,BRD-A67514145-003-05-8::2.5::HTS,BRD-A67514145-003-05-8,0.0,[O-][N+](=O)c1ccc(\C=N\N2CC(CN3CCOCC3)OC2=O)o1,2.5,HTS,O=C1O[C@H](CN2CCOCC2)CN1N=Cc1ccc([N+](=O)[O-])o1,0.1565602483333333,False,True
685,1.0,5392,676,BRD-K00003346,[H][C@@]12Cc3c(ccc(O)c3C(=O)[C@@H]1C(=O)[C@]1(O)C(=O)[C@H](C(N)=O)C(=O)[C@@H](N(C)C)[C@]1([H])C2)N(C)C,1,0,BRD-A69651145-003-07-2::2.5::HTS,BRD-A69651145-003-07-2,1.0,CN(C)[C@H]1[C@@H]2C[C@@H]3Cc4c(ccc(O)c4C(=O)C3C(=O)[C@]2(O)C(=O)C(C(N)=O)C1=O)N(C)C,2.5,HTS,CN(C)c1ccc(O)c2c1C[C@H]1C[C@H]3C(N(C)C)C(=O)C(C(N)=O)C(=O)[C@@]3(O)C(=O)C1C2=O,0.0782556433333333,False,True
686,1.0,1,677,BRD-A69777949,C[C@H]1CCc2cc(F)cc3c2n1cc(C(O)=O)c3=O,1,0,BRD-A69777949-001-24-2::2.5::HTS,BRD-A69777949-001-24-2,0.0,CC1CCc2cc(F)cc3c2n1cc(C(O)=O)c3=O,2.5,HTS,C[C@H]1CCc2cc(F)cc3c(=O)c(C(=O)O)cn1c23,0.0502617036666666,False,True
701,1.0,32,691,BRD-A71407503,CSC[C@H]1CN(N=Cc2ccc(o2)[N+]([O-])=O)C(=O)O1,1,0,BRD-A71407503-001-01-8::2.5::HTS,BRD-A71407503-001-01-8,0.0,CSCC1CN(\N=C\c2ccc(o2)[N+]([O-])=O)C(=O)O1,2.5,HTS,CSC[C@H]1CN(N=Cc2ccc([N+](=O)[O-])o2)C(=O)O1,0.1413826583333333,False,True
736,1.0,114,727,BRD-K01825698,COc1c(N2CCN[C@@H](C)C2)c(F)cc2c1n(cc(C(O)=O)c2=O)C1CC1,1,1,BRD-A74980173-001-11-9::2.5::HTS,BRD-A74980173-001-11-9,0.0,COc1c(N2CCNC(C)C2)c(F)cc2c1n(cc(C(O)=O)c2=O)C1CC1,2.5,HTS,COc1c(N2CCN[C@@H](C)C2)c(F)cc2c(=O)c(C(=O)O)cn(C3CC3)c12,0.0357938866666666,False,True
745,1.0,5386,737,BRD-K01825701,CCn1cc(C(O)=O)c(=O)c2cc(F)c(N3CCN[C@@H](C)C3)c(F)c12,1,0,BRD-A75850590-213-01-0::2.5::HTS,BRD-A75850590-213-01-0,0.0,CCn1cc(C(O)=O)c(=O)c2cc(F)c(N3CCNC(C)C3)c(F)c12,2.5,HTS,CCn1cc(C(=O)O)c(=O)c2cc(F)c(N3CCN[C@@H](C)C3)c(F)c21,0.053239955,False,True
763,1.0,113,756,BRD-A78965079,COc1cc(C)c2c(Oc3cccc(c3)C(F)(F)F)c(OC)cc(N[C@@H](C)CCCN)c2n1,0,1,BRD-A78965079-036-01-8::2.640168331::MTS004,BRD-A78965079-036-01-8,0.0,COc1cc(C)c2c(Oc3cccc(c3)C(F)(F)F)c(OC)cc(NC(C)CCCN)c2n1,2.640168331,MTS004,COc1cc(C)c2c(Oc3cccc(C(F)(F)F)c3)c(OC)cc(N[C@@H](C)CCCN)c2n1,0.7883914299999999,False,True
861,1.0,50,851,BRD-A92341659,C[C@H]1Sc2c(C(O)=O)c(=O)c3cc(F)c(cc3n12)N1CCN(Cc2oc(=O)oc2C)CC1,1,0,BRD-A92341659-001-04-0::2.499993321::MTS004,BRD-A92341659-001-04-0,1.0,CC1Sc2c(C(O)=O)c(=O)c3cc(F)c(cc3n12)N1CCN(Cc2oc(=O)oc2C)CC1,2.499993321,MTS004,Cc1oc(=O)oc1CN1CCN(c2cc3c(cc2F)c(=O)c(C(=O)O)c2n3[C@@H](C)S2)CC1,0.0897696968333333,False,True
878,1.0,84,870,BRD-K01825499,N[C@H]1CCN(C1)c1c(F)cc2c(c1Cl)n(cc(C(O)=O)c2=O)C1CC1,1,1,BRD-A93964801-003-03-3::2.5::HTS,BRD-A93964801-003-03-3,0.0,NC1CCN(C1)c1c(F)cc2c(c1Cl)n(cc(C(O)=O)c2=O)C1CC1,2.5,HTS,N[C@H]1CCN(c2c(F)cc3c(=O)c(C(=O)O)cn(C4CC4)c3c2Cl)C1,0.0501504333333333,False,True
879,1.0,115,871,BRD-K82240271,CC[C@H]1OC(=O)[C@H](C)C(=O)[C@H](C)[C@@H](O[C@@H]2O[C@H](C)C[C@@H]([C@H]2O)N(C)C)[C@@](C)(C[C@@H](C)C(=O)[C@H](C)[C@H]2N(CCCCn3cnc(c3)-c3cccnc3)C(=O)O[C@]12C)OC,1,0,BRD-A94008949-001-01-9::2.5::HTS,BRD-A94008949-001-01-9,1.0,CCC1OC(=O)[C@H](C)C(=O)[C@H](C)[C@@H](OC2O[C@H](C)C[C@@H]([C@H]2O)N(C)C)[C@@](C)(C[C@@H](C)C(=O)[C@@H](C)[C@@H]2N(CCCCn3cnc(c3)-c3cccnc3)C(=O)O[C@]12C)OC,2.5,HTS,CC[C@H]1OC(=O)C(C)C(=O)C(C)[C@@H](O[C@@H]2O[C@H](C)C[C@H](N(C)C)[C@H]2O)[C@](C)(OC)CC(C)C(=O)C(C)[C@H]2N(CCCCn3cnc(-c4cccnc4)c3)C(=O)O[C@]12C,0.177388369,False,True
934,1.0,44,926,BRD-K00494077,N[C@H]1[C@@H]2CN(C[C@H]12)c1nc2n(cc(C(O)=O)c(=O)c2cc1F)-c1ccc(F)cc1F,1,1,BRD-K00494077-066-01-9::2.5::HTS,BRD-K00494077-066-01-9,0.0,N[C@H]1[C@@H]2CN(C[C@H]12)c1nc2n(cc(C(O)=O)c(=O)c2cc1F)-c1ccc(F)cc1F,2.5,HTS,N[C@@H]1[C@H]2CN(c3nc4c(cc3F)c(=O)c(C(=O)O)cn4-c3ccc(F)cc3F)C[C@@H]12,0.1763212116666666,True,True
937,1.0,108,930,BRD-K00535541,Nc1c2ccccc2nc2ccccc12,0,1,BRD-K00535541-001-05-5::2.5::HTS,BRD-K00535541-001-05-5,1.0,Nc1c2ccccc2nc2ccccc12,2.5,HTS,Nc1c2ccccc2nc2ccccc12,0.4043530383333333,True,True
938,1.0,108,931,BRD-K00535541,Nc1c2ccccc2nc2ccccc12,0,1,BRD-K00535541-001-06-3::2.5::HTS,BRD-K00535541-001-06-3,1.0,Nc1c2ccccc2nc2ccccc12,2.5,HTS,Nc1c2ccccc2nc2ccccc12,0.4043530383333333,True,True
962,1.0,87,958,BRD-K01507359,CO[C@H]1C=CO[C@@]2(C)Oc3c(C2=O)c2c(O)c(C=NN4CCN(C)CC4)c(NC(=O)C(C)=C/C=C/[C@H](C)[C@H](O)[C@@H](C)[C@@H](O)[C@@H](C)[C@H](OC(C)=O)[C@@H]1C)c(O)c2c(O)c3C,1,0,BRD-K01507359-001-22-9::2.5::HTS,BRD-K01507359-001-22-9,0.0,CO[C@H]1\C=C\O[C@@]2(C)Oc3c(C2=O)c2c(O)c(\C=N\N4CCN(C)CC4)c(NC(=O)\C(C)=C/C=C/[C@H](C)[C@H](O)[C@@H](C)[C@@H](O)[C@@H](C)[C@H](OC(C)=O)[C@@H]1C)c(O)c2c(O)c3C,2.5,HTS,CO[C@H]1C=CO[C@@]2(C)Oc3c(C)c(O)c4c(O)c(c(C=NN5CCN(C)CC5)c(O)c4c3C2=O)NC(=O)C(C)=CC=CC(C)[C@H](O)[C@@H](C)[C@@H](O)[C@@H](C)[C@H](OC(C)=O)[C@@H]1C,0.0755643191666666,False,True
984,1.0,106,983,BRD-K02017404,Fc1cc(cc(F)c1CN1CCOCC1)-c1cccc2ncc(nc12)-c1cnn(c1)C1CCNCC1,0,1,BRD-K02017404-300-06-2::2.5::HTS,BRD-K02017404-300-06-2,1.0,Fc1cc(cc(F)c1CN1CCOCC1)-c1cccc2ncc(nc12)-c1cnn(c1)C1CCNCC1,2.5,HTS,Fc1cc(-c2cccc3ncc(-c4cnn(C5CCNCC5)c4)nc23)cc(F)c1CN1CCOCC1,0.9369095016666668,True,True
992,1.0,22,991,BRD-K02275692,CN(C)CCn1nnnc1SCC1=C(N2[C@H](SC1)[C@H](NC(=O)Cc1csc(N)n1)C2=O)C(O)=O,1,0,BRD-K02275692-300-02-6::2.499989889::MTS004,BRD-K02275692-300-02-6,0.0,CN(C)CCn1nnnc1SCC1=C(N2[C@H](SC1)[C@H](NC(=O)Cc1csc(N)n1)C2=O)C(O)=O,2.499989889,MTS004,CN(C)CCn1nnnc1SCC1=C(C(=O)O)N2C(=O)C(NC(=O)Cc3csc(N)n3)[C@H]2SC1,0.0138140085,True,True
993,1.0,65,992,BRD-K02292852,CCN1CCN(C(=O)N[C@@H](C(=O)N[C@H]2[C@H]3SCC(CSc4nnnn4C)=C(N3C2=O)C(O)=O)c2ccc(O)cc2)C(=O)C1=O,1,0,BRD-K02292852-001-02-1::2.5::HTS,BRD-K02292852-001-02-1,0.0,CCN1CCN(C(=O)N[C@@H](C(=O)N[C@H]2[C@H]3SCC(CSc4nnnn4C)=C(N3C2=O)C(O)=O)c2ccc(O)cc2)C(=O)C1=O,2.5,HTS,CCN1CCN(C(=O)NC(C(=O)NC2C(=O)N3C(C(=O)O)=C(CSc4nnnn4C)CS[C@H]23)c2ccc(O)cc2)C(=O)C1=O,0.0082314135333333,True,True
1058,1.0,57,1065,BRD-K04568635,CCCCCCCCN=c1ccn(CCCCCCCCCCn2ccc(cc2)=NCCCCCCCC)cc1,1,1,BRD-K04568635-300-01-4::2.5::HTS,BRD-K04568635-300-01-4,0.0,CCCCCCCCN=c1ccn(CCCCCCCCCCn2ccc(cc2)=NCCCCCCCC)cc1,2.5,HTS,CCCCCCCCN=c1ccn(CCCCCCCCCCn2ccc(=NCCCCCCCC)cc2)cc1,0.4564310333333333,True,True
1130,1.0,136,1134,BRD-K06543683,Cn1cc(C2=C(C(=O)NC2=O)c2cn(CCCSC(N)=N)c3ccccc23)c2ccccc12,1,1,BRD-K06543683-066-02-1::2.5::HTS,BRD-K06543683-066-02-1,0.0,Cn1cc(C2=C(C(=O)NC2=O)c2cn(CCCSC(N)=N)c3ccccc23)c2ccccc12,2.5,HTS,Cn1cc(C2=C(c3cn(CCCSC(=N)N)c4ccccc34)C(=O)NC2=O)c2ccccc21,0.659734575,True,True
1142,1.0,5382,1147,BRD-K28224173,C[C@@H](O)[C@@H]1[C@H]2[C@@H](C)C(SC3CN(C3)C3=NCCS3)=C(N2C1=O)C(=O)OCOC(=O)C(C)(C)C,1,0,BRD-K06900071-001-01-2::2.5::HTS,BRD-K06900071-001-01-2,0.0,C[C@@H](O)[C@@H]1[C@@H]2[C@H](C)C(SC3CN(C3)C3=NCCS3)=C(N2C1=O)C(=O)OCOC(=O)C(C)(C)C,2.5,HTS,C[C@@H](O)C1C(=O)N2C(C(=O)OCOC(=O)C(C)(C)C)=C(SC3CN(C4=NCCS4)C3)[C@H](C)[C@H]12,0.0384020578333333,False,True
1149,1.0,13,1155,BRD-K07208025,COc1cc(Cc2cnc(N)nc2N)cc(OC)c1OC,1,0,BRD-K07208025-001-29-7::2.5::HTS,BRD-K07208025-001-29-7,0.0,COc1cc(Cc2cnc(N)nc2N)cc(OC)c1OC,2.5,HTS,COc1cc(Cc2cnc(N)nc2N)cc(OC)c1OC,0.4006106583333333,True,True
1163,1.0,98,1170,BRD-K07612980,C[C@H]1CN(C[C@@H](C)N1)c1c(F)c(N)c2c(c1F)n(cc(C(O)=O)c2=O)C1CC1,1,0,BRD-K07612980-001-05-3::2.59::HTS,BRD-K07612980-001-05-3,1.0,C[C@H]1CN(C[C@@H](C)N1)c1c(F)c(N)c2c(c1F)n(cc(C(O)=O)c2=O)C1CC1,2.59,HTS,C[C@@H]1CN(c2c(F)c(N)c3c(=O)c(C(=O)O)cn(C4CC4)c3c2F)C[C@H](C)N1,0.0693892679999999,True,True
1164,1.0,98,1171,BRD-K07612980,C[C@H]1CN(C[C@@H](C)N1)c1c(F)c(N)c2c(c1F)n(cc(C(O)=O)c2=O)C1CC1,1,0,BRD-K07612980-001-07-9::2.5::HTS,BRD-K07612980-001-07-9,1.0,C[C@H]1CN(C[C@@H](C)N1)c1c(F)c(N)c2c(c1F)n(cc(C(O)=O)c2=O)C1CC1,2.5,HTS,C[C@@H]1CN(c2c(F)c(N)c3c(=O)c(C(=O)O)cn(C4CC4)c3c2F)C[C@H](C)N1,0.0693892679999999,True,True
1201,1.0,8,1210,BRD-K08525451,OC(=O)c1cn(-c2ccc(F)cc2)c2cc(N3CCNCC3)c(F)cc2c1=O,1,1,BRD-K08525451-003-05-2::2.5::HTS,BRD-K08525451-003-05-2,0.0,OC(=O)c1cn(-c2ccc(F)cc2)c2cc(N3CCNCC3)c(F)cc2c1=O,2.5,HTS,O=C(O)c1cn(-c2ccc(F)cc2)c2cc(N3CCNCC3)c(F)cc2c1=O,0.0982536774999999,True,True
1239,1.0,104,1246,BRD-K09471561,C[C@H]1COc2c(N3CCN(C)CC3)c(F)cc3c2n1cc(C(O)=O)c3=O,1,0,BRD-K09471561-001-18-2::2.5::HTS,BRD-K09471561-001-18-2,0.0,C[C@H]1COc2c(N3CCN(C)CC3)c(F)cc3c2n1cc(C(O)=O)c3=O,2.5,HTS,C[C@H]1COc2c(N3CCN(C)CC3)c(F)cc3c(=O)c(C(=O)O)cn1c23,0.0672895285,True,True
1240,1.0,5379,1246,BRD-K09471561,C[C@H]1COc2c(N3CCN(C)CC3)c(F)cc3c2n1cc(C(O)=O)c3=O,1,1,BRD-K09471561-001-18-2::2.5::HTS,BRD-K09471561-001-18-2,0.0,C[C@H]1COc2c(N3CCN(C)CC3)c(F)cc3c2n1cc(C(O)=O)c3=O,2.5,HTS,C[C@H]1COc2c(N3CCN(C)CC3)c(F)cc3c(=O)c(C(=O)O)cn1c23,0.0672895285,True,True
1261,1.0,38,1268,BRD-K10196357,N[C@@H]1CCCCN(C1)c1c(F)cc2c(c1Cl)n(cc(C(O)=O)c2=O)C1CC1,1,0,BRD-K10196357-003-02-0::2.5::HTS,BRD-K10196357-003-02-0,0.0,N[C@@H]1CCCCN(C1)c1c(F)cc2c(c1Cl)n(cc(C(O)=O)c2=O)C1CC1,2.5,HTS,N[C@@H]1CCCCN(c2c(F)cc3c(=O)c(C(=O)O)cn(C4CC4)c3c2Cl)C1,0.0512523868333333,True,True
1295,1.0,83,1304,BRD-K11196887,CCn1cc(C(O)=O)c(=O)c2cc(F)c(cc12)N1CCNCC1,1,1,BRD-K11196887-001-21-2::2.5::HTS,BRD-K11196887-001-21-2,1.0,CCn1cc(C(O)=O)c(=O)c2cc(F)c(cc12)N1CCNCC1,2.5,HTS,CCn1cc(C(=O)O)c(=O)c2cc(F)c(N3CCNCC3)cc21,0.0567802578333333,True,True
1296,1.0,83,1305,BRD-K11196887,CCn1cc(C(O)=O)c(=O)c2cc(F)c(cc12)N1CCNCC1,1,1,BRD-K11196887-001-22-0::2.49::HTS,BRD-K11196887-001-22-0,0.0,CCn1cc(C(O)=O)c(=O)c2cc(F)c(cc12)N1CCNCC1,2.49,HTS,CCn1cc(C(=O)O)c(=O)c2cc(F)c(N3CCNCC3)cc21,0.0567802578333333,True,True
1318,1.0,66,1332,BRD-K11756522,[O-][N+](=O)c1ccc(C=NN2CCOC2=O)o1,1,1,BRD-K11756522-001-09-9::2.5::HTS,BRD-K11756522-001-09-9,1.0,[O-][N+](=O)c1ccc(\C=N\N2CCOC2=O)o1,2.5,HTS,O=C1OCCN1N=Cc1ccc([N+](=O)[O-])o1,0.0914946526666666,False,True
1382,1.0,127,1402,BRD-K13387373,CCCCCCCCCCCCCCCC[N+](C)(C)CCN(Cc1ccc(OC)cc1)c1ncccn1,0,1,BRD-K13387373-004-14-5::2.5::HTS,BRD-K13387373-004-14-5,0.0,CCCCCCCCCCCCCCCC[N+](C)(C)CCN(Cc1ccc(OC)cc1)c1ncccn1,2.5,HTS,CCCCCCCCCCCCCCCC[N+](C)(C)CCN(Cc1ccc(OC)cc1)c1ncccn1,0.6278242049999999,True,True
1431,1.0,94,1453,BRD-K14704277,CCn1nc(C(O)=O)c(=O)c2cc3OCOc3cc12,1,0,BRD-K14704277-001-22-6::2.5::HTS,BRD-K14704277-001-22-6,0.0,CCn1nc(C(O)=O)c(=O)c2cc3OCOc3cc12,2.5,HTS,CCn1nc(C(=O)O)c(=O)c2cc3c(cc21)OCO3,0.0540335438333333,True,True
1447,1.0,5377,1470,BRD-K15025317,Cc1ccc(cc1)S(=O)(=O)C=CC#N,1,1,BRD-K15025317-001-15-1::2.5::HTS,BRD-K15025317-001-15-1,1.0,Cc1ccc(cc1)S(=O)(=O)\C=C\C#N,2.5,HTS,Cc1ccc(S(=O)(=O)C=CC#N)cc1,0.69081224,False,True
1478,1.0,102,1500,BRD-K15766189,Nc1nc(cs1)C(=NO)C(=O)N[C@H]1[C@H]2SCC(C=C)=C(N2C1=O)C(O)=O,1,0,BRD-K15766189-001-09-8::2.5::HTS,BRD-K15766189-001-09-8,0.0,Nc1nc(cs1)C(=N\O)\C(=O)N[C@H]1[C@H]2SCC(C=C)=C(N2C1=O)C(O)=O,2.5,HTS,C=CC1=C(C(=O)O)N2C(=O)C(NC(=O)C(=NO)c3csc(N)n3)[C@H]2SC1,0.0246008968333333,False,True
1490,1.0,134,1511,BRD-K16136380,O1[n+]2ccccc2S[Zn]11O[n+]2ccccc2S1,1,0,BRD-K16136380-001-01-7::2.5::HTS,BRD-K16136380-001-01-7,1.0,O1[n+]2ccccc2S[Zn]11O[n+]2ccccc2S1,2.5,HTS,On1ccccc1=S,0.18981232,True,True
1517,1.0,5376,1541,BRD-K17061841,[O-][N+](=O)c1ccc2C=CS(=O)(=O)c2c1,1,1,BRD-K17061841-001-03-5::2.5::HTS,BRD-K17061841-001-03-5,1.0,[O-][N+](=O)c1ccc2C=CS(=O)(=O)c2c1,2.5,HTS,O=[N+]([O-])c1ccc2c(c1)S(=O)(=O)C=C2,0.8587521566666667,True,True
1541,1.0,68,1566,BRD-K17705806,CCc1ccc(OCc2ccccc2C(=O)Nc2ccc3nc(C)cc(N)c3c2)cc1,1,1,BRD-K17705806-003-04-4::2.5::HTS,BRD-K17705806-003-04-4,1.0,CCc1ccc(OCc2ccccc2C(=O)Nc2ccc3nc(C)cc(N)c3c2)cc1,2.5,HTS,CCc1ccc(OCc2ccccc2C(=O)Nc2ccc3nc(C)cc(N)c3c2)cc1,0.8354062816666666,True,True
1565,1.0,58,1585,BRD-K18157228,Nc1nc(=O)n(cc1F)[C@H]1C[C@H](O)[C@@H](CO)O1,1,0,BRD-K18157228-001-01-7::2.5::HTS,BRD-K18157228-001-01-7,1.0,Nc1nc(=O)n(cc1F)[C@H]1C[C@H](O)[C@@H](CO)O1,2.5,HTS,Nc1nc(=O)n([C@H]2C[C@H](O)[C@@H](CO)O2)cc1F,0.0780379275,True,True
1646,1.0,5398,1670,BRD-K20338176,N[C@@H](C(=O)N[C@H]1[C@H]2SCC(Cl)=C(N2C1=O)C(O)=O)c1ccccc1,1,0,BRD-K20338176-001-17-7::2.5::HTS,BRD-K20338176-001-17-7,0.0,N[C@@H](C(=O)N[C@H]1[C@H]2SCC(Cl)=C(N2C1=O)C(O)=O)c1ccccc1,2.5,HTS,NC(C(=O)NC1C(=O)N2C(C(=O)O)=C(Cl)CS[C@H]12)c1ccccc1,0.040334158,True,True
1688,1.0,20,1721,BRD-K21680192,OCCNCCNc1ccc(NCCNCCO)c2C(=O)c3c(O)ccc(O)c3C(=O)c12,0,1,BRD-K21680192-300-14-4::2.5::HTS,BRD-K21680192-300-14-4,1.0,OCCNCCNc1ccc(NCCNCCO)c2C(=O)c3c(O)ccc(O)c3C(=O)c12,2.5,HTS,O=C1C=CC(=O)c2c1c(O)c1c(NCCNCCO)ccc(NCCNCCO)c1c2O,0.9495362183333332,True,True
1721,1.0,93,1760,BRD-K22662557,CCCC[P+](CCCC)(CCCC)Cc1ccc(NC(=O)[C@H](Cc2ccc3ccccc3c2)NC(NC2CCCCC2)=NC2CCCCC2)cc1,1,1,BRD-K22662557-300-01-7::2.5::HTS,BRD-K22662557-300-01-7,0.0,CCCC[P+](CCCC)(CCCC)Cc1ccc(NC(=O)[C@H](Cc2ccc3ccccc3c2)N\C(NC2CCCCC2)=N\C2CCCCC2)cc1,2.5,HTS,CCCC[P+](CCCC)(CCCC)Cc1ccc(NC(=O)C(Cc2ccc3ccccc3c2)N=C(NC2CCCCC2)NC2CCCCC2)cc1,0.22257245,False,True
1741,1.0,42,1779,BRD-K34234316,CCCCCCCCCCCCCCCC[N+](C)(C)Cc1ccccc1,1,1,BRD-K23403298-003-01-9::2.5::HTS,BRD-K23403298-003-01-9,0.0,CCCCCCCCCCCCCCCC[N+](C)(C)Cc1ccccc1,2.5,HTS,CCCCCCCCCCCCCCCC[N+](C)(C)Cc1ccccc1,0.74375742,True,True
1742,1.0,73,1779,BRD-K34234316,CCCCCCCCCCCCC[N+](C)(C)Cc1ccccc1,1,1,BRD-K23403298-003-01-9::2.5::HTS,BRD-K23403298-003-01-9,0.0,CCCCCCCCCCCCCCCC[N+](C)(C)Cc1ccccc1,2.5,HTS,CCCCCCCCCCCCC[N+](C)(C)Cc1ccccc1,0.731113955,False,False
1862,1.0,125,1915,BRD-K26818574,COc1cc2nc(nc(NC3CCN(Cc4ccccc4)CC3)c2cc1OC)N1CCCN(C)CC1,0,1,BRD-K26818574-305-04-3::2.5::HTS,BRD-K26818574-305-04-3,0.0,COc1cc2nc(nc(NC3CCN(Cc4ccccc4)CC3)c2cc1OC)N1CCCN(C)CC1,2.5,HTS,COc1cc2nc(N3CCCN(C)CC3)nc(NC3CCN(Cc4ccccc4)CC3)c2cc1OC,0.94907099,True,True
1863,1.0,125,1916,BRD-K26818574,COc1cc2nc(nc(NC3CCN(Cc4ccccc4)CC3)c2cc1OC)N1CCCN(C)CC1,0,1,BRD-K26818574-305-07-6::2.5::MTS004,BRD-K26818574-305-07-6,1.0,COc1cc2nc(nc(NC3CCN(Cc4ccccc4)CC3)c2cc1OC)N1CCCN(C)CC1,2.5,MTS004,COc1cc2nc(N3CCCN(C)CC3)nc(NC3CCN(Cc4ccccc4)CC3)c2cc1OC,0.94907099,True,True
1896,1.0,70,1949,BRD-K27798832,CON=C(/C(=O)N[C@H]1[C@H]2SCC(C)=C(N2C1=O)C(O)=O)c1csc(N)n1,1,0,BRD-K27798832-001-01-5::2.350625651::MTS004,BRD-K27798832-001-01-5,0.0,CO\N=C(/C(=O)N[C@H]1[C@H]2SCC(C)=C(N2C1=O)C(O)=O)c1csc(N)n1,2.350625651,MTS004,CON=C(C(=O)NC1C(=O)N2C(C(=O)O)=C(C)CS[C@H]12)c1csc(N)n1,0.0347709713333333,False,True
1960,1.0,61,2012,BRD-K29359156,O=c1n([se]c2ccccc12)-c1ccccc1,0,1,BRD-K29359156-001-30-1::2.5::HTS,BRD-K29359156-001-30-1,0.0,O=c1n([se]c2ccccc12)-c1ccccc1,2.5,HTS,O=c1c2ccccc2[se]n1-c1ccccc1,0.3134101883333333,True,True
1997,1.0,97,2051,BRD-K30431096,CCCCCCCCCCCC[N+](C)(C)CCOc1ccccc1,1,1,BRD-K30431096-004-01-3::2.5::HTS,BRD-K30431096-004-01-3,0.0,CCCCCCCCCCCC[N+](C)(C)CCOc1ccccc1,2.5,HTS,CCCCCCCCCCCC[N+](C)(C)CCOc1ccccc1,0.6694345216666667,True,True
2021,1.0,54,2075,BRD-K31086665,CCCCCCCCCCCCCCCC[n+]1ccn(Cc2ccccc2)c1C,1,1,BRD-K31086665-005-04-6::2.5::HTS,BRD-K31086665-005-04-6,1.0,CCCCCCCCCCCCCCCC[n+]1ccn(Cc2ccccc2)c1C,2.5,HTS,CCCCCCCCCCCCCCCC[n+]1ccn(Cc2ccccc2)c1C,0.7604962833333334,True,True
2066,1.0,23,2124,BRD-K32730239,Nc1nnc(Sc2ncc(s2)[N+]([O-])=O)s1,1,1,BRD-K32730239-001-01-0::2.5::HTS,BRD-K32730239-001-01-0,1.0,Nc1nnc(Sc2ncc(s2)[N+]([O-])=O)s1,2.5,HTS,Nc1nnc(Sc2ncc([N+](=O)[O-])s2)s1,0.80202695,True,True
2070,1.0,117,2129,BRD-K32830106,NC(=N)NC(=O)Cc1c(Cl)cccc1Cl,1,0,BRD-K32830106-001-02-6::2.5::HTS,BRD-K32830106-001-02-6,0.0,NC(=N)NC(=O)Cc1c(Cl)cccc1Cl,2.5,HTS,N=C(N)NC(=O)Cc1c(Cl)cccc1Cl,0.1207923324999999,True,True
2071,1.0,117,2130,BRD-K32830106,NC(=N)NC(=O)Cc1c(Cl)cccc1Cl,1,0,BRD-K32830106-003-20-4::2.5::HTS,BRD-K32830106-003-20-4,1.0,NC(=N)NC(=O)Cc1c(Cl)cccc1Cl,2.5,HTS,N=C(N)NC(=O)Cc1c(Cl)cccc1Cl,0.1207923324999999,True,True
2317,1.0,91,2378,BRD-K39467894,CC(=O)Nc1ncc(s1)[N+]([O-])=O,1,0,BRD-K39467894-001-05-9::2.5::HTS,BRD-K39467894-001-05-9,0.0,CC(=O)Nc1ncc(s1)[N+]([O-])=O,2.5,HTS,CC(=O)Nc1ncc([N+](=O)[O-])s1,0.1145989906666666,True,True
2318,1.0,91,2379,BRD-K39467894,CC(=O)Nc1ncc(s1)[N+]([O-])=O,1,0,BRD-K39467894-001-06-7::2.5::HTS,BRD-K39467894-001-06-7,1.0,CC(=O)Nc1ncc(s1)[N+]([O-])=O,2.5,HTS,CC(=O)Nc1ncc([N+](=O)[O-])s1,0.1145989906666666,True,True
2397,1.0,5369,2456,BRD-K41731458,Oc1cc(Cl)ccc1Oc1ccc(Cl)cc1Cl,1,1,BRD-K41731458-001-15-1::2.5::HTS,BRD-K41731458-001-15-1,0.0,Oc1cc(Cl)ccc1Oc1ccc(Cl)cc1Cl,2.5,HTS,Oc1cc(Cl)ccc1Oc1ccc(Cl)cc1Cl,0.1688987383333333,True,True
2520,1.0,76,2580,BRD-K45114938,CC1(C)S[C@H]2[C@@H](NC(=O)[C@@H](NC(=O)N3CCN(C3=O)S(C)(=O)=O)c3ccccc3)C(=O)N2[C@@H]1C(O)=O,1,0,BRD-K45114938-236-01-8::2.35::HTS,BRD-K45114938-236-01-8,0.0,CC1(C)S[C@H]2[C@@H](NC(=O)[C@@H](NC(=O)N3CCN(C3=O)S(C)(=O)=O)c3ccccc3)C(=O)N2[C@@H]1C(O)=O,2.35,HTS,CC1(C)S[C@H]2C(NC(=O)C(NC(=O)N3CCN(S(C)(=O)=O)C3=O)c3ccccc3)C(=O)N2C1C(=O)O,0.0253232783333333,True,True
2555,1.0,129,2618,BRD-K45916615,CN1C[C@@H]2C[C@H]1CN2c1cc2n(cc(C(O)=O)c(=O)c2cc1F)C1CC1,1,0,BRD-K45916615-066-02-5::2.5::HTS,BRD-K45916615-066-02-5,1.0,CN1C[C@@H]2C[C@H]1CN2c1cc2n(cc(C(O)=O)c(=O)c2cc1F)C1CC1,2.5,HTS,CN1C[C@@H]2C[C@H]1CN2c1cc2c(cc1F)c(=O)c(C(=O)O)cn2C1CC1,0.0582144343333333,True,True
2592,1.0,112,2658,BRD-K46970505,CON=C(/C(=O)N[C@H]1[C@H]2SCC(C[n+]3ccn4ncccc34)=C(N2C1=O)C(O)=O)c1nsc(N)n1,1,0,BRD-K46970505-003-01-9::2.5::HTS,BRD-K46970505-003-01-9,0.0,CO\N=C(/C(=O)N[C@H]1[C@H]2SCC(C[n+]3ccn4ncccc34)=C(N2C1=O)C(O)=O)c1nsc(N)n1,2.5,HTS,CON=C(C(=O)NC1C(=O)N2C(C(=O)O)=C(C[n+]3ccn4ncccc43)CS[C@H]12)c1nsc(N)n1,0.031946568,False,True
2598,1.0,126,2664,BRD-K47079459,CCCCCCCCCCCCCCCC[N+](C)(C)C,1,1,BRD-K47079459-004-04-6::2.5::HTS,BRD-K47079459-004-04-6,0.0,CCCCCCCCCCCCCCCC[N+](C)(C)C,2.5,HTS,CCCCCCCCCCCCCCCC[N+](C)(C)C,0.7811274333333333,True,True
2627,1.0,5389,2693,BRD-K47832606,OC[C@H]1O[C@H](C[C@@H]1O)n1cc(F)c(=O)[nH]c1=O,1,0,BRD-K47832606-001-30-1::2.5::HTS,BRD-K47832606-001-30-1,1.0,OC[C@H]1OC(C[C@H]1O)n1cc(F)c(=O)[nH]c1=O,2.5,HTS,O=c1[nH]c(=O)n([C@H]2C[C@H](O)[C@@H](CO)O2)cc1F,0.1019279033333333,False,True
2699,0.922077922,5397,2765,BRD-K63550407,CC[C@H]1OC(=O)[C@H](C)[C@@H](O[C@H]2C[C@@](C)(OC)[C@@H](O)[C@H](C)O2)[C@H](C)[C@@H](O[C@@H]2O[C@H](C)C[C@@H]([C@H]2O)N(C)C)[C@](C)(O)C[C@@H](C)C(=O)[C@H](C)[C@@H](O)[C@]1(C)O,1,0,BRD-K49668410-001-18-8::2.5::HTS,BRD-K49668410-001-18-8,0.0,CC[C@H]1OC(=O)[C@H](C)[C@@H](O[C@H]2C[C@@](C)(OC)[C@@H](O)[C@H](C)O2)[C@H](C)[C@@H](O[C@@H]2O[C@H](C)C[C@@H]([C@H]2O)N(C)C)[C@@](C)(C[C@@H](C)C(=O)[C@H](C)[C@@H](O)[C@]1(C)O)OC,2.5,HTS,CC[C@H]1OC(=O)C(C)[C@@H](O[C@H]2C[C@@](C)(OC)[C@@H](O)[C@H](C)O2)[C@H](C)[C@@H](O[C@@H]2O[C@H](C)C[C@H](N(C)C)[C@H]2O)[C@](C)(O)CC(C)C(=O)C(C)[C@@H](O)[C@]1(C)O,0.0524682578333333,False,False
2709,1.0,46,2777,BRD-K49841478,CCn1cc(C(O)=O)c(=O)c2ccc(cc12)-c1ccncc1,1,0,BRD-K49841478-001-01-6::2.690488579::MTS004,BRD-K49841478-001-01-6,0.0,CCn1cc(C(O)=O)c(=O)c2ccc(cc12)-c1ccncc1,2.690488579,MTS004,CCn1cc(C(=O)O)c(=O)c2ccc(-c3ccncc3)cc21,0.0693552938333333,True,True
2822,1.0,37,2902,BRD-K53123955,[O-][N+](=O)c1cnc(s1)N1CCNC1=O,1,0,BRD-K53123955-001-10-5::2.5::HTS,BRD-K53123955-001-10-5,0.0,[O-][N+](=O)c1cnc(s1)N1CCNC1=O,2.5,HTS,O=C1NCCN1c1ncc([N+](=O)[O-])s1,0.0653121711666666,True,True
2903,1.0,80,2982,BRD-K55034111,CCn1cc(C(O)=O)c(=O)c2cc(F)c(cc12)N1CCN(C)CC1,1,0,BRD-K55034111-066-17-1::2.5::HTS,BRD-K55034111-066-17-1,1.0,CCn1cc(C(O)=O)c(=O)c2cc(F)c(cc12)N1CCN(C)CC1,2.5,HTS,CCn1cc(C(=O)O)c(=O)c2cc(F)c(N3CCN(C)CC3)cc21,0.0604059483333333,True,True
3034,1.0,48,3118,BRD-K59045783,C[C@@H](O)[C@@H]1[C@H]2SC([C@H]3CCCO3)=C(N2C1=O)C(=O)OCc1oc(=O)oc1C,1,0,BRD-K59045783-001-01-1::2.5::HTS,BRD-K59045783-001-01-1,1.0,C[C@@H](O)[C@@H]1[C@H]2SC([C@H]3CCCO3)=C(N2C1=O)C(=O)OCc1oc(=O)oc1C,2.5,HTS,Cc1oc(=O)oc1COC(=O)C1=C([C@H]2CCCO2)S[C@@H]2C([C@@H](C)O)C(=O)N12,0.0258681521666666,True,True
3072,1.0,10,3154,BRD-K59715032,NCCCC[C@@H]1NC(=O)[C@@H](Cc2c[nH]c3ccccc23)NC(=O)[C@@H](NC(=O)[C@@H]2C[C@H](CN2C(=O)[C@H](Cc2ccccc2)NC(=O)[C@H](Cc2ccc(OCc3ccccc3)cc2)NC1=O)OC(=O)NCCN)c1ccccc1,1,0,BRD-K59715032-362-01-4::2.5::HTS,BRD-K59715032-362-01-4,0.0,NCCCC[C@@H]1NC(=O)[C@@H](Cc2c[nH]c3ccccc23)NC(=O)[C@@H](NC(=O)[C@@H]2C[C@H](CN2C(=O)[C@H](Cc2ccccc2)NC(=O)[C@H](Cc2ccc(OCc3ccccc3)cc2)NC1=O)OC(=O)NCCN)c1ccccc1,2.5,HTS,NCCCCC1NC(=O)C(Cc2c[nH]c3ccccc23)NC(=O)C(c2ccccc2)NC(=O)C2C[C@@H](OC(=O)NCCN)CN2C(=O)C(Cc2ccccc2)NC(=O)C(Cc2ccc(OCc3ccccc3)cc2)NC1=O,0.5632544883333334,True,True
3136,1.0,135,3224,BRD-K61443650,CC[Hg]Sc1ccccc1C(O)=O,1,1,BRD-K61443650-236-13-1::2.5::HTS,BRD-K61443650-236-13-1,1.0,CC[Hg]Sc1ccccc1C(O)=O,2.5,HTS,C[CH2][Hg][S]c1ccccc1C(=O)O,0.9853563433333332,True,True
3150,1.0,110,3237,BRD-K61717546,CN1CCN(CC1)c1c(F)cc2c(c1F)n(CCF)cc(C(O)=O)c2=O,1,0,BRD-K61717546-001-04-3::2.5::HTS,BRD-K61717546-001-04-3,0.0,CN1CCN(CC1)c1c(F)cc2c(c1F)n(CCF)cc(C(O)=O)c2=O,2.5,HTS,CN1CCN(c2c(F)cc3c(=O)c(C(=O)O)cn(CCF)c3c2F)CC1,0.0418346996666666,True,True
3151,1.0,110,3238,BRD-K61717546,CN1CCN(CC1)c1c(F)cc2c(c1F)n(CCF)cc(C(O)=O)c2=O,1,0,BRD-K61717546-001-05-0::2.47::HTS,BRD-K61717546-001-05-0,1.0,CN1CCN(CC1)c1c(F)cc2c(c1F)n(CCF)cc(C(O)=O)c2=O,2.47,HTS,CN1CCN(c2c(F)cc3c(=O)c(C(=O)O)cn(CCF)c3c2F)CC1,0.0418346996666666,True,True
3173,1.0,14,3261,BRD-K62326629,Oc1ccc(Cl)cc1Cc1cc(Cl)ccc1O,1,1,BRD-K62326629-001-19-0::2.5::HTS,BRD-K62326629-001-19-0,0.0,Oc1ccc(Cl)cc1Cc1cc(Cl)ccc1O,2.5,HTS,Oc1ccc(Cl)cc1Cc1cc(Cl)ccc1O,0.3984247199999999,True,True
3178,1.0,124,3265,BRD-K62374253,CN1CCN(CC1)c1c(F)cc2c3c1SCCn3cc(C(O)=O)c2=O,1,0,BRD-K62374253-001-07-8::2.5::HTS,BRD-K62374253-001-07-8,0.0,CN1CCN(CC1)c1c(F)cc2c3c1SCCn3cc(C(O)=O)c2=O,2.5,HTS,CN1CCN(c2c(F)cc3c(=O)c(C(=O)O)cn4c3c2SCC4)CC1,0.064755521,True,True
3208,1.0,5384,3299,BRD-K63001556,C[C@H]1CN(C[C@@H](C)N1)c1c(F)c(F)c2c(c1F)n(cc(C(O)=O)c2=O)C1CC1,1,0,BRD-K63001556-001-08-8::2.5::HTS,BRD-K63001556-001-08-8,0.0,C[C@H]1CN(C[C@@H](C)N1)c1c(F)c(F)c2c(c1F)n(cc(C(O)=O)c2=O)C1CC1,2.5,HTS,C[C@@H]1CN(c2c(F)c(F)c3c(=O)c(C(=O)O)cn(C4CC4)c3c2F)C[C@H](C)N1,0.0448198183333333,True,True
3209,1.0,5384,3300,BRD-K63001556,C[C@H]1CN(C[C@@H](C)N1)c1c(F)c(F)c2c(c1F)n(cc(C(O)=O)c2=O)C1CC1,1,0,BRD-K63001556-001-09-6::2.57::HTS,BRD-K63001556-001-09-6,0.0,C[C@H]1CN(C[C@@H](C)N1)c1c(F)c(F)c2c(c1F)n(cc(C(O)=O)c2=O)C1CC1,2.57,HTS,C[C@@H]1CN(c2c(F)c(F)c3c(=O)c(C(=O)O)cn(C4CC4)c3c2F)C[C@H](C)N1,0.0448198183333333,True,True
3224,1.0,5397,3316,BRD-K63550407,CC[C@H]1OC(=O)[C@H](C)[C@@H](O[C@H]2C[C@@](C)(OC)[C@@H](O)[C@H](C)O2)[C@H](C)[C@@H](O[C@@H]2O[C@H](C)C[C@@H]([C@H]2O)N(C)C)[C@](C)(O)C[C@@H](C)C(=O)[C@H](C)[C@@H](O)[C@]1(C)O,1,0,BRD-K63550407-001-12-7::2.5::HTS,BRD-K63550407-001-12-7,0.0,CC[C@H]1OC(=O)[C@H](C)[C@@H](O[C@H]2C[C@@](C)(OC)[C@@H](O)[C@H](C)O2)[C@H](C)[C@@H](O[C@@H]2O[C@H](C)C[C@@H]([C@H]2O)N(C)C)[C@](C)(O)C[C@@H](C)C(=O)[C@H](C)[C@@H](O)[C@]1(C)O,2.5,HTS,CC[C@H]1OC(=O)C(C)[C@@H](O[C@H]2C[C@@](C)(OC)[C@@H](O)[C@H](C)O2)[C@H](C)[C@@H](O[C@@H]2O[C@H](C)C[C@H](N(C)C)[C@H]2O)[C@](C)(O)CC(C)C(=O)C(C)[C@@H](O)[C@]1(C)O,0.0524682578333333,True,True
3226,1.0,5397,3317,BRD-K63550407,CC[C@H]1OC(=O)[C@H](C)[C@@H](O[C@H]2C[C@@](C)(OC)[C@@H](O)[C@H](C)O2)[C@H](C)[C@@H](O[C@@H]2O[C@H](C)C[C@@H]([C@H]2O)N(C)C)[C@](C)(O)C[C@@H](C)C(=O)[C@H](C)[C@@H](O)[C@]1(C)O,1,0,BRD-K63550407-001-13-5::2.5::HTS,BRD-K63550407-001-13-5,0.0,CC[C@H]1OC(=O)[C@H](C)[C@@H](O[C@H]2C[C@@](C)(OC)[C@@H](O)[C@H](C)O2)[C@H](C)[C@@H](O[C@@H]2O[C@H](C)C[C@@H]([C@H]2O)N(C)C)[C@](C)(O)C[C@@H](C)C(=O)[C@H](C)[C@@H](O)[C@]1(C)O,2.5,HTS,CC[C@H]1OC(=O)C(C)[C@@H](O[C@H]2C[C@@](C)(OC)[C@@H](O)[C@H](C)O2)[C@H](C)[C@@H](O[C@@H]2O[C@H](C)C[C@H](N(C)C)[C@H]2O)[C@](C)(O)CC(C)C(=O)C(C)[C@@H](O)[C@]1(C)O,0.0524682578333333,True,True
3312,1.0,90,3410,BRD-K66412701,C[C@H]1COc2c(c(F)cc3c2n1cc(C(O)=O)c3=O)C1(N)CC1,1,0,BRD-K66412701-066-01-6::2.5::HTS,BRD-K66412701-066-01-6,0.0,C[C@H]1COc2c(c(F)cc3c2n1cc(C(O)=O)c3=O)C1(N)CC1,2.5,HTS,C[C@H]1COc2c(C3(N)CC3)c(F)cc3c(=O)c(C(=O)O)cn1c23,0.0860870431666666,True,True
3318,1.0,103,3416,BRD-K66615216,COc1c(N2C[C@@H]3CCCN[C@@H]3C2)c(F)cc2c1n(cc(C(O)=O)c2=O)C1CC1,1,1,BRD-K66615216-003-14-8::2.5::HTS,BRD-K66615216-003-14-8,1.0,COc1c(N2C[C@@H]3CCCN[C@@H]3C2)c(F)cc2c1n(cc(C(O)=O)c2=O)C1CC1,2.5,HTS,COc1c(N2C[C@@H]3CCCN[C@@H]3C2)c(F)cc2c(=O)c(C(=O)O)cn(C3CC3)c12,0.0393952675,True,True
3420,1.0,43,3525,BRD-K69172251,N[Pt](N)(Cl)Cl,0,1,BRD-K69172251-001-08-9::2.5::HTS,BRD-K69172251-001-08-9,0.0,N[Pt](N)(Cl)Cl,2.5,HTS,N,0.064279228,True,True
3485,1.0,27,3590,BRD-K71026158,NC(=O)OC[C@@H]1[C@H](NC(=O)C(=N/OCC(O)=O)c2csc(N)n2)C(=O)N1S(O)(=O)=O,1,0,BRD-K71026158-304-01-0::2.397404387::MTS004,BRD-K71026158-304-01-0,0.0,NC(=O)OC[C@@H]1[C@H](NC(=O)C(=N/OCC(O)=O)\c2csc(N)n2)C(=O)N1S(O)(=O)=O,2.397404387,MTS004,NC(=O)OC[C@@H]1C(=NC(=O)C(NOCC(=O)O)c2csc(N)n2)C(=O)N1S(=O)(=O)O,0.0353279078333333,False,True
3489,1.0,5394,3594,BRD-K71059170,Nc1nc(cs1)C(=NOCC(O)=O)C(=O)N[C@H]1[C@H]2SCC(C=C)=C(N2C1=O)C(O)=O,1,0,BRD-K71059170-001-11-6::2.5::HTS,BRD-K71059170-001-11-6,0.0,Nc1nc(cs1)C(=N\OCC(O)=O)\C(=O)N[C@H]1[C@H]2SCC(C=C)=C(N2C1=O)C(O)=O,2.5,HTS,C=CC1=C(C(=O)O)N2C(=O)C(=NC(=O)C(NOCC(=O)O)c3csc(N)n3)[C@H]2SC1,0.0228262283333333,False,True
3528,1.0,33,3637,BRD-K72339976,CON=C(/C(=O)N[C@H]1[C@H]2SCC(Cn3ccc(=N)n3CCO)=C(N2C1=O)C(O)=O)c1csc(N)n1,1,0,BRD-K72339976-065-02-1::2.5::HTS,BRD-K72339976-065-02-1,1.0,CO\N=C(/C(=O)N[C@H]1[C@H]2SCC(Cn3ccc(=N)n3CCO)=C(N2C1=O)C(O)=O)c1csc(N)n1,2.5,HTS,CON=C(C(=O)NC1C(=O)N2C(C(=O)O)=C(Cn3ccc(=N)n3CCO)CS[C@H]12)c1csc(N)n1,0.0288360241666666,False,True
3529,1.0,33,3638,BRD-K72339976,CON=C(/C(=O)N[C@H]1[C@H]2SCC(Cn3ccc(=N)n3CCO)=C(N2C1=O)C(O)=O)c1csc(N)n1,1,0,BRD-K72339976-065-03-9::2.5::HTS,BRD-K72339976-065-03-9,0.0,CO\N=C(/C(=O)N[C@H]1[C@H]2SCC(Cn3ccc(=N)n3CCO)=C(N2C1=O)C(O)=O)c1csc(N)n1,2.5,HTS,CON=C(C(=O)NC1C(=O)N2C(C(=O)O)=C(Cn3ccc(=N)n3CCO)CS[C@H]12)c1csc(N)n1,0.0288360241666666,False,True
3530,1.0,33,3639,BRD-K72339976,CON=C(/C(=O)N[C@H]1[C@H]2SCC(Cn3ccc(=N)n3CCO)=C(N2C1=O)C(O)=O)c1csc(N)n1,1,0,BRD-K72339976-065-04-7::2.5::HTS,BRD-K72339976-065-04-7,0.0,CO\N=C(/C(=O)N[C@H]1[C@H]2SCC(Cn3ccc(=N)n3CCO)=C(N2C1=O)C(O)=O)c1csc(N)n1,2.5,HTS,CON=C(C(=O)NC1C(=O)N2C(C(=O)O)=C(Cn3ccc(=N)n3CCO)CS[C@H]12)c1csc(N)n1,0.0288360241666666,False,True
3541,1.0,77,3649,BRD-K72723676,CC(C)(C)CC(C)(C)c1ccc(OCCOCC[N+](C)(C)Cc2ccccc2)cc1,1,1,BRD-K72723676-003-17-8::2.5::HTS,BRD-K72723676-003-17-8,1.0,CC(C)(C)CC(C)(C)c1ccc(OCCOCC[N+](C)(C)Cc2ccccc2)cc1,2.5,HTS,CC(C)(C)CC(C)(C)c1ccc(OCCOCC[N+](C)(C)Cc2ccccc2)cc1,0.6639990433333333,True,True
3582,1.0,85,3686,BRD-K73425385,NC[C@H]1O[C@H](O[C@@H]2[C@@H](N)C[C@@H](N)[C@H](O[C@H]3O[C@H](CO)[C@@H](O)[C@H](N)[C@H]3O)[C@H]2O)[C@H](N)[C@@H](O)[C@@H]1O,1,1,BRD-K73425385-065-04-8::2.5::HTS,BRD-K73425385-065-04-8,1.0,NC[C@H]1O[C@H](O[C@@H]2[C@@H](N)C[C@@H](N)[C@H](O[C@H]3O[C@H](CO)[C@@H](O)[C@H](N)[C@H]3O)[C@H]2O)[C@H](N)[C@@H](O)[C@@H]1O,2.5,HTS,NC[C@H]1O[C@H](O[C@H]2[C@H](O)[C@@H](O[C@H]3O[C@H](CO)[C@@H](O)[C@H](N)[C@H]3O)[C@H](N)C[C@@H]2N)[C@H](N)[C@@H](O)[C@@H]1O,0.0350775913333333,True,True
3603,1.0,52,3708,BRD-K73923631,CN1CCN(CC1)c1cc2n(cc(C(O)=O)c(=O)c2cc1F)-c1ccc(F)cc1,1,1,BRD-K73923631-003-02-9::2.5::HTS,BRD-K73923631-003-02-9,0.0,CN1CCN(CC1)c1cc2n(cc(C(O)=O)c(=O)c2cc1F)-c1ccc(F)cc1,2.5,HTS,CN1CCN(c2cc3c(cc2F)c(=O)c(C(=O)O)cn3-c2ccc(F)cc2)CC1,0.0729627436666666,True,True
3620,1.0,95,3727,BRD-K74501079,CC[C@H]1OC(=O)[C@H](C)[C@@H](O[C@H]2C[C@@](C)(OC)[C@@H](O)[C@H](C)O2)[C@H](C)[C@@H](O[C@@H]2O[C@H](C)C[C@@H]([C@H]2O)N(C)C)[C@](C)(O)C[C@@H](C)CN(C)[C@H](C)[C@@H](O)[C@]1(C)O,1,0,BRD-K74501079-001-18-1::2.5::HTS,BRD-K74501079-001-18-1,0.0,CC[C@H]1OC(=O)[C@H](C)[C@@H](O[C@H]2C[C@@](C)(OC)[C@@H](O)[C@H](C)O2)[C@H](C)[C@@H](O[C@@H]2O[C@H](C)C[C@@H]([C@H]2O)N(C)C)[C@](C)(O)C[C@@H](C)CN(C)[C@H](C)[C@@H](O)[C@]1(C)O,2.5,HTS,CC[C@H]1OC(=O)C(C)[C@@H](O[C@H]2C[C@@](C)(OC)[C@@H](O)[C@H](C)O2)[C@H](C)[C@@H](O[C@@H]2O[C@H](C)C[C@H](N(C)C)[C@H]2O)[C@](C)(O)C[C@@H](C)CN(C)[C@H](C)[C@@H](O)[C@]1(C)O,0.1182704766666666,True,True
3644,1.0,81,3753,BRD-K75506300,CC(C)(Cc1ccc2ccccc2c1)NC[C@@H](O)COc1cccc(Cl)c1C#N,0,1,BRD-K75506300-001-01-6::2.5::HTS,BRD-K75506300-001-01-6,0.0,CC(C)(Cc1ccc2ccccc2c1)NC[C@@H](O)COc1cccc(Cl)c1C#N,2.5,HTS,CC(C)(Cc1ccc2ccccc2c1)NC[C@@H](O)COc1cccc(Cl)c1C#N,0.5570335516666667,True,True
3675,1.0,131,3784,BRD-K76534306,CCN1CCN(CC1)c1cc2n(cc(C(O)=O)c(=O)c2cc1F)C1CC1,1,0,BRD-K76534306-001-22-7::2.5::HTS,BRD-K76534306-001-22-7,0.0,CCN1CCN(CC1)c1cc2n(cc(C(O)=O)c(=O)c2cc1F)C1CC1,2.5,HTS,CCN1CCN(c2cc3c(cc2F)c(=O)c(C(=O)O)cn3C2CC2)CC1,0.0354563023333333,True,True
3703,1.0,5390,3812,BRD-K76927775,[O-][N+](=O)c1ccc(C=NN2CC(=O)NC2=O)o1,1,0,BRD-K76927775-001-11-8::2.500019441::MTS004,BRD-K76927775-001-11-8,0.0,[O-][N+](=O)c1ccc(\C=N\N2CC(=O)NC2=O)o1,2.500019441,MTS004,O=c1[nH]c(O)cn1N=Cc1ccc([N+](=O)[O-])o1,0.0921841666666666,False,True
3708,1.0,29,3817,BRD-K77038618,C[C@H]1NCc2cc(ccc12)-c1ccc2c(c1OC(F)F)n(cc(C(O)=O)c2=O)C1CC1,1,1,BRD-K77038618-356-01-3::2.500022896::MTS004,BRD-K77038618-356-01-3,0.0,C[C@H]1NCc2cc(ccc12)-c1ccc2c(c1OC(F)F)n(cc(C(O)=O)c2=O)C1CC1,2.500022896,MTS004,C[C@H]1NCc2cc(-c3ccc4c(=O)c(C(=O)O)cn(C5CC5)c4c3OC(F)F)ccc21,0.0473984561666666,True,True
3751,1.0,5402,3865,BRD-K78113049,CCn1cc(C(O)=O)c(=O)c2cc(F)c(nc12)N1CCNCC1,1,0,BRD-K78113049-001-16-2::2.5::HTS,BRD-K78113049-001-16-2,0.0,CCn1cc(C(O)=O)c(=O)c2cc(F)c(nc12)N1CCNCC1,2.5,HTS,CCn1cc(C(=O)O)c(=O)c2cc(F)c(N3CCNCC3)nc21,0.0615169575,True,True
3787,1.0,34,3900,BRD-K79092138,NC(=O)NN=Cc1ccc(o1)[N+]([O-])=O,1,0,BRD-K79092138-001-11-0::2.5::HTS,BRD-K79092138-001-11-0,1.0,NC(=O)N\N=C\c1ccc(o1)[N+]([O-])=O,2.5,HTS,NC(=O)NN=Cc1ccc([N+](=O)[O-])o1,0.1628918883333333,False,True
3900,1.0,28,4022,BRD-K82036761,CN[C@H]1CC[C@@H](c2ccc(Cl)c(Cl)c2)c2ccccc12,1,1,BRD-K82036761-003-20-3::2.5::HTS,BRD-K82036761-003-20-3,0.0,CN[C@H]1CC[C@@H](c2ccc(Cl)c(Cl)c2)c2ccccc12,2.5,HTS,CN[C@H]1CC[C@@H](c2ccc(Cl)c(Cl)c2)c2ccccc21,0.6773344966666667,True,True
3944,1.0,39,4068,BRD-K82960980,CON=C(/C(=O)N[C@H]1[C@H]2SCC(CSC(=O)c3ccco3)=C(N2C1=O)C(O)=O)c1csc(N)n1,1,0,BRD-K82960980-003-01-9::2.5::HTS,BRD-K82960980-003-01-9,0.0,CO\N=C(/C(=O)N[C@H]1[C@H]2SCC(CSC(=O)c3ccco3)=C(N2C1=O)C(O)=O)c1csc(N)n1,2.5,HTS,CON=C(C(=O)NC1C(=O)N2C(C(=O)O)=C(CSC(=O)c3ccco3)CS[C@H]12)c1csc(N)n1,0.0123329434166666,False,True
3945,1.0,39,4069,BRD-K82960980,CON=C(/C(=O)N[C@H]1[C@H]2SCC(CSC(=O)c3ccco3)=C(N2C1=O)C(O)=O)c1csc(N)n1,1,0,BRD-K82960980-003-02-7::2.36::HTS,BRD-K82960980-003-02-7,0.0,CO\N=C(/C(=O)N[C@H]1[C@H]2SCC(CSC(=O)c3ccco3)=C(N2C1=O)C(O)=O)c1csc(N)n1,2.36,HTS,CON=C(C(=O)NC1C(=O)N2C(C(=O)O)=C(CSC(=O)c3ccco3)CS[C@H]12)c1csc(N)n1,0.0123329434166666,False,True
4061,1.0,5388,4194,BRD-K86873305,CCN1CCN(C(=O)N[C@@H](C(=O)N[C@H]2[C@H]3SC(C)(C)[C@@H](N3C2=O)C(O)=O)c2ccccc2)C(=O)C1=O,1,0,BRD-K86873305-236-14-7::2.448463554::MTS004,BRD-K86873305-236-14-7,0.0,CCN1CCN(C(=O)N[C@@H](C(=O)N[C@H]2[C@H]3SC(C)(C)[C@@H](N3C2=O)C(O)=O)c2ccccc2)C(=O)C1=O,2.448463554,MTS004,CCN1CCN(C(=O)NC(C(=O)NC2C(=O)N3C(C(=O)O)C(C)(C)S[C@H]23)c2ccccc2)C(=O)C1=O,0.0329654671666666,True,True
4088,1.0,21,4223,BRD-K87700323,CCCCCCCCCCCCCCCC[n+]1ccccc1,1,1,BRD-K87700323-003-05-1::2.5::HTS,BRD-K87700323-003-05-1,1.0,CCCCCCCCCCCCCCCC[n+]1ccccc1,2.5,HTS,CCCCCCCCCCCCCCCC[n+]1ccccc1,0.5635332700000001,True,True
4097,1.0,111,4233,BRD-K88025533,CCCCCCCCc1ccc(CCC(N)(CO)CO)cc1,1,1,BRD-K88025533-003-03-3::2.5::HTS,BRD-K88025533-003-03-3,0.0,CCCCCCCCc1ccc(CCC(N)(CO)CO)cc1,2.5,HTS,CCCCCCCCc1ccc(CCC(N)(CO)CO)cc1,0.32355245,True,True
4202,1.0,5401,4342,BRD-K91290917,CCN(CC)Cc1cc(Nc2ccnc3cc(Cl)ccc23)ccc1O,1,0,BRD-K91290917-300-01-8::2.5::HTS,BRD-K91290917-300-01-8,0.0,CCN(CC)Cc1cc(Nc2ccnc3cc(Cl)ccc23)ccc1O,2.5,HTS,CCN(CC)Cc1cc(Nc2ccnc3cc(Cl)ccc23)ccc1O,0.7975269183333333,True,True
4268,1.0,96,4410,BRD-K92968657,Nc1n[n+]([O-])c2ccccc2[n+]1[O-],1,0,BRD-K92968657-001-01-6::2.5::HTS,BRD-K92968657-001-01-6,1.0,Nc1n[n+]([O-])c2ccccc2[n+]1[O-],2.5,HTS,Nc1n[n+]([O-])c2ccccc2[n+]1[O-],0.06975638,True,True
4429,1.0,5393,4580,BRD-K97464279,COc1ccc(Cc2cnc(N)nc2N)cc1OC,1,0,BRD-K97464279-001-03-5::2.5::HTS,BRD-K97464279-001-03-5,0.0,COc1ccc(Cc2cnc(N)nc2N)cc1OC,2.5,HTS,COc1ccc(Cc2cnc(N)nc2N)cc1OC,0.187827235,True,True
4499,1.0,7,4655,BRD-K99792991,Oc1c(Cl)cc(Cl)c(Cl)c1Cc1c(O)c(Cl)cc(Cl)c1Cl,1,1,BRD-K99792991-001-34-9::2.5::HTS,BRD-K99792991-001-34-9,0.0,Oc1c(Cl)cc(Cl)c(Cl)c1Cc1c(O)c(Cl)cc(Cl)c1Cl,2.5,HTS,Oc1c(Cl)cc(Cl)c(Cl)c1Cc1c(O)c(Cl)cc(Cl)c1Cl,0.3278716716666666,True,True
