source,source_id,reason
coadd,CO-ADD:0161539,no_exact_antibacterial_compound_id_join
coadd,CO-ADD:0249974,no_exact_antibacterial_compound_id_join
coadd,CO-ADD:0249975,no_exact_antibacterial_compound_id_join
coadd,CO-ADD:0249976,no_exact_antibacterial_compound_id_join
coadd,CO-ADD:0249977,no_exact_antibacterial_compound_id_join
coadd,CO-ADD:0148692,no_exact_antibacterial_compound_id_join
coadd,CO-ADD:0249978,no_exact_antibacterial_compound_id_join
coadd,CO-ADD:0249979,no_exact_antibacterial_compound_id_join
coadd,CO-ADD:0088794,no_exact_antibacterial_compound_id_join
coadd,CO-ADD:0088795,no_exact_antibacterial_compound_id_join
coadd,CO-ADD:0088796,no_exact_antibacterial_compound_id_join
coadd,CO-ADD:0088797,no_exact_antibacterial_compound_id_join
coadd,CO-ADD:0088798,no_exact_antibacterial_compound_id_join
coadd,CO-ADD:0088799,no_exact_antibacterial_compound_id_join
coadd,CO-ADD:0088800,no_exact_antibacterial_compound_id_join
coadd,CO-ADD:0088801,no_exact_antibacterial_compound_id_join
coadd,CO-ADD:0088802,no_exact_antibacterial_compound_id_join
coadd,CO-ADD:0088803,no_exact_antibacterial_compound_id_join
coadd,CO-ADD:0088804,no_exact_antibacterial_compound_id_join
coadd,CO-ADD:0088805,no_exact_antibacterial_compound_id_join
coadd,CO-ADD:0088806,no_exact_antibacterial_compound_id_join
coadd,CO-ADD:0088807,no_exact_antibacterial_compound_id_join
coadd,CO-ADD:0088808,no_exact_antibacterial_compound_id_join
coadd,CO-ADD:0088809,no_exact_antibacterial_compound_id_join
coadd,CO-ADD:0088810,no_exact_antibacterial_compound_id_join
coadd,CO-ADD:0088811,no_exact_antibacterial_compound_id_join
coadd,CO-ADD:0088812,no_exact_antibacterial_compound_id_join
coadd,CO-ADD:0088813,no_exact_antibacterial_compound_id_join
coadd,CO-ADD:0088814,no_exact_antibacterial_compound_id_join
coadd,CO-ADD:0088815,no_exact_antibacterial_compound_id_join
coadd,CO-ADD:0088816,no_exact_antibacterial_compound_id_join
coadd,CO-ADD:0088817,no_exact_antibacterial_compound_id_join
coadd,CO-ADD:0088818,no_exact_antibacterial_compound_id_join
coadd,CO-ADD:0088819,no_exact_antibacterial_compound_id_join
coadd,CO-ADD:0088820,no_exact_antibacterial_compound_id_join
coadd,CO-ADD:0088821,no_exact_antibacterial_compound_id_join
coadd,CO-ADD:0088822,no_exact_antibacterial_compound_id_join
coadd,CO-ADD:0088823,no_exact_antibacterial_compound_id_join
coadd,CO-ADD:0088824,no_exact_antibacterial_compound_id_join
coadd,CO-ADD:0088425,no_exact_antibacterial_compound_id_join
coadd,CO-ADD:0088426,no_exact_antibacterial_compound_id_join
coadd,CO-ADD:0088427,no_exact_antibacterial_compound_id_join
coadd,CO-ADD:0088428,no_exact_antibacterial_compound_id_join
coadd,CO-ADD:0088429,no_exact_antibacterial_compound_id_join
coadd,CO-ADD:0088430,no_exact_antibacterial_compound_id_join
coadd,CO-ADD:0088431,no_exact_antibacterial_compound_id_join
coadd,CO-ADD:0088432,no_exact_antibacterial_compound_id_join
coadd,CO-ADD:0088433,no_exact_antibacterial_compound_id_join
coadd,CO-ADD:0088434,no_exact_antibacterial_compound_id_join
coadd,CO-ADD:0088435,no_exact_antibacterial_compound_id_join
coadd,CO-ADD:0088436,no_exact_antibacterial_compound_id_join
coadd,CO-ADD:0088437,no_exact_antibacterial_compound_id_join
coadd,CO-ADD:0088438,no_exact_antibacterial_compound_id_join
coadd,CO-ADD:0088439,no_exact_antibacterial_compound_id_join
coadd,CO-ADD:0088440,no_exact_antibacterial_compound_id_join
coadd,CO-ADD:0088441,no_exact_antibacterial_compound_id_join
coadd,CO-ADD:0088442,no_exact_antibacterial_compound_id_join
coadd,CO-ADD:0088443,no_exact_antibacterial_compound_id_join
coadd,CO-ADD:0088444,no_exact_antibacterial_compound_id_join
coadd,CO-ADD:0088445,no_exact_antibacterial_compound_id_join
coadd,CO-ADD:0088446,no_exact_antibacterial_compound_id_join
coadd,CO-ADD:0088447,no_exact_antibacterial_compound_id_join
coadd,CO-ADD:0088448,no_exact_antibacterial_compound_id_join
coadd,CO-ADD:0088449,no_exact_antibacterial_compound_id_join
coadd,CO-ADD:0088450,no_exact_antibacterial_compound_id_join
coadd,CO-ADD:0088451,no_exact_antibacterial_compound_id_join
coadd,CO-ADD:0088452,no_exact_antibacterial_compound_id_join
coadd,CO-ADD:0088453,no_exact_antibacterial_compound_id_join
coadd,CO-ADD:0088454,no_exact_antibacterial_compound_id_join
coadd,CO-ADD:0088455,no_exact_antibacterial_compound_id_join
coadd,CO-ADD:0088456,no_exact_antibacterial_compound_id_join
coadd,CO-ADD:0088457,no_exact_antibacterial_compound_id_join
coadd,CO-ADD:0088458,no_exact_antibacterial_compound_id_join
coadd,CO-ADD:0088459,no_exact_antibacterial_compound_id_join
coadd,CO-ADD:0088460,no_exact_antibacterial_compound_id_join
coadd,CO-ADD:0088461,no_exact_antibacterial_compound_id_join
coadd,CO-ADD:0088462,no_exact_antibacterial_compound_id_join
coadd,CO-ADD:0088463,no_exact_antibacterial_compound_id_join
coadd,CO-ADD:0088464,no_exact_antibacterial_compound_id_join
coadd,CO-ADD:0088465,no_exact_antibacterial_compound_id_join
coadd,CO-ADD:0088466,no_exact_antibacterial_compound_id_join
coadd,CO-ADD:0088467,no_exact_antibacterial_compound_id_join
coadd,CO-ADD:0088468,no_exact_antibacterial_compound_id_join
coadd,CO-ADD:0088469,no_exact_antibacterial_compound_id_join
coadd,CO-ADD:0088470,no_exact_antibacterial_compound_id_join
coadd,CO-ADD:0088471,no_exact_antibacterial_compound_id_join
coadd,CO-ADD:0088472,no_exact_antibacterial_compound_id_join
coadd,CO-ADD:0088473,no_exact_antibacterial_compound_id_join
coadd,CO-ADD:0088474,no_exact_antibacterial_compound_id_join
coadd,CO-ADD:0088475,no_exact_antibacterial_compound_id_join
coadd,CO-ADD:0088476,no_exact_antibacterial_compound_id_join
coadd,CO-ADD:0088477,no_exact_antibacterial_compound_id_join
coadd,CO-ADD:0088478,no_exact_antibacterial_compound_id_join
coadd,CO-ADD:0088479,no_exact_antibacterial_compound_id_join
coadd,CO-ADD:0088480,no_exact_antibacterial_compound_id_join
coadd,CO-ADD:0088481,no_exact_antibacterial_compound_id_join
coadd,CO-ADD:0088482,no_exact_antibacterial_compound_id_join
coadd,CO-ADD:0088483,no_exact_antibacterial_compound_id_join
coadd,CO-ADD:0088484,no_exact_antibacterial_compound_id_join
coadd,CO-ADD:0088485,no_exact_antibacterial_compound_id_join
coadd,CO-ADD:0088486,no_exact_antibacterial_compound_id_join
coadd,CO-ADD:0088487,no_exact_antibacterial_compound_id_join
coadd,CO-ADD:0088488,no_exact_antibacterial_compound_id_join
coadd,CO-ADD:0088489,no_exact_antibacterial_compound_id_join
coadd,CO-ADD:0088490,no_exact_antibacterial_compound_id_join
coadd,CO-ADD:0088491,no_exact_antibacterial_compound_id_join
coadd,CO-ADD:0088492,no_exact_antibacterial_compound_id_join
coadd,CO-ADD:0088493,no_exact_antibacterial_compound_id_join
coadd,CO-ADD:0088494,no_exact_antibacterial_compound_id_join
coadd,CO-ADD:0088495,no_exact_antibacterial_compound_id_join
coadd,CO-ADD:0088496,no_exact_antibacterial_compound_id_join
coadd,CO-ADD:0088497,no_exact_antibacterial_compound_id_join
coadd,CO-ADD:0088498,no_exact_antibacterial_compound_id_join
coadd,CO-ADD:0088499,no_exact_antibacterial_compound_id_join
coadd,CO-ADD:0088500,no_exact_antibacterial_compound_id_join
coadd,CO-ADD:0088501,no_exact_antibacterial_compound_id_join
coadd,CO-ADD:0088502,no_exact_antibacterial_compound_id_join
coadd,CO-ADD:0088503,no_exact_antibacterial_compound_id_join
coadd,CO-ADD:0088504,no_exact_antibacterial_compound_id_join
coadd,CO-ADD:0088505,no_exact_antibacterial_compound_id_join
coadd,CO-ADD:0088506,no_exact_antibacterial_compound_id_join
coadd,CO-ADD:0088507,no_exact_antibacterial_compound_id_join
coadd,CO-ADD:0088508,no_exact_antibacterial_compound_id_join
coadd,CO-ADD:0088509,no_exact_antibacterial_compound_id_join
coadd,CO-ADD:0088510,no_exact_antibacterial_compound_id_join
coadd,CO-ADD:0088511,no_exact_antibacterial_compound_id_join
coadd,CO-ADD:0088512,no_exact_antibacterial_compound_id_join
coadd,CO-ADD:0088513,no_exact_antibacterial_compound_id_join
coadd,CO-ADD:0088514,no_exact_antibacterial_compound_id_join
coadd,CO-ADD:0088515,no_exact_antibacterial_compound_id_join
coadd,CO-ADD:0088516,no_exact_antibacterial_compound_id_join
coadd,CO-ADD:0088517,no_exact_antibacterial_compound_id_join
coadd,CO-ADD:0088518,no_exact_antibacterial_compound_id_join
coadd,CO-ADD:0088519,no_exact_antibacterial_compound_id_join
coadd,CO-ADD:0088520,no_exact_antibacterial_compound_id_join
coadd,CO-ADD:0088521,no_exact_antibacterial_compound_id_join
coadd,CO-ADD:0088522,no_exact_antibacterial_compound_id_join
coadd,CO-ADD:0088523,no_exact_antibacterial_compound_id_join
coadd,CO-ADD:0088524,no_exact_antibacterial_compound_id_join
coadd,CO-ADD:0088525,no_exact_antibacterial_compound_id_join
coadd,CO-ADD:0088526,no_exact_antibacterial_compound_id_join
coadd,CO-ADD:0088527,no_exact_antibacterial_compound_id_join
coadd,CO-ADD:0088528,no_exact_antibacterial_compound_id_join
coadd,CO-ADD:0088529,no_exact_antibacterial_compound_id_join
coadd,CO-ADD:0088530,no_exact_antibacterial_compound_id_join
coadd,CO-ADD:0088531,no_exact_antibacterial_compound_id_join
coadd,CO-ADD:0088532,no_exact_antibacterial_compound_id_join
coadd,CO-ADD:0088533,no_exact_antibacterial_compound_id_join
coadd,CO-ADD:0088534,no_exact_antibacterial_compound_id_join
coadd,CO-ADD:0088535,no_exact_antibacterial_compound_id_join
coadd,CO-ADD:0088536,no_exact_antibacterial_compound_id_join
coadd,CO-ADD:0088537,no_exact_antibacterial_compound_id_join
coadd,CO-ADD:0088538,no_exact_antibacterial_compound_id_join
coadd,CO-ADD:0088539,no_exact_antibacterial_compound_id_join
coadd,CO-ADD:0088540,no_exact_antibacterial_compound_id_join
coadd,CO-ADD:0088541,no_exact_antibacterial_compound_id_join
coadd,CO-ADD:0088542,no_exact_antibacterial_compound_id_join
coadd,CO-ADD:0088543,no_exact_antibacterial_compound_id_join
coadd,CO-ADD:0088544,no_exact_antibacterial_compound_id_join
coadd,CO-ADD:0088545,no_exact_antibacterial_compound_id_join
coadd,CO-ADD:0088546,no_exact_antibacterial_compound_id_join
coadd,CO-ADD:0088547,no_exact_antibacterial_compound_id_join
coadd,CO-ADD:0088548,no_exact_antibacterial_compound_id_join
coadd,CO-ADD:0088549,no_exact_antibacterial_compound_id_join
coadd,CO-ADD:0088550,no_exact_antibacterial_compound_id_join
coadd,CO-ADD:0088551,no_exact_antibacterial_compound_id_join
coadd,CO-ADD:0088552,no_exact_antibacterial_compound_id_join
coadd,CO-ADD:0088553,no_exact_antibacterial_compound_id_join
coadd,CO-ADD:0088554,no_exact_antibacterial_compound_id_join
coadd,CO-ADD:0088555,no_exact_antibacterial_compound_id_join
coadd,CO-ADD:0088556,no_exact_antibacterial_compound_id_join
coadd,CO-ADD:0088557,no_exact_antibacterial_compound_id_join
coadd,CO-ADD:0088558,no_exact_antibacterial_compound_id_join
coadd,CO-ADD:0088559,no_exact_antibacterial_compound_id_join
coadd,CO-ADD:0088560,no_exact_antibacterial_compound_id_join
coadd,CO-ADD:0088561,no_exact_antibacterial_compound_id_join
coadd,CO-ADD:0088562,no_exact_antibacterial_compound_id_join
coadd,CO-ADD:0088563,no_exact_antibacterial_compound_id_join
coadd,CO-ADD:0088564,no_exact_antibacterial_compound_id_join
coadd,CO-ADD:0088565,no_exact_antibacterial_compound_id_join
coadd,CO-ADD:0088566,no_exact_antibacterial_compound_id_join
coadd,CO-ADD:0088567,no_exact_antibacterial_compound_id_join
coadd,CO-ADD:0088568,no_exact_antibacterial_compound_id_join
coadd,CO-ADD:0088569,no_exact_antibacterial_compound_id_join
coadd,CO-ADD:0088570,no_exact_antibacterial_compound_id_join
coadd,CO-ADD:0088571,no_exact_antibacterial_compound_id_join
coadd,CO-ADD:0088572,no_exact_antibacterial_compound_id_join
coadd,CO-ADD:0088573,no_exact_antibacterial_compound_id_join
coadd,CO-ADD:0088574,no_exact_antibacterial_compound_id_join
coadd,CO-ADD:0088575,no_exact_antibacterial_compound_id_join
coadd,CO-ADD:0088576,no_exact_antibacterial_compound_id_join
coadd,CO-ADD:0088577,no_exact_antibacterial_compound_id_join
coadd,CO-ADD:0088578,no_exact_antibacterial_compound_id_join
coadd,CO-ADD:0088579,no_exact_antibacterial_compound_id_join
coadd,CO-ADD:0088580,no_exact_antibacterial_compound_id_join
coadd,CO-ADD:0088581,no_exact_antibacterial_compound_id_join
coadd,CO-ADD:0088582,no_exact_antibacterial_compound_id_join
coadd,CO-ADD:0088583,no_exact_antibacterial_compound_id_join
coadd,CO-ADD:0088584,no_exact_antibacterial_compound_id_join
coadd,CO-ADD:0088585,no_exact_antibacterial_compound_id_join
coadd,CO-ADD:0088586,no_exact_antibacterial_compound_id_join
coadd,CO-ADD:0088587,no_exact_antibacterial_compound_id_join
coadd,CO-ADD:0088588,no_exact_antibacterial_compound_id_join
coadd,CO-ADD:0088589,no_exact_antibacterial_compound_id_join
coadd,CO-ADD:0088590,no_exact_antibacterial_compound_id_join
coadd,CO-ADD:0088591,no_exact_antibacterial_compound_id_join
coadd,CO-ADD:0088592,no_exact_antibacterial_compound_id_join
coadd,CO-ADD:0088593,no_exact_antibacterial_compound_id_join
coadd,CO-ADD:0088594,no_exact_antibacterial_compound_id_join
coadd,CO-ADD:0088595,no_exact_antibacterial_compound_id_join
coadd,CO-ADD:0088596,no_exact_antibacterial_compound_id_join
coadd,CO-ADD:0088597,no_exact_antibacterial_compound_id_join
coadd,CO-ADD:0088598,no_exact_antibacterial_compound_id_join
coadd,CO-ADD:0088599,no_exact_antibacterial_compound_id_join
coadd,CO-ADD:0088600,no_exact_antibacterial_compound_id_join
coadd,CO-ADD:0088601,no_exact_antibacterial_compound_id_join
coadd,CO-ADD:0088602,no_exact_antibacterial_compound_id_join
coadd,CO-ADD:0088603,no_exact_antibacterial_compound_id_join
coadd,CO-ADD:0088604,no_exact_antibacterial_compound_id_join
coadd,CO-ADD:0088605,no_exact_antibacterial_compound_id_join
coadd,CO-ADD:0088606,no_exact_antibacterial_compound_id_join
coadd,CO-ADD:0088607,no_exact_antibacterial_compound_id_join
coadd,CO-ADD:0088608,no_exact_antibacterial_compound_id_join
coadd,CO-ADD:0088609,no_exact_antibacterial_compound_id_join
coadd,CO-ADD:0088610,no_exact_antibacterial_compound_id_join
coadd,CO-ADD:0088611,no_exact_antibacterial_compound_id_join
coadd,CO-ADD:0088612,no_exact_antibacterial_compound_id_join
coadd,CO-ADD:0088613,no_exact_antibacterial_compound_id_join
coadd,CO-ADD:0088614,no_exact_antibacterial_compound_id_join
coadd,CO-ADD:0088615,no_exact_antibacterial_compound_id_join
coadd,CO-ADD:0088616,no_exact_antibacterial_compound_id_join
coadd,CO-ADD:0088617,no_exact_antibacterial_compound_id_join
coadd,CO-ADD:0088618,no_exact_antibacterial_compound_id_join
coadd,CO-ADD:0088619,no_exact_antibacterial_compound_id_join
coadd,CO-ADD:0088620,no_exact_antibacterial_compound_id_join
coadd,CO-ADD:0088621,no_exact_antibacterial_compound_id_join
coadd,CO-ADD:0088622,no_exact_antibacterial_compound_id_join
coadd,CO-ADD:0088623,no_exact_antibacterial_compound_id_join
coadd,CO-ADD:0088624,no_exact_antibacterial_compound_id_join
coadd,CO-ADD:0088625,no_exact_antibacterial_compound_id_join
coadd,CO-ADD:0088626,no_exact_antibacterial_compound_id_join
coadd,CO-ADD:0088627,no_exact_antibacterial_compound_id_join
coadd,CO-ADD:0088628,no_exact_antibacterial_compound_id_join
coadd,CO-ADD:0088629,no_exact_antibacterial_compound_id_join
coadd,CO-ADD:0088630,no_exact_antibacterial_compound_id_join
coadd,CO-ADD:0088631,no_exact_antibacterial_compound_id_join
coadd,CO-ADD:0088632,no_exact_antibacterial_compound_id_join
coadd,CO-ADD:0088633,no_exact_antibacterial_compound_id_join
coadd,CO-ADD:0088634,no_exact_antibacterial_compound_id_join
coadd,CO-ADD:0088635,no_exact_antibacterial_compound_id_join
coadd,CO-ADD:0088636,no_exact_antibacterial_compound_id_join
coadd,CO-ADD:0088637,no_exact_antibacterial_compound_id_join
coadd,CO-ADD:0088638,no_exact_antibacterial_compound_id_join
coadd,CO-ADD:0088639,no_exact_antibacterial_compound_id_join
coadd,CO-ADD:0088640,no_exact_antibacterial_compound_id_join
coadd,CO-ADD:0088641,no_exact_antibacterial_compound_id_join
coadd,CO-ADD:0088642,no_exact_antibacterial_compound_id_join
coadd,CO-ADD:0088643,no_exact_antibacterial_compound_id_join
coadd,CO-ADD:0088644,no_exact_antibacterial_compound_id_join
coadd,CO-ADD:0088645,no_exact_antibacterial_compound_id_join
coadd,CO-ADD:0088646,no_exact_antibacterial_compound_id_join
coadd,CO-ADD:0088647,no_exact_antibacterial_compound_id_join
coadd,CO-ADD:0088648,no_exact_antibacterial_compound_id_join
coadd,CO-ADD:0088649,no_exact_antibacterial_compound_id_join
coadd,CO-ADD:0088650,no_exact_antibacterial_compound_id_join
coadd,CO-ADD:0088651,no_exact_antibacterial_compound_id_join
coadd,CO-ADD:0088652,no_exact_antibacterial_compound_id_join
coadd,CO-ADD:0088653,no_exact_antibacterial_compound_id_join
coadd,CO-ADD:0088654,no_exact_antibacterial_compound_id_join
coadd,CO-ADD:0088655,no_exact_antibacterial_compound_id_join
coadd,CO-ADD:0088656,no_exact_antibacterial_compound_id_join
coadd,CO-ADD:0088657,no_exact_antibacterial_compound_id_join
coadd,CO-ADD:0088658,no_exact_antibacterial_compound_id_join
coadd,CO-ADD:0088659,no_exact_antibacterial_compound_id_join
coadd,CO-ADD:0088660,no_exact_antibacterial_compound_id_join
coadd,CO-ADD:0088661,no_exact_antibacterial_compound_id_join
coadd,CO-ADD:0088662,no_exact_antibacterial_compound_id_join
coadd,CO-ADD:0088663,no_exact_antibacterial_compound_id_join
coadd,CO-ADD:0088664,no_exact_antibacterial_compound_id_join
coadd,CO-ADD:0088665,no_exact_antibacterial_compound_id_join
coadd,CO-ADD:0088666,no_exact_antibacterial_compound_id_join
coadd,CO-ADD:0088667,no_exact_antibacterial_compound_id_join
coadd,CO-ADD:0088668,no_exact_antibacterial_compound_id_join
coadd,CO-ADD:0088669,no_exact_antibacterial_compound_id_join
coadd,CO-ADD:0088670,no_exact_antibacterial_compound_id_join
coadd,CO-ADD:0088671,no_exact_antibacterial_compound_id_join
coadd,CO-ADD:0088672,no_exact_antibacterial_compound_id_join
coadd,CO-ADD:0088673,no_exact_antibacterial_compound_id_join
coadd,CO-ADD:0088674,no_exact_antibacterial_compound_id_join
coadd,CO-ADD:0088675,no_exact_antibacterial_compound_id_join
coadd,CO-ADD:0088676,no_exact_antibacterial_compound_id_join
coadd,CO-ADD:0088677,no_exact_antibacterial_compound_id_join
coadd,CO-ADD:0088678,no_exact_antibacterial_compound_id_join
coadd,CO-ADD:0088679,no_exact_antibacterial_compound_id_join
coadd,CO-ADD:0088680,no_exact_antibacterial_compound_id_join
coadd,CO-ADD:0088681,no_exact_antibacterial_compound_id_join
coadd,CO-ADD:0088682,no_exact_antibacterial_compound_id_join
coadd,CO-ADD:0088683,no_exact_antibacterial_compound_id_join
coadd,CO-ADD:0088684,no_exact_antibacterial_compound_id_join
coadd,CO-ADD:0088685,no_exact_antibacterial_compound_id_join
coadd,CO-ADD:0088686,no_exact_antibacterial_compound_id_join
coadd,CO-ADD:0088687,no_exact_antibacterial_compound_id_join
coadd,CO-ADD:0088688,no_exact_antibacterial_compound_id_join
coadd,CO-ADD:0088689,no_exact_antibacterial_compound_id_join
coadd,CO-ADD:0088690,no_exact_antibacterial_compound_id_join
coadd,CO-ADD:0088691,no_exact_antibacterial_compound_id_join
coadd,CO-ADD:0088692,no_exact_antibacterial_compound_id_join
coadd,CO-ADD:0088693,no_exact_antibacterial_compound_id_join
coadd,CO-ADD:0088694,no_exact_antibacterial_compound_id_join
coadd,CO-ADD:0088695,no_exact_antibacterial_compound_id_join
coadd,CO-ADD:0088696,no_exact_antibacterial_compound_id_join
coadd,CO-ADD:0088697,no_exact_antibacterial_compound_id_join
coadd,CO-ADD:0088698,no_exact_antibacterial_compound_id_join
coadd,CO-ADD:0088699,no_exact_antibacterial_compound_id_join
coadd,CO-ADD:0088700,no_exact_antibacterial_compound_id_join
coadd,CO-ADD:0088701,no_exact_antibacterial_compound_id_join
coadd,CO-ADD:0088702,no_exact_antibacterial_compound_id_join
coadd,CO-ADD:0088703,no_exact_antibacterial_compound_id_join
coadd,CO-ADD:0088704,no_exact_antibacterial_compound_id_join
coadd,CO-ADD:0088705,no_exact_antibacterial_compound_id_join
coadd,CO-ADD:0088706,no_exact_antibacterial_compound_id_join
coadd,CO-ADD:0088707,no_exact_antibacterial_compound_id_join
coadd,CO-ADD:0088708,no_exact_antibacterial_compound_id_join
coadd,CO-ADD:0088709,no_exact_antibacterial_compound_id_join
coadd,CO-ADD:0088710,no_exact_antibacterial_compound_id_join
coadd,CO-ADD:0088711,no_exact_antibacterial_compound_id_join
coadd,CO-ADD:0088712,no_exact_antibacterial_compound_id_join
coadd,CO-ADD:0088713,no_exact_antibacterial_compound_id_join
coadd,CO-ADD:0088714,no_exact_antibacterial_compound_id_join
coadd,CO-ADD:0088715,no_exact_antibacterial_compound_id_join
coadd,CO-ADD:0088716,no_exact_antibacterial_compound_id_join
coadd,CO-ADD:0088717,no_exact_antibacterial_compound_id_join
coadd,CO-ADD:0088718,no_exact_antibacterial_compound_id_join
coadd,CO-ADD:0088719,no_exact_antibacterial_compound_id_join
coadd,CO-ADD:0088720,no_exact_antibacterial_compound_id_join
coadd,CO-ADD:0088721,no_exact_antibacterial_compound_id_join
coadd,CO-ADD:0088722,no_exact_antibacterial_compound_id_join
coadd,CO-ADD:0088723,no_exact_antibacterial_compound_id_join
coadd,CO-ADD:0088724,no_exact_antibacterial_compound_id_join
coadd,CO-ADD:0088725,no_exact_antibacterial_compound_id_join
coadd,CO-ADD:0088726,no_exact_antibacterial_compound_id_join
coadd,CO-ADD:0088727,no_exact_antibacterial_compound_id_join
coadd,CO-ADD:0088728,no_exact_antibacterial_compound_id_join
coadd,CO-ADD:0088729,no_exact_antibacterial_compound_id_join
coadd,CO-ADD:0088730,no_exact_antibacterial_compound_id_join
coadd,CO-ADD:0088731,no_exact_antibacterial_compound_id_join
coadd,CO-ADD:0088732,no_exact_antibacterial_compound_id_join
coadd,CO-ADD:0088733,no_exact_antibacterial_compound_id_join
coadd,CO-ADD:0088734,no_exact_antibacterial_compound_id_join
coadd,CO-ADD:0088735,no_exact_antibacterial_compound_id_join
coadd,CO-ADD:0088736,no_exact_antibacterial_compound_id_join
coadd,CO-ADD:0088737,no_exact_antibacterial_compound_id_join
coadd,CO-ADD:0088738,no_exact_antibacterial_compound_id_join
coadd,CO-ADD:0088739,no_exact_antibacterial_compound_id_join
coadd,CO-ADD:0088740,no_exact_antibacterial_compound_id_join
coadd,CO-ADD:0088741,no_exact_antibacterial_compound_id_join
coadd,CO-ADD:0088742,no_exact_antibacterial_compound_id_join
coadd,CO-ADD:0088743,no_exact_antibacterial_compound_id_join
coadd,CO-ADD:0088744,no_exact_antibacterial_compound_id_join
coadd,CO-ADD:0088745,no_exact_antibacterial_compound_id_join
coadd,CO-ADD:0088746,no_exact_antibacterial_compound_id_join
coadd,CO-ADD:0088747,no_exact_antibacterial_compound_id_join
coadd,CO-ADD:0088748,no_exact_antibacterial_compound_id_join
coadd,CO-ADD:0088749,no_exact_antibacterial_compound_id_join
coadd,CO-ADD:0088750,no_exact_antibacterial_compound_id_join
coadd,CO-ADD:0088751,no_exact_antibacterial_compound_id_join
coadd,CO-ADD:0088752,no_exact_antibacterial_compound_id_join
coadd,CO-ADD:0088753,no_exact_antibacterial_compound_id_join
coadd,CO-ADD:0088754,no_exact_antibacterial_compound_id_join
coadd,CO-ADD:0088755,no_exact_antibacterial_compound_id_join
coadd,CO-ADD:0088756,no_exact_antibacterial_compound_id_join
coadd,CO-ADD:0088757,no_exact_antibacterial_compound_id_join
coadd,CO-ADD:0088758,no_exact_antibacterial_compound_id_join
coadd,CO-ADD:0088759,no_exact_antibacterial_compound_id_join
coadd,CO-ADD:0088760,no_exact_antibacterial_compound_id_join
coadd,CO-ADD:0088761,no_exact_antibacterial_compound_id_join
coadd,CO-ADD:0088762,no_exact_antibacterial_compound_id_join
coadd,CO-ADD:0088763,no_exact_antibacterial_compound_id_join
coadd,CO-ADD:0088764,no_exact_antibacterial_compound_id_join
coadd,CO-ADD:0088765,no_exact_antibacterial_compound_id_join
coadd,CO-ADD:0088766,no_exact_antibacterial_compound_id_join
coadd,CO-ADD:0088767,no_exact_antibacterial_compound_id_join
coadd,CO-ADD:0088768,no_exact_antibacterial_compound_id_join
coadd,CO-ADD:0088769,no_exact_antibacterial_compound_id_join
coadd,CO-ADD:0088770,no_exact_antibacterial_compound_id_join
coadd,CO-ADD:0088771,no_exact_antibacterial_compound_id_join
coadd,CO-ADD:0088772,no_exact_antibacterial_compound_id_join
coadd,CO-ADD:0088773,no_exact_antibacterial_compound_id_join
coadd,CO-ADD:0088774,no_exact_antibacterial_compound_id_join
coadd,CO-ADD:0088775,no_exact_antibacterial_compound_id_join
coadd,CO-ADD:0088776,no_exact_antibacterial_compound_id_join
coadd,CO-ADD:0088777,no_exact_antibacterial_compound_id_join
coadd,CO-ADD:0088778,no_exact_antibacterial_compound_id_join
coadd,CO-ADD:0088779,no_exact_antibacterial_compound_id_join
coadd,CO-ADD:0088780,no_exact_antibacterial_compound_id_join
coadd,CO-ADD:0088781,no_exact_antibacterial_compound_id_join
coadd,CO-ADD:0088782,no_exact_antibacterial_compound_id_join
coadd,CO-ADD:0088783,no_exact_antibacterial_compound_id_join
coadd,CO-ADD:0088784,no_exact_antibacterial_compound_id_join
coadd,CO-ADD:0088785,no_exact_antibacterial_compound_id_join
coadd,CO-ADD:0088786,no_exact_antibacterial_compound_id_join
coadd,CO-ADD:0088787,no_exact_antibacterial_compound_id_join
coadd,CO-ADD:0088788,no_exact_antibacterial_compound_id_join
coadd,CO-ADD:0088789,no_exact_antibacterial_compound_id_join
coadd,CO-ADD:0088790,no_exact_antibacterial_compound_id_join
coadd,CO-ADD:0088791,no_exact_antibacterial_compound_id_join
coadd,CO-ADD:0088792,no_exact_antibacterial_compound_id_join
coadd,CO-ADD:0088793,no_exact_antibacterial_compound_id_join
coadd,CO-ADD:0137572,discordant_antibacterial_hit_labels
coadd,CO-ADD:0137580,discordant_antibacterial_hit_labels
coadd,CO-ADD:0137116,censoring_interval_straddles_threshold
coadd,CO-ADD:0135797,censoring_interval_straddles_threshold
coadd,CO-ADD:0136621,censoring_interval_straddles_threshold
coadd,CO-ADD:0136969,censoring_interval_straddles_threshold
coadd,CO-ADD:0164678,censoring_interval_straddles_threshold
coadd,CO-ADD:0164876,censoring_interval_straddles_threshold
coadd,CO-ADD:0164880,censoring_interval_straddles_threshold
coadd,CO-ADD:0164803,censoring_interval_straddles_threshold
coadd,CO-ADD:0164809,censoring_interval_straddles_threshold
coadd,CO-ADD:0164826,censoring_interval_straddles_threshold
coadd,CO-ADD:0164827,censoring_interval_straddles_threshold
coadd,CO-ADD:0164562,censoring_interval_straddles_threshold
coadd,CO-ADD:0164995,censoring_interval_straddles_threshold
coadd,CO-ADD:0164999,censoring_interval_straddles_threshold
coadd,CO-ADD:0164602,censoring_interval_straddles_threshold
coadd,CO-ADD:0164391,censoring_interval_straddles_threshold
coadd,CO-ADD:0164399,censoring_interval_straddles_threshold
coadd,CO-ADD:0164406,censoring_interval_straddles_threshold
coadd,CO-ADD:0164429,censoring_interval_straddles_threshold
coadd,CO-ADD:0164431,censoring_interval_straddles_threshold
coadd,CO-ADD:0164434,censoring_interval_straddles_threshold
coadd,CO-ADD:0164472,censoring_interval_straddles_threshold
coadd,CO-ADD:0164475,censoring_interval_straddles_threshold
coadd,CO-ADD:0237354,censoring_interval_straddles_threshold
coadd,CO-ADD:0137577,discordant_antibacterial_hit_labels
coadd,CO-ADD:0137603,discordant_antibacterial_hit_labels
coadd,CO-ADD:0137608,discordant_antibacterial_hit_labels
coadd,CO-ADD:0136580,censoring_interval_straddles_threshold
coadd,CO-ADD:0164386,censoring_interval_straddles_threshold
coadd,CO-ADD:0164427,censoring_interval_straddles_threshold
coadd,CO-ADD:0164463,censoring_interval_straddles_threshold
coadd,CO-ADD:0164577,censoring_interval_straddles_threshold
coadd,CO-ADD:0164640,censoring_interval_straddles_threshold
coadd,CO-ADD:0164785,censoring_interval_straddles_threshold
coadd,CO-ADD:0164993,censoring_interval_straddles_threshold
coadd,CO-ADD:0237159,censoring_interval_straddles_threshold
coadd,CO-ADD:0237248,censoring_interval_straddles_threshold
coadd,CO-ADD:0164891,censoring_interval_straddles_threshold
coadd,CO-ADD:0237360,censoring_interval_straddles_threshold
coadd,CO-ADD:0164474,censoring_interval_straddles_threshold
coadd,CO-ADD:0164454,censoring_interval_straddles_threshold
coadd,CO-ADD:0164650,censoring_interval_straddles_threshold
coadd,CO-ADD:0165034,censoring_interval_straddles_threshold
coadd,CO-ADD:0237361,censoring_interval_straddles_threshold
coadd,CO-ADD:0164430,censoring_interval_straddles_threshold
coadd,CO-ADD:0164501,censoring_interval_straddles_threshold
drug_repurposing_hub,BRD-K39467894|BRD-K39467894-001-05-9::2.5::HTS;BRD-K39467894|BRD-K39467894-001-06-7::2.5::HTS,discordant_observed_toxicity_labels
drug_repurposing_hub,BRD-K11196887|BRD-K11196887-001-21-2::2.5::HTS;BRD-K11196887|BRD-K11196887-001-22-0::2.49::HTS,discordant_observed_toxicity_labels
drug_repurposing_hub,BRD-K61717546|BRD-K61717546-001-04-3::2.5::HTS;BRD-K61717546|BRD-K61717546-001-05-0::2.47::HTS,discordant_observed_toxicity_labels
drug_repurposing_hub,BRD-K32830106|BRD-K32830106-001-02-6::2.5::HTS;BRD-K32830106|BRD-K32830106-003-20-4::2.5::HTS,discordant_observed_toxicity_labels
drug_repurposing_hub,BRD-A12077521|BRD-A12077521-003-01-5::2.5::HTS,paired_assays_do_not_have_identical_isomeric_structures
drug_repurposing_hub,BRD-K01826533|BRD-A18763547-300-05-5::2.5::HTS,paired_assays_do_not_have_identical_isomeric_structures
drug_repurposing_hub,BRD-K00003661|BRD-A20839672-003-01-5::2.5::HTS,paired_assays_do_not_have_identical_isomeric_structures
drug_repurposing_hub,BRD-K01507359|BRD-A23603052-001-03-2::2.5::HTS,paired_assays_do_not_have_identical_isomeric_structures
drug_repurposing_hub,BRD-K09471561|BRD-A24228527-213-01-9::2.5::HTS,paired_assays_do_not_have_identical_isomeric_structures
drug_repurposing_hub,BRD-K09471561|BRD-A24228527-213-01-9::2.5::HTS,paired_assays_do_not_have_identical_isomeric_structures
drug_repurposing_hub,BRD-A24397426|BRD-A24397426-001-10-4::2.5::HTS,paired_assays_do_not_have_identical_isomeric_structures
drug_repurposing_hub,BRD-K00003353|BRD-A25492003-003-14-1::2.568211596::MTS004,paired_assays_do_not_have_identical_isomeric_structures
drug_repurposing_hub,BRD-K11298197|BRD-A30886737-001-02-9::2.5::HTS,paired_assays_do_not_have_identical_isomeric_structures
drug_repurposing_hub,BRD-K00003352|BRD-A34788695-003-10-2::2.375699424::MTS004,paired_assays_do_not_have_identical_isomeric_structures
drug_repurposing_hub,BRD-A40787240|BRD-A40787240-066-04-6::2.5::HTS,paired_assays_do_not_have_identical_isomeric_structures
drug_repurposing_hub,BRD-K01825158|BRD-A41450521-075-10-8::2.5::HTS,paired_assays_do_not_have_identical_isomeric_structures
drug_repurposing_hub,BRD-A47790386|BRD-A47790386-001-03-6::2.61::HTS,paired_assays_do_not_have_identical_isomeric_structures
drug_repurposing_hub,BRD-K59670716|BRD-A48237631-001-04-8::2.5::HTS,paired_assays_do_not_have_identical_isomeric_structures
drug_repurposing_hub,BRD-K00003351|BRD-A49035384-003-28-9::2.39::HTS,paired_assays_do_not_have_identical_isomeric_structures
drug_repurposing_hub,BRD-K00003351|BRD-A49035384-003-30-5::2.5::HTS,paired_assays_do_not_have_identical_isomeric_structures
drug_repurposing_hub,BRD-A49622760|BRD-A49622760-001-01-9::2.5::HTS,paired_assays_do_not_have_identical_isomeric_structures
drug_repurposing_hub,BRD-A61633223|BRD-A61633223-001-02-8::2.678394161::MTS004,paired_assays_do_not_have_identical_isomeric_structures
drug_repurposing_hub,BRD-K01824979|BRD-A67514145-003-05-8::2.5::HTS,paired_assays_do_not_have_identical_isomeric_structures
drug_repurposing_hub,BRD-K00003346|BRD-A69651145-003-07-2::2.5::HTS,paired_assays_do_not_have_identical_isomeric_structures
drug_repurposing_hub,BRD-A69777949|BRD-A69777949-001-24-2::2.5::HTS,paired_assays_do_not_have_identical_isomeric_structures
drug_repurposing_hub,BRD-A71407503|BRD-A71407503-001-01-8::2.5::HTS,paired_assays_do_not_have_identical_isomeric_structures
drug_repurposing_hub,BRD-K01825698|BRD-A74980173-001-11-9::2.5::HTS,paired_assays_do_not_have_identical_isomeric_structures
drug_repurposing_hub,BRD-K01825701|BRD-A75850590-213-01-0::2.5::HTS,paired_assays_do_not_have_identical_isomeric_structures
drug_repurposing_hub,BRD-A92341659|BRD-A92341659-001-04-0::2.499993321::MTS004,paired_assays_do_not_have_identical_isomeric_structures
drug_repurposing_hub,BRD-K01825499|BRD-A93964801-003-03-3::2.5::HTS,paired_assays_do_not_have_identical_isomeric_structures
drug_repurposing_hub,BRD-K82240271|BRD-A94008949-001-01-9::2.5::HTS,paired_assays_do_not_have_identical_isomeric_structures
drug_repurposing_hub,BRD-K01507359|BRD-K01507359-001-22-9::2.5::HTS,paired_assays_do_not_have_identical_isomeric_structures
drug_repurposing_hub,BRD-K28224173|BRD-K06900071-001-01-2::2.5::HTS,paired_assays_do_not_have_identical_isomeric_structures
drug_repurposing_hub,BRD-K11756522|BRD-K11756522-001-09-9::2.5::HTS,paired_assays_do_not_have_identical_isomeric_structures
drug_repurposing_hub,BRD-K15025317|BRD-K15025317-001-15-1::2.5::HTS,paired_assays_do_not_have_identical_isomeric_structures
drug_repurposing_hub,BRD-K15766189|BRD-K15766189-001-09-8::2.5::HTS,paired_assays_do_not_have_identical_isomeric_structures
drug_repurposing_hub,BRD-K22662557|BRD-K22662557-300-01-7::2.5::HTS,paired_assays_do_not_have_identical_isomeric_structures
drug_repurposing_hub,BRD-K34234316|BRD-K23403298-003-01-9::2.5::HTS,paired_assays_do_not_have_identical_isomeric_structures
drug_repurposing_hub,BRD-K27798832|BRD-K27798832-001-01-5::2.350625651::MTS004,paired_assays_do_not_have_identical_isomeric_structures
drug_repurposing_hub,BRD-K46970505|BRD-K46970505-003-01-9::2.5::HTS,paired_assays_do_not_have_identical_isomeric_structures
drug_repurposing_hub,BRD-K47832606|BRD-K47832606-001-30-1::2.5::HTS,paired_assays_do_not_have_identical_isomeric_structures
drug_repurposing_hub,BRD-K63550407|BRD-K49668410-001-18-8::2.5::HTS,paired_assays_do_not_have_identical_isomeric_structures
drug_repurposing_hub,BRD-K71026158|BRD-K71026158-304-01-0::2.397404387::MTS004,paired_assays_do_not_have_identical_isomeric_structures
drug_repurposing_hub,BRD-K71059170|BRD-K71059170-001-11-6::2.5::HTS,paired_assays_do_not_have_identical_isomeric_structures
drug_repurposing_hub,BRD-K72339976|BRD-K72339976-065-02-1::2.5::HTS,paired_assays_do_not_have_identical_isomeric_structures
drug_repurposing_hub,BRD-K72339976|BRD-K72339976-065-03-9::2.5::HTS,paired_assays_do_not_have_identical_isomeric_structures
drug_repurposing_hub,BRD-K72339976|BRD-K72339976-065-04-7::2.5::HTS,paired_assays_do_not_have_identical_isomeric_structures
drug_repurposing_hub,BRD-K76927775|BRD-K76927775-001-11-8::2.500019441::MTS004,paired_assays_do_not_have_identical_isomeric_structures
drug_repurposing_hub,BRD-K79092138|BRD-K79092138-001-11-0::2.5::HTS,paired_assays_do_not_have_identical_isomeric_structures
drug_repurposing_hub,BRD-K82960980|BRD-K82960980-003-01-9::2.5::HTS,paired_assays_do_not_have_identical_isomeric_structures
drug_repurposing_hub,BRD-K82960980|BRD-K82960980-003-02-7::2.36::HTS,paired_assays_do_not_have_identical_isomeric_structures
combined,ecbd_row_69444;BRD-K66615216|BRD-K66615216-003-14-8::2.5::HTS,discordant_observed_toxicity_labels
combined,ecbd_row_6310;BRD-K99792991|BRD-K99792991-001-34-9::2.5::HTS,discordant_observed_toxicity_labels
combined,ecbd_row_77002;BRD-K41731458|BRD-K41731458-001-15-1::2.5::HTS,discordant_observed_toxicity_labels
