source_id,organism,method,supplied_flag,recomputed_flag,agrees
ecbd_row_790,e_coli,Glaxo,1,1,True
ecbd_row_790,e_coli,Dundee,1,1,True
ecbd_row_790,e_coli,BMS,1,1,True
ecbd_row_790,e_coli,SureCHEMBL,1,1,True
ecbd_row_790,e_coli,MLSMR,1,1,True
ecbd_row_790,e_coli,Inpharmatica,1,1,True
ecbd_row_790,e_coli,LINT,1,1,True
ecbd_row_20384,e_coli,Glaxo,0,0,True
ecbd_row_20384,e_coli,Dundee,1,1,True
ecbd_row_20384,e_coli,BMS,0,0,True
ecbd_row_20384,e_coli,SureCHEMBL,1,1,True
ecbd_row_20384,e_coli,MLSMR,1,1,True
ecbd_row_20384,e_coli,Inpharmatica,0,0,True
ecbd_row_20384,e_coli,LINT,0,0,True
ecbd_row_21031,e_coli,Glaxo,0,0,True
ecbd_row_21031,e_coli,Dundee,0,0,True
ecbd_row_21031,e_coli,BMS,0,0,True
ecbd_row_21031,e_coli,SureCHEMBL,0,0,True
ecbd_row_21031,e_coli,MLSMR,0,0,True
ecbd_row_21031,e_coli,Inpharmatica,1,1,True
ecbd_row_21031,e_coli,LINT,0,0,True
ecbd_row_24083,e_coli,Glaxo,0,0,True
ecbd_row_24083,e_coli,Dundee,0,0,True
ecbd_row_24083,e_coli,BMS,0,0,True
ecbd_row_24083,e_coli,SureCHEMBL,0,0,True
ecbd_row_24083,e_coli,MLSMR,1,1,True
ecbd_row_24083,e_coli,Inpharmatica,0,0,True
ecbd_row_24083,e_coli,LINT,0,0,True
ecbd_row_25059,e_coli,Glaxo,0,0,True
ecbd_row_25059,e_coli,Dundee,0,0,True
ecbd_row_25059,e_coli,BMS,0,0,True
ecbd_row_25059,e_coli,SureCHEMBL,0,0,True
ecbd_row_25059,e_coli,MLSMR,1,1,True
ecbd_row_25059,e_coli,Inpharmatica,0,0,True
ecbd_row_25059,e_coli,LINT,0,0,True
ecbd_row_34668,e_coli,Glaxo,0,0,True
ecbd_row_34668,e_coli,Dundee,0,0,True
ecbd_row_34668,e_coli,BMS,0,0,True
ecbd_row_34668,e_coli,SureCHEMBL,0,0,True
ecbd_row_34668,e_coli,MLSMR,0,0,True
ecbd_row_34668,e_coli,Inpharmatica,0,0,True
ecbd_row_34668,e_coli,LINT,0,0,True
ecbd_row_35940,e_coli,Glaxo,0,0,True
ecbd_row_35940,e_coli,Dundee,0,0,True
ecbd_row_35940,e_coli,BMS,0,0,True
ecbd_row_35940,e_coli,SureCHEMBL,0,0,True
ecbd_row_35940,e_coli,MLSMR,0,0,True
ecbd_row_35940,e_coli,Inpharmatica,0,0,True
ecbd_row_35940,e_coli,LINT,0,0,True
ecbd_row_2291,e_coli,Glaxo,1,1,True
ecbd_row_2291,e_coli,Dundee,1,1,True
ecbd_row_2291,e_coli,BMS,1,1,True
ecbd_row_2291,e_coli,SureCHEMBL,0,0,True
ecbd_row_2291,e_coli,MLSMR,1,1,True
ecbd_row_2291,e_coli,Inpharmatica,1,1,True
ecbd_row_2291,e_coli,LINT,1,1,True
ecbd_row_2299,e_coli,Glaxo,1,1,True
ecbd_row_2299,e_coli,Dundee,1,1,True
ecbd_row_2299,e_coli,BMS,0,0,True
ecbd_row_2299,e_coli,SureCHEMBL,0,0,True
ecbd_row_2299,e_coli,MLSMR,1,1,True
ecbd_row_2299,e_coli,Inpharmatica,0,0,True
ecbd_row_2299,e_coli,LINT,1,1,True
ecbd_row_77500,e_coli,Glaxo,1,1,True
ecbd_row_77500,e_coli,Dundee,1,1,True
ecbd_row_77500,e_coli,BMS,1,1,True
ecbd_row_77500,e_coli,SureCHEMBL,0,0,True
ecbd_row_77500,e_coli,MLSMR,1,1,True
ecbd_row_77500,e_coli,Inpharmatica,1,1,True
ecbd_row_77500,e_coli,LINT,0,0,True
ecbd_row_77638,e_coli,Glaxo,0,0,True
ecbd_row_77638,e_coli,Dundee,0,0,True
ecbd_row_77638,e_coli,BMS,0,0,True
ecbd_row_77638,e_coli,SureCHEMBL,0,0,True
ecbd_row_77638,e_coli,MLSMR,1,1,True
ecbd_row_77638,e_coli,Inpharmatica,0,0,True
ecbd_row_77638,e_coli,LINT,0,0,True
ecbd_row_80330,e_coli,Glaxo,0,0,True
ecbd_row_80330,e_coli,Dundee,0,0,True
ecbd_row_80330,e_coli,BMS,0,0,True
ecbd_row_80330,e_coli,SureCHEMBL,0,0,True
ecbd_row_80330,e_coli,MLSMR,1,1,True
ecbd_row_80330,e_coli,Inpharmatica,0,0,True
ecbd_row_80330,e_coli,LINT,0,0,True
ecbd_row_80334,e_coli,Glaxo,0,0,True
ecbd_row_80334,e_coli,Dundee,0,0,True
ecbd_row_80334,e_coli,BMS,0,0,True
ecbd_row_80334,e_coli,SureCHEMBL,0,0,True
ecbd_row_80334,e_coli,MLSMR,1,1,True
ecbd_row_80334,e_coli,Inpharmatica,0,0,True
ecbd_row_80334,e_coli,LINT,0,0,True
ecbd_row_17304,e_coli,Glaxo,0,0,True
ecbd_row_17304,e_coli,Dundee,0,0,True
ecbd_row_17304,e_coli,BMS,0,0,True
ecbd_row_17304,e_coli,SureCHEMBL,0,0,True
ecbd_row_17304,e_coli,MLSMR,0,0,True
ecbd_row_17304,e_coli,Inpharmatica,1,1,True
ecbd_row_17304,e_coli,LINT,0,0,True
ecbd_row_17311,e_coli,Glaxo,0,0,True
ecbd_row_17311,e_coli,Dundee,0,0,True
ecbd_row_17311,e_coli,BMS,0,0,True
ecbd_row_17311,e_coli,SureCHEMBL,0,0,True
ecbd_row_17311,e_coli,MLSMR,0,0,True
ecbd_row_17311,e_coli,Inpharmatica,1,1,True
ecbd_row_17311,e_coli,LINT,0,0,True
ecbd_row_17312,e_coli,Glaxo,0,0,True
ecbd_row_17312,e_coli,Dundee,0,0,True
ecbd_row_17312,e_coli,BMS,0,0,True
ecbd_row_17312,e_coli,SureCHEMBL,0,0,True
ecbd_row_17312,e_coli,MLSMR,0,0,True
ecbd_row_17312,e_coli,Inpharmatica,1,1,True
ecbd_row_17312,e_coli,LINT,0,0,True
ecbd_row_19883,e_coli,Glaxo,0,0,True
ecbd_row_19883,e_coli,Dundee,1,1,True
ecbd_row_19883,e_coli,BMS,0,0,True
ecbd_row_19883,e_coli,SureCHEMBL,0,0,True
ecbd_row_19883,e_coli,MLSMR,1,1,True
ecbd_row_19883,e_coli,Inpharmatica,0,0,True
ecbd_row_19883,e_coli,LINT,0,0,True
ecbd_row_28183,e_coli,Glaxo,0,0,True
ecbd_row_28183,e_coli,Dundee,1,1,True
ecbd_row_28183,e_coli,BMS,0,0,True
ecbd_row_28183,e_coli,SureCHEMBL,0,0,True
ecbd_row_28183,e_coli,MLSMR,1,1,True
ecbd_row_28183,e_coli,Inpharmatica,1,1,True
ecbd_row_28183,e_coli,LINT,0,0,True
ecbd_row_29177,e_coli,Glaxo,0,0,True
ecbd_row_29177,e_coli,Dundee,0,0,True
ecbd_row_29177,e_coli,BMS,0,0,True
ecbd_row_29177,e_coli,SureCHEMBL,0,0,True
ecbd_row_29177,e_coli,MLSMR,1,1,True
ecbd_row_29177,e_coli,Inpharmatica,0,0,True
ecbd_row_29177,e_coli,LINT,0,0,True
ecbd_row_1809,e_coli,Glaxo,1,1,True
ecbd_row_1809,e_coli,Dundee,1,1,True
ecbd_row_1809,e_coli,BMS,1,1,True
ecbd_row_1809,e_coli,SureCHEMBL,1,1,True
ecbd_row_1809,e_coli,MLSMR,1,1,True
ecbd_row_1809,e_coli,Inpharmatica,1,1,True
ecbd_row_1809,e_coli,LINT,1,1,True
ecbd_row_1812,e_coli,Glaxo,0,0,True
ecbd_row_1812,e_coli,Dundee,1,1,True
ecbd_row_1812,e_coli,BMS,0,0,True
ecbd_row_1812,e_coli,SureCHEMBL,1,1,True
ecbd_row_1812,e_coli,MLSMR,1,1,True
ecbd_row_1812,e_coli,Inpharmatica,1,1,True
ecbd_row_1812,e_coli,LINT,1,1,True
ecbd_row_5528,e_coli,Glaxo,1,1,True
ecbd_row_5528,e_coli,Dundee,1,1,True
ecbd_row_5528,e_coli,BMS,1,1,True
ecbd_row_5528,e_coli,SureCHEMBL,0,0,True
ecbd_row_5528,e_coli,MLSMR,1,1,True
ecbd_row_5528,e_coli,Inpharmatica,1,1,True
ecbd_row_5528,e_coli,LINT,1,1,True
ecbd_row_5532,e_coli,Glaxo,0,0,True
ecbd_row_5532,e_coli,Dundee,1,1,True
ecbd_row_5532,e_coli,BMS,0,0,True
ecbd_row_5532,e_coli,SureCHEMBL,0,0,True
ecbd_row_5532,e_coli,MLSMR,1,1,True
ecbd_row_5532,e_coli,Inpharmatica,1,1,True
ecbd_row_5532,e_coli,LINT,1,1,True
ecbd_row_69443,e_coli,Glaxo,0,0,True
ecbd_row_69443,e_coli,Dundee,0,0,True
ecbd_row_69443,e_coli,BMS,0,0,True
ecbd_row_69443,e_coli,SureCHEMBL,0,0,True
ecbd_row_69443,e_coli,MLSMR,0,0,True
ecbd_row_69443,e_coli,Inpharmatica,1,1,True
ecbd_row_69443,e_coli,LINT,0,0,True
ecbd_row_5671,e_coli,Glaxo,0,0,True
ecbd_row_5671,e_coli,Dundee,0,0,True
ecbd_row_5671,e_coli,BMS,0,0,True
ecbd_row_5671,e_coli,SureCHEMBL,0,0,True
ecbd_row_5671,e_coli,MLSMR,0,0,True
ecbd_row_5671,e_coli,Inpharmatica,0,0,True
ecbd_row_5671,e_coli,LINT,1,1,True
ecbd_row_5672,e_coli,Glaxo,0,0,True
ecbd_row_5672,e_coli,Dundee,0,0,True
ecbd_row_5672,e_coli,BMS,0,0,True
ecbd_row_5672,e_coli,SureCHEMBL,0,0,True
ecbd_row_5672,e_coli,MLSMR,0,0,True
ecbd_row_5672,e_coli,Inpharmatica,0,0,True
ecbd_row_5672,e_coli,LINT,1,1,True
ecbd_row_5694,e_coli,Glaxo,0,0,True
ecbd_row_5694,e_coli,Dundee,0,0,True
ecbd_row_5694,e_coli,BMS,0,0,True
ecbd_row_5694,e_coli,SureCHEMBL,0,0,True
ecbd_row_5694,e_coli,MLSMR,0,0,True
ecbd_row_5694,e_coli,Inpharmatica,0,0,True
ecbd_row_5694,e_coli,LINT,1,1,True
ecbd_row_83563,e_coli,Glaxo,0,0,True
ecbd_row_83563,e_coli,Dundee,0,0,True
ecbd_row_83563,e_coli,BMS,0,0,True
ecbd_row_83563,e_coli,SureCHEMBL,0,0,True
ecbd_row_83563,e_coli,MLSMR,0,0,True
ecbd_row_83563,e_coli,Inpharmatica,0,0,True
ecbd_row_83563,e_coli,LINT,0,0,True
ecbd_row_6919,e_coli,Glaxo,0,0,True
ecbd_row_6919,e_coli,Dundee,0,0,True
ecbd_row_6919,e_coli,BMS,0,0,True
ecbd_row_6919,e_coli,SureCHEMBL,0,0,True
ecbd_row_6919,e_coli,MLSMR,0,0,True
ecbd_row_6919,e_coli,Inpharmatica,0,0,True
ecbd_row_6919,e_coli,LINT,1,1,True
ecbd_row_88639,e_coli,Glaxo,0,0,True
ecbd_row_88639,e_coli,Dundee,0,0,True
ecbd_row_88639,e_coli,BMS,0,0,True
ecbd_row_88639,e_coli,SureCHEMBL,0,0,True
ecbd_row_88639,e_coli,MLSMR,0,0,True
ecbd_row_88639,e_coli,Inpharmatica,0,0,True
ecbd_row_88639,e_coli,LINT,0,0,True
ecbd_row_88943,e_coli,Glaxo,0,0,True
ecbd_row_88943,e_coli,Dundee,0,0,True
ecbd_row_88943,e_coli,BMS,0,0,True
ecbd_row_88943,e_coli,SureCHEMBL,0,0,True
ecbd_row_88943,e_coli,MLSMR,1,1,True
ecbd_row_88943,e_coli,Inpharmatica,0,0,True
ecbd_row_88943,e_coli,LINT,0,0,True
ecbd_row_10208,e_coli,Glaxo,0,0,True
ecbd_row_10208,e_coli,Dundee,0,0,True
ecbd_row_10208,e_coli,BMS,0,0,True
ecbd_row_10208,e_coli,SureCHEMBL,0,0,True
ecbd_row_10208,e_coli,MLSMR,0,0,True
ecbd_row_10208,e_coli,Inpharmatica,0,0,True
ecbd_row_10208,e_coli,LINT,0,0,True
ecbd_row_11039,e_coli,Glaxo,0,0,True
ecbd_row_11039,e_coli,Dundee,0,0,True
ecbd_row_11039,e_coli,BMS,0,0,True
ecbd_row_11039,e_coli,SureCHEMBL,0,0,True
ecbd_row_11039,e_coli,MLSMR,0,0,True
ecbd_row_11039,e_coli,Inpharmatica,0,0,True
ecbd_row_11039,e_coli,LINT,0,0,True
ecbd_row_38229,e_coli,Glaxo,1,1,True
ecbd_row_38229,e_coli,Dundee,0,0,True
ecbd_row_38229,e_coli,BMS,1,1,True
ecbd_row_38229,e_coli,SureCHEMBL,0,0,True
ecbd_row_38229,e_coli,MLSMR,1,1,True
ecbd_row_38229,e_coli,Inpharmatica,1,1,True
ecbd_row_38229,e_coli,LINT,0,0,True
ecbd_row_2680,e_coli,Glaxo,1,1,True
ecbd_row_2680,e_coli,Dundee,1,1,True
ecbd_row_2680,e_coli,BMS,1,1,True
ecbd_row_2680,e_coli,SureCHEMBL,1,1,True
ecbd_row_2680,e_coli,MLSMR,1,1,True
ecbd_row_2680,e_coli,Inpharmatica,1,1,True
ecbd_row_2680,e_coli,LINT,1,1,True
ecbd_row_2821,e_coli,Glaxo,0,0,True
ecbd_row_2821,e_coli,Dundee,1,1,True
ecbd_row_2821,e_coli,BMS,0,0,True
ecbd_row_2821,e_coli,SureCHEMBL,0,0,True
ecbd_row_2821,e_coli,MLSMR,1,1,True
ecbd_row_2821,e_coli,Inpharmatica,1,1,True
ecbd_row_2821,e_coli,LINT,1,1,True
ecbd_row_41762,e_coli,Glaxo,0,0,True
ecbd_row_41762,e_coli,Dundee,0,0,True
ecbd_row_41762,e_coli,BMS,0,0,True
ecbd_row_41762,e_coli,SureCHEMBL,0,0,True
ecbd_row_41762,e_coli,MLSMR,0,0,True
ecbd_row_41762,e_coli,Inpharmatica,0,0,True
ecbd_row_41762,e_coli,LINT,0,0,True
ecbd_row_4973,e_coli,Glaxo,0,0,True
ecbd_row_4973,e_coli,Dundee,0,0,True
ecbd_row_4973,e_coli,BMS,0,0,True
ecbd_row_4973,e_coli,SureCHEMBL,0,0,True
ecbd_row_4973,e_coli,MLSMR,0,0,True
ecbd_row_4973,e_coli,Inpharmatica,0,0,True
ecbd_row_4973,e_coli,LINT,1,1,True
ecbd_row_65911,e_coli,Glaxo,0,0,True
ecbd_row_65911,e_coli,Dundee,0,0,True
ecbd_row_65911,e_coli,BMS,0,0,True
ecbd_row_65911,e_coli,SureCHEMBL,0,0,True
ecbd_row_65911,e_coli,MLSMR,0,0,True
ecbd_row_65911,e_coli,Inpharmatica,0,0,True
ecbd_row_65911,e_coli,LINT,0,0,True
ecbd_row_7586,e_coli,Glaxo,0,0,True
ecbd_row_7586,e_coli,Dundee,1,1,True
ecbd_row_7586,e_coli,BMS,1,1,True
ecbd_row_7586,e_coli,SureCHEMBL,0,0,True
ecbd_row_7586,e_coli,MLSMR,1,1,True
ecbd_row_7586,e_coli,Inpharmatica,1,1,True
ecbd_row_7586,e_coli,LINT,1,1,True
ecbd_row_7861,e_coli,Glaxo,0,0,True
ecbd_row_7861,e_coli,Dundee,1,1,True
ecbd_row_7861,e_coli,BMS,1,1,True
ecbd_row_7861,e_coli,SureCHEMBL,0,0,True
ecbd_row_7861,e_coli,MLSMR,1,1,True
ecbd_row_7861,e_coli,Inpharmatica,1,1,True
ecbd_row_7861,e_coli,LINT,1,1,True
ecbd_row_90370,e_coli,Glaxo,0,0,True
ecbd_row_90370,e_coli,Dundee,0,0,True
ecbd_row_90370,e_coli,BMS,0,0,True
ecbd_row_90370,e_coli,SureCHEMBL,0,0,True
ecbd_row_90370,e_coli,MLSMR,0,0,True
ecbd_row_90370,e_coli,Inpharmatica,1,1,True
ecbd_row_90370,e_coli,LINT,0,0,True
ecbd_row_92367,e_coli,Glaxo,1,1,True
ecbd_row_92367,e_coli,Dundee,0,0,True
ecbd_row_92367,e_coli,BMS,1,1,True
ecbd_row_92367,e_coli,SureCHEMBL,0,0,True
ecbd_row_92367,e_coli,MLSMR,1,1,True
ecbd_row_92367,e_coli,Inpharmatica,1,1,True
ecbd_row_92367,e_coli,LINT,0,0,True
ecbd_row_7370,e_coli,Glaxo,0,0,True
ecbd_row_7370,e_coli,Dundee,1,1,True
ecbd_row_7370,e_coli,BMS,0,0,True
ecbd_row_7370,e_coli,SureCHEMBL,1,1,True
ecbd_row_7370,e_coli,MLSMR,1,1,True
ecbd_row_7370,e_coli,Inpharmatica,0,0,True
ecbd_row_7370,e_coli,LINT,1,1,True
ecbd_row_94222,e_coli,Glaxo,0,0,True
ecbd_row_94222,e_coli,Dundee,1,1,True
ecbd_row_94222,e_coli,BMS,0,0,True
ecbd_row_94222,e_coli,SureCHEMBL,0,0,True
ecbd_row_94222,e_coli,MLSMR,1,1,True
ecbd_row_94222,e_coli,Inpharmatica,0,0,True
ecbd_row_94222,e_coli,LINT,0,0,True
ecbd_row_56731,e_coli,Glaxo,1,1,True
ecbd_row_56731,e_coli,Dundee,0,0,True
ecbd_row_56731,e_coli,BMS,1,1,True
ecbd_row_56731,e_coli,SureCHEMBL,0,0,True
ecbd_row_56731,e_coli,MLSMR,1,1,True
ecbd_row_56731,e_coli,Inpharmatica,1,1,True
ecbd_row_56731,e_coli,LINT,0,0,True
ecbd_row_4186,e_coli,Glaxo,0,0,True
ecbd_row_4186,e_coli,Dundee,1,1,True
ecbd_row_4186,e_coli,BMS,0,0,True
ecbd_row_4186,e_coli,SureCHEMBL,1,1,True
ecbd_row_4186,e_coli,MLSMR,1,1,True
ecbd_row_4186,e_coli,Inpharmatica,0,0,True
ecbd_row_4186,e_coli,LINT,1,1,True
ecbd_row_58591,e_coli,Glaxo,0,0,True
ecbd_row_58591,e_coli,Dundee,0,0,True
ecbd_row_58591,e_coli,BMS,0,0,True
ecbd_row_58591,e_coli,SureCHEMBL,0,0,True
ecbd_row_58591,e_coli,MLSMR,0,0,True
ecbd_row_58591,e_coli,Inpharmatica,1,1,True
ecbd_row_58591,e_coli,LINT,0,0,True
ecbd_row_72399,e_coli,Glaxo,0,0,True
ecbd_row_72399,e_coli,Dundee,0,0,True
ecbd_row_72399,e_coli,BMS,0,0,True
ecbd_row_72399,e_coli,SureCHEMBL,0,0,True
ecbd_row_72399,e_coli,MLSMR,0,0,True
ecbd_row_72399,e_coli,Inpharmatica,1,1,True
ecbd_row_72399,e_coli,LINT,0,0,True
ecbd_row_72406,e_coli,Glaxo,0,0,True
ecbd_row_72406,e_coli,Dundee,1,1,True
ecbd_row_72406,e_coli,BMS,0,0,True
ecbd_row_72406,e_coli,SureCHEMBL,1,1,True
ecbd_row_72406,e_coli,MLSMR,1,1,True
ecbd_row_72406,e_coli,Inpharmatica,0,0,True
ecbd_row_72406,e_coli,LINT,0,0,True
ecbd_row_73705,e_coli,Glaxo,0,0,True
ecbd_row_73705,e_coli,Dundee,1,1,True
ecbd_row_73705,e_coli,BMS,0,0,True
ecbd_row_73705,e_coli,SureCHEMBL,0,0,True
ecbd_row_73705,e_coli,MLSMR,1,1,True
ecbd_row_73705,e_coli,Inpharmatica,0,0,True
ecbd_row_73705,e_coli,LINT,0,0,True
ecbd_row_74624,e_coli,Glaxo,0,0,True
ecbd_row_74624,e_coli,Dundee,0,0,True
ecbd_row_74624,e_coli,BMS,0,0,True
ecbd_row_74624,e_coli,SureCHEMBL,0,0,True
ecbd_row_74624,e_coli,MLSMR,0,0,True
ecbd_row_74624,e_coli,Inpharmatica,0,0,True
ecbd_row_74624,e_coli,LINT,0,0,True
ecbd_row_6165,e_coli,Glaxo,0,0,True
ecbd_row_6165,e_coli,Dundee,1,1,True
ecbd_row_6165,e_coli,BMS,0,0,True
ecbd_row_6165,e_coli,SureCHEMBL,0,0,True
ecbd_row_6165,e_coli,MLSMR,1,1,True
ecbd_row_6165,e_coli,Inpharmatica,0,0,True
ecbd_row_6165,e_coli,LINT,1,1,True
ecbd_row_6168,e_coli,Glaxo,0,0,True
ecbd_row_6168,e_coli,Dundee,1,1,True
ecbd_row_6168,e_coli,BMS,0,0,True
ecbd_row_6168,e_coli,SureCHEMBL,1,1,True
ecbd_row_6168,e_coli,MLSMR,1,1,True
ecbd_row_6168,e_coli,Inpharmatica,0,0,True
ecbd_row_6168,e_coli,LINT,1,1,True
ecbd_row_76375,e_coli,Glaxo,0,0,True
ecbd_row_76375,e_coli,Dundee,0,0,True
ecbd_row_76375,e_coli,BMS,0,0,True
ecbd_row_76375,e_coli,SureCHEMBL,0,0,True
ecbd_row_76375,e_coli,MLSMR,0,0,True
ecbd_row_76375,e_coli,Inpharmatica,0,0,True
ecbd_row_76375,e_coli,LINT,0,0,True
ecbd_row_76996,e_coli,Glaxo,0,0,True
ecbd_row_76996,e_coli,Dundee,0,0,True
ecbd_row_76996,e_coli,BMS,0,0,True
ecbd_row_76996,e_coli,SureCHEMBL,0,0,True
ecbd_row_76996,e_coli,MLSMR,0,0,True
ecbd_row_76996,e_coli,Inpharmatica,0,0,True
ecbd_row_76996,e_coli,LINT,0,0,True
ecbd_row_6312,e_coli,Glaxo,0,0,True
ecbd_row_6312,e_coli,Dundee,1,1,True
ecbd_row_6312,e_coli,BMS,0,0,True
ecbd_row_6312,e_coli,SureCHEMBL,0,0,True
ecbd_row_6312,e_coli,MLSMR,1,1,True
ecbd_row_6312,e_coli,Inpharmatica,0,0,True
ecbd_row_6312,e_coli,LINT,1,1,True
ecbd_row_6335,e_coli,Glaxo,1,1,True
ecbd_row_6335,e_coli,Dundee,1,1,True
ecbd_row_6335,e_coli,BMS,1,1,True
ecbd_row_6335,e_coli,SureCHEMBL,0,0,True
ecbd_row_6335,e_coli,MLSMR,1,1,True
ecbd_row_6335,e_coli,Inpharmatica,1,1,True
ecbd_row_6335,e_coli,LINT,1,1,True
ecbd_row_6338,e_coli,Glaxo,1,1,True
ecbd_row_6338,e_coli,Dundee,1,1,True
ecbd_row_6338,e_coli,BMS,0,0,True
ecbd_row_6338,e_coli,SureCHEMBL,0,0,True
ecbd_row_6338,e_coli,MLSMR,1,1,True
ecbd_row_6338,e_coli,Inpharmatica,1,1,True
ecbd_row_6338,e_coli,LINT,1,1,True
ecbd_row_790,k_pneumoniae,Glaxo,1,1,True
ecbd_row_790,k_pneumoniae,Dundee,1,1,True
ecbd_row_790,k_pneumoniae,BMS,1,1,True
ecbd_row_790,k_pneumoniae,SureCHEMBL,1,1,True
ecbd_row_790,k_pneumoniae,MLSMR,1,1,True
ecbd_row_790,k_pneumoniae,Inpharmatica,1,1,True
ecbd_row_790,k_pneumoniae,LINT,1,1,True
ecbd_row_20384,k_pneumoniae,Glaxo,0,0,True
ecbd_row_20384,k_pneumoniae,Dundee,1,1,True
ecbd_row_20384,k_pneumoniae,BMS,0,0,True
ecbd_row_20384,k_pneumoniae,SureCHEMBL,1,1,True
ecbd_row_20384,k_pneumoniae,MLSMR,1,1,True
ecbd_row_20384,k_pneumoniae,Inpharmatica,0,0,True
ecbd_row_20384,k_pneumoniae,LINT,0,0,True
ecbd_row_815,k_pneumoniae,Glaxo,0,0,True
ecbd_row_815,k_pneumoniae,Dundee,1,1,True
ecbd_row_815,k_pneumoniae,BMS,0,0,True
ecbd_row_815,k_pneumoniae,SureCHEMBL,1,1,True
ecbd_row_815,k_pneumoniae,MLSMR,1,1,True
ecbd_row_815,k_pneumoniae,Inpharmatica,1,1,True
ecbd_row_815,k_pneumoniae,LINT,1,1,True
ecbd_row_21031,k_pneumoniae,Glaxo,0,0,True
ecbd_row_21031,k_pneumoniae,Dundee,0,0,True
ecbd_row_21031,k_pneumoniae,BMS,0,0,True
ecbd_row_21031,k_pneumoniae,SureCHEMBL,0,0,True
ecbd_row_21031,k_pneumoniae,MLSMR,0,0,True
ecbd_row_21031,k_pneumoniae,Inpharmatica,1,1,True
ecbd_row_21031,k_pneumoniae,LINT,0,0,True
ecbd_row_21032,k_pneumoniae,Glaxo,0,0,True
ecbd_row_21032,k_pneumoniae,Dundee,0,0,True
ecbd_row_21032,k_pneumoniae,BMS,0,0,True
ecbd_row_21032,k_pneumoniae,SureCHEMBL,0,0,True
ecbd_row_21032,k_pneumoniae,MLSMR,0,0,True
ecbd_row_21032,k_pneumoniae,Inpharmatica,1,1,True
ecbd_row_21032,k_pneumoniae,LINT,0,0,True
ecbd_row_1021,k_pneumoniae,Glaxo,1,1,True
ecbd_row_1021,k_pneumoniae,Dundee,0,0,True
ecbd_row_1021,k_pneumoniae,BMS,1,1,True
ecbd_row_1021,k_pneumoniae,SureCHEMBL,0,0,True
ecbd_row_1021,k_pneumoniae,MLSMR,1,1,True
ecbd_row_1021,k_pneumoniae,Inpharmatica,1,1,True
ecbd_row_1021,k_pneumoniae,LINT,1,1,True
ecbd_row_1025,k_pneumoniae,Glaxo,1,1,True
ecbd_row_1025,k_pneumoniae,Dundee,1,1,True
ecbd_row_1025,k_pneumoniae,BMS,0,0,True
ecbd_row_1025,k_pneumoniae,SureCHEMBL,0,0,True
ecbd_row_1025,k_pneumoniae,MLSMR,1,1,True
ecbd_row_1025,k_pneumoniae,Inpharmatica,0,0,True
ecbd_row_1025,k_pneumoniae,LINT,1,1,True
ecbd_row_24083,k_pneumoniae,Glaxo,0,0,True
ecbd_row_24083,k_pneumoniae,Dundee,0,0,True
ecbd_row_24083,k_pneumoniae,BMS,0,0,True
ecbd_row_24083,k_pneumoniae,SureCHEMBL,0,0,True
ecbd_row_24083,k_pneumoniae,MLSMR,1,1,True
ecbd_row_24083,k_pneumoniae,Inpharmatica,0,0,True
ecbd_row_24083,k_pneumoniae,LINT,0,0,True
ecbd_row_24806,k_pneumoniae,Glaxo,0,0,True
ecbd_row_24806,k_pneumoniae,Dundee,0,0,True
ecbd_row_24806,k_pneumoniae,BMS,0,0,True
ecbd_row_24806,k_pneumoniae,SureCHEMBL,0,0,True
ecbd_row_24806,k_pneumoniae,MLSMR,1,1,True
ecbd_row_24806,k_pneumoniae,Inpharmatica,0,0,True
ecbd_row_24806,k_pneumoniae,LINT,0,0,True
ecbd_row_34334,k_pneumoniae,Glaxo,0,0,True
ecbd_row_34334,k_pneumoniae,Dundee,1,1,True
ecbd_row_34334,k_pneumoniae,BMS,0,0,True
ecbd_row_34334,k_pneumoniae,SureCHEMBL,0,0,True
ecbd_row_34334,k_pneumoniae,MLSMR,1,1,True
ecbd_row_34334,k_pneumoniae,Inpharmatica,0,0,True
ecbd_row_34334,k_pneumoniae,LINT,0,0,True
ecbd_row_2299,k_pneumoniae,Glaxo,1,1,True
ecbd_row_2299,k_pneumoniae,Dundee,1,1,True
ecbd_row_2299,k_pneumoniae,BMS,0,0,True
ecbd_row_2299,k_pneumoniae,SureCHEMBL,0,0,True
ecbd_row_2299,k_pneumoniae,MLSMR,1,1,True
ecbd_row_2299,k_pneumoniae,Inpharmatica,0,0,True
ecbd_row_2299,k_pneumoniae,LINT,1,1,True
ecbd_row_37227,k_pneumoniae,Glaxo,0,0,True
ecbd_row_37227,k_pneumoniae,Dundee,1,1,True
ecbd_row_37227,k_pneumoniae,BMS,0,0,True
ecbd_row_37227,k_pneumoniae,SureCHEMBL,0,0,True
ecbd_row_37227,k_pneumoniae,MLSMR,1,1,True
ecbd_row_37227,k_pneumoniae,Inpharmatica,1,1,True
ecbd_row_37227,k_pneumoniae,LINT,0,0,True
ecbd_row_43640,k_pneumoniae,Glaxo,0,0,True
ecbd_row_43640,k_pneumoniae,Dundee,0,0,True
ecbd_row_43640,k_pneumoniae,BMS,0,0,True
ecbd_row_43640,k_pneumoniae,SureCHEMBL,0,0,True
ecbd_row_43640,k_pneumoniae,MLSMR,1,1,True
ecbd_row_43640,k_pneumoniae,Inpharmatica,1,1,True
ecbd_row_43640,k_pneumoniae,LINT,0,0,True
ecbd_row_43642,k_pneumoniae,Glaxo,0,0,True
ecbd_row_43642,k_pneumoniae,Dundee,0,0,True
ecbd_row_43642,k_pneumoniae,BMS,0,0,True
ecbd_row_43642,k_pneumoniae,SureCHEMBL,0,0,True
ecbd_row_43642,k_pneumoniae,MLSMR,1,1,True
ecbd_row_43642,k_pneumoniae,Inpharmatica,1,1,True
ecbd_row_43642,k_pneumoniae,LINT,0,0,True
ecbd_row_44865,k_pneumoniae,Glaxo,0,0,True
ecbd_row_44865,k_pneumoniae,Dundee,0,0,True
ecbd_row_44865,k_pneumoniae,BMS,0,0,True
ecbd_row_44865,k_pneumoniae,SureCHEMBL,0,0,True
ecbd_row_44865,k_pneumoniae,MLSMR,0,0,True
ecbd_row_44865,k_pneumoniae,Inpharmatica,0,0,True
ecbd_row_44865,k_pneumoniae,LINT,0,0,True
ecbd_row_45310,k_pneumoniae,Glaxo,1,1,True
ecbd_row_45310,k_pneumoniae,Dundee,1,1,True
ecbd_row_45310,k_pneumoniae,BMS,1,1,True
ecbd_row_45310,k_pneumoniae,SureCHEMBL,1,1,True
ecbd_row_45310,k_pneumoniae,MLSMR,1,1,True
ecbd_row_45310,k_pneumoniae,Inpharmatica,1,1,True
ecbd_row_45310,k_pneumoniae,LINT,0,0,True
ecbd_row_46898,k_pneumoniae,Glaxo,0,0,True
ecbd_row_46898,k_pneumoniae,Dundee,0,0,True
ecbd_row_46898,k_pneumoniae,BMS,0,0,True
ecbd_row_46898,k_pneumoniae,SureCHEMBL,0,0,True
ecbd_row_46898,k_pneumoniae,MLSMR,0,0,True
ecbd_row_46898,k_pneumoniae,Inpharmatica,0,0,True
ecbd_row_46898,k_pneumoniae,LINT,0,0,True
ecbd_row_47806,k_pneumoniae,Glaxo,0,0,True
ecbd_row_47806,k_pneumoniae,Dundee,0,0,True
ecbd_row_47806,k_pneumoniae,BMS,0,0,True
ecbd_row_47806,k_pneumoniae,SureCHEMBL,0,0,True
ecbd_row_47806,k_pneumoniae,MLSMR,0,0,True
ecbd_row_47806,k_pneumoniae,Inpharmatica,0,0,True
ecbd_row_47806,k_pneumoniae,LINT,0,0,True
ecbd_row_48522,k_pneumoniae,Glaxo,0,0,True
ecbd_row_48522,k_pneumoniae,Dundee,1,1,True
ecbd_row_48522,k_pneumoniae,BMS,0,0,True
ecbd_row_48522,k_pneumoniae,SureCHEMBL,0,0,True
ecbd_row_48522,k_pneumoniae,MLSMR,1,1,True
ecbd_row_48522,k_pneumoniae,Inpharmatica,1,1,True
ecbd_row_48522,k_pneumoniae,LINT,0,0,True
ecbd_row_77866,k_pneumoniae,Glaxo,0,0,True
ecbd_row_77866,k_pneumoniae,Dundee,0,0,True
ecbd_row_77866,k_pneumoniae,BMS,0,0,True
ecbd_row_77866,k_pneumoniae,SureCHEMBL,0,0,True
ecbd_row_77866,k_pneumoniae,MLSMR,0,0,True
ecbd_row_77866,k_pneumoniae,Inpharmatica,0,0,True
ecbd_row_77866,k_pneumoniae,LINT,0,0,True
ecbd_row_78548,k_pneumoniae,Glaxo,0,0,True
ecbd_row_78548,k_pneumoniae,Dundee,0,0,True
ecbd_row_78548,k_pneumoniae,BMS,0,0,True
ecbd_row_78548,k_pneumoniae,SureCHEMBL,0,0,True
ecbd_row_78548,k_pneumoniae,MLSMR,0,0,True
ecbd_row_78548,k_pneumoniae,Inpharmatica,0,0,True
ecbd_row_78548,k_pneumoniae,LINT,0,0,True
ecbd_row_6420,k_pneumoniae,Glaxo,0,0,True
ecbd_row_6420,k_pneumoniae,Dundee,1,1,True
ecbd_row_6420,k_pneumoniae,BMS,0,0,True
ecbd_row_6420,k_pneumoniae,SureCHEMBL,0,0,True
ecbd_row_6420,k_pneumoniae,MLSMR,1,1,True
ecbd_row_6420,k_pneumoniae,Inpharmatica,0,0,True
ecbd_row_6420,k_pneumoniae,LINT,1,1,True
ecbd_row_80802,k_pneumoniae,Glaxo,0,0,True
ecbd_row_80802,k_pneumoniae,Dundee,0,0,True
ecbd_row_80802,k_pneumoniae,BMS,0,0,True
ecbd_row_80802,k_pneumoniae,SureCHEMBL,0,0,True
ecbd_row_80802,k_pneumoniae,MLSMR,1,1,True
ecbd_row_80802,k_pneumoniae,Inpharmatica,0,0,True
ecbd_row_80802,k_pneumoniae,LINT,0,0,True
ecbd_row_81150,k_pneumoniae,Glaxo,0,0,True
ecbd_row_81150,k_pneumoniae,Dundee,0,0,True
ecbd_row_81150,k_pneumoniae,BMS,0,0,True
ecbd_row_81150,k_pneumoniae,SureCHEMBL,0,0,True
ecbd_row_81150,k_pneumoniae,MLSMR,0,0,True
ecbd_row_81150,k_pneumoniae,Inpharmatica,0,0,True
ecbd_row_81150,k_pneumoniae,LINT,0,0,True
ecbd_row_81921,k_pneumoniae,Glaxo,0,0,True
ecbd_row_81921,k_pneumoniae,Dundee,1,1,True
ecbd_row_81921,k_pneumoniae,BMS,0,0,True
ecbd_row_81921,k_pneumoniae,SureCHEMBL,0,0,True
ecbd_row_81921,k_pneumoniae,MLSMR,1,1,True
ecbd_row_81921,k_pneumoniae,Inpharmatica,0,0,True
ecbd_row_81921,k_pneumoniae,LINT,0,0,True
ecbd_row_83318,k_pneumoniae,Glaxo,0,0,True
ecbd_row_83318,k_pneumoniae,Dundee,0,0,True
ecbd_row_83318,k_pneumoniae,BMS,0,0,True
ecbd_row_83318,k_pneumoniae,SureCHEMBL,0,0,True
ecbd_row_83318,k_pneumoniae,MLSMR,1,1,True
ecbd_row_83318,k_pneumoniae,Inpharmatica,0,0,True
ecbd_row_83318,k_pneumoniae,LINT,0,0,True
ecbd_row_14529,k_pneumoniae,Glaxo,0,0,True
ecbd_row_14529,k_pneumoniae,Dundee,0,0,True
ecbd_row_14529,k_pneumoniae,BMS,0,0,True
ecbd_row_14529,k_pneumoniae,SureCHEMBL,0,0,True
ecbd_row_14529,k_pneumoniae,MLSMR,0,0,True
ecbd_row_14529,k_pneumoniae,Inpharmatica,0,0,True
ecbd_row_14529,k_pneumoniae,LINT,0,0,True
ecbd_row_17185,k_pneumoniae,Glaxo,0,0,True
ecbd_row_17185,k_pneumoniae,Dundee,0,0,True
ecbd_row_17185,k_pneumoniae,BMS,0,0,True
ecbd_row_17185,k_pneumoniae,SureCHEMBL,0,0,True
ecbd_row_17185,k_pneumoniae,MLSMR,0,0,True
ecbd_row_17185,k_pneumoniae,Inpharmatica,1,1,True
ecbd_row_17185,k_pneumoniae,LINT,0,0,True
ecbd_row_17250,k_pneumoniae,Glaxo,0,0,True
ecbd_row_17250,k_pneumoniae,Dundee,0,0,True
ecbd_row_17250,k_pneumoniae,BMS,0,0,True
ecbd_row_17250,k_pneumoniae,SureCHEMBL,0,0,True
ecbd_row_17250,k_pneumoniae,MLSMR,0,0,True
ecbd_row_17250,k_pneumoniae,Inpharmatica,1,1,True
ecbd_row_17250,k_pneumoniae,LINT,0,0,True
ecbd_row_17264,k_pneumoniae,Glaxo,0,0,True
ecbd_row_17264,k_pneumoniae,Dundee,0,0,True
ecbd_row_17264,k_pneumoniae,BMS,0,0,True
ecbd_row_17264,k_pneumoniae,SureCHEMBL,0,0,True
ecbd_row_17264,k_pneumoniae,MLSMR,0,0,True
ecbd_row_17264,k_pneumoniae,Inpharmatica,1,1,True
ecbd_row_17264,k_pneumoniae,LINT,0,0,True
ecbd_row_17304,k_pneumoniae,Glaxo,0,0,True
ecbd_row_17304,k_pneumoniae,Dundee,0,0,True
ecbd_row_17304,k_pneumoniae,BMS,0,0,True
ecbd_row_17304,k_pneumoniae,SureCHEMBL,0,0,True
ecbd_row_17304,k_pneumoniae,MLSMR,0,0,True
ecbd_row_17304,k_pneumoniae,Inpharmatica,1,1,True
ecbd_row_17304,k_pneumoniae,LINT,0,0,True
ecbd_row_17311,k_pneumoniae,Glaxo,0,0,True
ecbd_row_17311,k_pneumoniae,Dundee,0,0,True
ecbd_row_17311,k_pneumoniae,BMS,0,0,True
ecbd_row_17311,k_pneumoniae,SureCHEMBL,0,0,True
ecbd_row_17311,k_pneumoniae,MLSMR,0,0,True
ecbd_row_17311,k_pneumoniae,Inpharmatica,1,1,True
ecbd_row_17311,k_pneumoniae,LINT,0,0,True
ecbd_row_17312,k_pneumoniae,Glaxo,0,0,True
ecbd_row_17312,k_pneumoniae,Dundee,0,0,True
ecbd_row_17312,k_pneumoniae,BMS,0,0,True
ecbd_row_17312,k_pneumoniae,SureCHEMBL,0,0,True
ecbd_row_17312,k_pneumoniae,MLSMR,0,0,True
ecbd_row_17312,k_pneumoniae,Inpharmatica,1,1,True
ecbd_row_17312,k_pneumoniae,LINT,0,0,True
ecbd_row_549,k_pneumoniae,Glaxo,0,0,True
ecbd_row_549,k_pneumoniae,Dundee,0,0,True
ecbd_row_549,k_pneumoniae,BMS,0,0,True
ecbd_row_549,k_pneumoniae,SureCHEMBL,1,1,True
ecbd_row_549,k_pneumoniae,MLSMR,0,0,True
ecbd_row_549,k_pneumoniae,Inpharmatica,1,1,True
ecbd_row_549,k_pneumoniae,LINT,1,1,True
ecbd_row_18413,k_pneumoniae,Glaxo,0,0,True
ecbd_row_18413,k_pneumoniae,Dundee,0,0,True
ecbd_row_18413,k_pneumoniae,BMS,0,0,True
ecbd_row_18413,k_pneumoniae,SureCHEMBL,0,0,True
ecbd_row_18413,k_pneumoniae,MLSMR,0,0,True
ecbd_row_18413,k_pneumoniae,Inpharmatica,1,1,True
ecbd_row_18413,k_pneumoniae,LINT,0,0,True
ecbd_row_19883,k_pneumoniae,Glaxo,0,0,True
ecbd_row_19883,k_pneumoniae,Dundee,1,1,True
ecbd_row_19883,k_pneumoniae,BMS,0,0,True
ecbd_row_19883,k_pneumoniae,SureCHEMBL,0,0,True
ecbd_row_19883,k_pneumoniae,MLSMR,1,1,True
ecbd_row_19883,k_pneumoniae,Inpharmatica,0,0,True
ecbd_row_19883,k_pneumoniae,LINT,0,0,True
ecbd_row_1355,k_pneumoniae,Glaxo,1,1,True
ecbd_row_1355,k_pneumoniae,Dundee,1,1,True
ecbd_row_1355,k_pneumoniae,BMS,1,1,True
ecbd_row_1355,k_pneumoniae,SureCHEMBL,1,1,True
ecbd_row_1355,k_pneumoniae,MLSMR,1,1,True
ecbd_row_1355,k_pneumoniae,Inpharmatica,0,0,True
ecbd_row_1355,k_pneumoniae,LINT,1,1,True
ecbd_row_27606,k_pneumoniae,Glaxo,0,0,True
ecbd_row_27606,k_pneumoniae,Dundee,0,0,True
ecbd_row_27606,k_pneumoniae,BMS,0,0,True
ecbd_row_27606,k_pneumoniae,SureCHEMBL,0,0,True
ecbd_row_27606,k_pneumoniae,MLSMR,1,1,True
ecbd_row_27606,k_pneumoniae,Inpharmatica,1,1,True
ecbd_row_27606,k_pneumoniae,LINT,0,0,True
ecbd_row_30304,k_pneumoniae,Glaxo,0,0,True
ecbd_row_30304,k_pneumoniae,Dundee,0,0,True
ecbd_row_30304,k_pneumoniae,BMS,0,0,True
ecbd_row_30304,k_pneumoniae,SureCHEMBL,0,0,True
ecbd_row_30304,k_pneumoniae,MLSMR,1,1,True
ecbd_row_30304,k_pneumoniae,Inpharmatica,0,0,True
ecbd_row_30304,k_pneumoniae,LINT,0,0,True
ecbd_row_1809,k_pneumoniae,Glaxo,1,1,True
ecbd_row_1809,k_pneumoniae,Dundee,1,1,True
ecbd_row_1809,k_pneumoniae,BMS,1,1,True
ecbd_row_1809,k_pneumoniae,SureCHEMBL,1,1,True
ecbd_row_1809,k_pneumoniae,MLSMR,1,1,True
ecbd_row_1809,k_pneumoniae,Inpharmatica,1,1,True
ecbd_row_1809,k_pneumoniae,LINT,1,1,True
ecbd_row_1812,k_pneumoniae,Glaxo,0,0,True
ecbd_row_1812,k_pneumoniae,Dundee,1,1,True
ecbd_row_1812,k_pneumoniae,BMS,0,0,True
ecbd_row_1812,k_pneumoniae,SureCHEMBL,1,1,True
ecbd_row_1812,k_pneumoniae,MLSMR,1,1,True
ecbd_row_1812,k_pneumoniae,Inpharmatica,1,1,True
ecbd_row_1812,k_pneumoniae,LINT,1,1,True
ecbd_row_5527,k_pneumoniae,Glaxo,0,0,True
ecbd_row_5527,k_pneumoniae,Dundee,1,1,True
ecbd_row_5527,k_pneumoniae,BMS,0,0,True
ecbd_row_5527,k_pneumoniae,SureCHEMBL,0,0,True
ecbd_row_5527,k_pneumoniae,MLSMR,1,1,True
ecbd_row_5527,k_pneumoniae,Inpharmatica,1,1,True
ecbd_row_5527,k_pneumoniae,LINT,1,1,True
ecbd_row_5528,k_pneumoniae,Glaxo,1,1,True
ecbd_row_5528,k_pneumoniae,Dundee,1,1,True
ecbd_row_5528,k_pneumoniae,BMS,1,1,True
ecbd_row_5528,k_pneumoniae,SureCHEMBL,0,0,True
ecbd_row_5528,k_pneumoniae,MLSMR,1,1,True
ecbd_row_5528,k_pneumoniae,Inpharmatica,1,1,True
ecbd_row_5528,k_pneumoniae,LINT,1,1,True
ecbd_row_5532,k_pneumoniae,Glaxo,0,0,True
ecbd_row_5532,k_pneumoniae,Dundee,1,1,True
ecbd_row_5532,k_pneumoniae,BMS,0,0,True
ecbd_row_5532,k_pneumoniae,SureCHEMBL,0,0,True
ecbd_row_5532,k_pneumoniae,MLSMR,1,1,True
ecbd_row_5532,k_pneumoniae,Inpharmatica,1,1,True
ecbd_row_5532,k_pneumoniae,LINT,1,1,True
ecbd_row_69443,k_pneumoniae,Glaxo,0,0,True
ecbd_row_69443,k_pneumoniae,Dundee,0,0,True
ecbd_row_69443,k_pneumoniae,BMS,0,0,True
ecbd_row_69443,k_pneumoniae,SureCHEMBL,0,0,True
ecbd_row_69443,k_pneumoniae,MLSMR,0,0,True
ecbd_row_69443,k_pneumoniae,Inpharmatica,1,1,True
ecbd_row_69443,k_pneumoniae,LINT,0,0,True
ecbd_row_69444,k_pneumoniae,Glaxo,0,0,True
ecbd_row_69444,k_pneumoniae,Dundee,0,0,True
ecbd_row_69444,k_pneumoniae,BMS,0,0,True
ecbd_row_69444,k_pneumoniae,SureCHEMBL,0,0,True
ecbd_row_69444,k_pneumoniae,MLSMR,0,0,True
ecbd_row_69444,k_pneumoniae,Inpharmatica,1,1,True
ecbd_row_69444,k_pneumoniae,LINT,0,0,True
ecbd_row_5638,k_pneumoniae,Glaxo,0,0,True
ecbd_row_5638,k_pneumoniae,Dundee,1,1,True
ecbd_row_5638,k_pneumoniae,BMS,0,0,True
ecbd_row_5638,k_pneumoniae,SureCHEMBL,0,0,True
ecbd_row_5638,k_pneumoniae,MLSMR,1,1,True
ecbd_row_5638,k_pneumoniae,Inpharmatica,0,0,True
ecbd_row_5638,k_pneumoniae,LINT,1,1,True
ecbd_row_5671,k_pneumoniae,Glaxo,0,0,True
ecbd_row_5671,k_pneumoniae,Dundee,0,0,True
ecbd_row_5671,k_pneumoniae,BMS,0,0,True
ecbd_row_5671,k_pneumoniae,SureCHEMBL,0,0,True
ecbd_row_5671,k_pneumoniae,MLSMR,0,0,True
ecbd_row_5671,k_pneumoniae,Inpharmatica,0,0,True
ecbd_row_5671,k_pneumoniae,LINT,1,1,True
ecbd_row_5672,k_pneumoniae,Glaxo,0,0,True
ecbd_row_5672,k_pneumoniae,Dundee,0,0,True
ecbd_row_5672,k_pneumoniae,BMS,0,0,True
ecbd_row_5672,k_pneumoniae,SureCHEMBL,0,0,True
ecbd_row_5672,k_pneumoniae,MLSMR,0,0,True
ecbd_row_5672,k_pneumoniae,Inpharmatica,0,0,True
ecbd_row_5672,k_pneumoniae,LINT,1,1,True
ecbd_row_5694,k_pneumoniae,Glaxo,0,0,True
ecbd_row_5694,k_pneumoniae,Dundee,0,0,True
ecbd_row_5694,k_pneumoniae,BMS,0,0,True
ecbd_row_5694,k_pneumoniae,SureCHEMBL,0,0,True
ecbd_row_5694,k_pneumoniae,MLSMR,0,0,True
ecbd_row_5694,k_pneumoniae,Inpharmatica,0,0,True
ecbd_row_5694,k_pneumoniae,LINT,1,1,True
ecbd_row_83563,k_pneumoniae,Glaxo,0,0,True
ecbd_row_83563,k_pneumoniae,Dundee,0,0,True
ecbd_row_83563,k_pneumoniae,BMS,0,0,True
ecbd_row_83563,k_pneumoniae,SureCHEMBL,0,0,True
ecbd_row_83563,k_pneumoniae,MLSMR,0,0,True
ecbd_row_83563,k_pneumoniae,Inpharmatica,0,0,True
ecbd_row_83563,k_pneumoniae,LINT,0,0,True
ecbd_row_84835,k_pneumoniae,Glaxo,0,0,True
ecbd_row_84835,k_pneumoniae,Dundee,0,0,True
ecbd_row_84835,k_pneumoniae,BMS,0,0,True
ecbd_row_84835,k_pneumoniae,SureCHEMBL,0,0,True
ecbd_row_84835,k_pneumoniae,MLSMR,1,1,True
ecbd_row_84835,k_pneumoniae,Inpharmatica,0,0,True
ecbd_row_84835,k_pneumoniae,LINT,0,0,True
ecbd_row_85567,k_pneumoniae,Glaxo,0,0,True
ecbd_row_85567,k_pneumoniae,Dundee,0,0,True
ecbd_row_85567,k_pneumoniae,BMS,0,0,True
ecbd_row_85567,k_pneumoniae,SureCHEMBL,0,0,True
ecbd_row_85567,k_pneumoniae,MLSMR,0,0,True
ecbd_row_85567,k_pneumoniae,Inpharmatica,0,0,True
ecbd_row_85567,k_pneumoniae,LINT,0,0,True
ecbd_row_6916,k_pneumoniae,Glaxo,0,0,True
ecbd_row_6916,k_pneumoniae,Dundee,0,0,True
ecbd_row_6916,k_pneumoniae,BMS,0,0,True
ecbd_row_6916,k_pneumoniae,SureCHEMBL,0,0,True
ecbd_row_6916,k_pneumoniae,MLSMR,0,0,True
ecbd_row_6916,k_pneumoniae,Inpharmatica,0,0,True
ecbd_row_6916,k_pneumoniae,LINT,1,1,True
ecbd_row_6919,k_pneumoniae,Glaxo,0,0,True
ecbd_row_6919,k_pneumoniae,Dundee,0,0,True
ecbd_row_6919,k_pneumoniae,BMS,0,0,True
ecbd_row_6919,k_pneumoniae,SureCHEMBL,0,0,True
ecbd_row_6919,k_pneumoniae,MLSMR,0,0,True
ecbd_row_6919,k_pneumoniae,Inpharmatica,0,0,True
ecbd_row_6919,k_pneumoniae,LINT,1,1,True
ecbd_row_88094,k_pneumoniae,Glaxo,0,0,True
ecbd_row_88094,k_pneumoniae,Dundee,0,0,True
ecbd_row_88094,k_pneumoniae,BMS,0,0,True
ecbd_row_88094,k_pneumoniae,SureCHEMBL,0,0,True
ecbd_row_88094,k_pneumoniae,MLSMR,0,0,True
ecbd_row_88094,k_pneumoniae,Inpharmatica,1,1,True
ecbd_row_88094,k_pneumoniae,LINT,0,0,True
ecbd_row_114,k_pneumoniae,Glaxo,1,1,True
ecbd_row_114,k_pneumoniae,Dundee,1,1,True
ecbd_row_114,k_pneumoniae,BMS,0,0,True
ecbd_row_114,k_pneumoniae,SureCHEMBL,0,0,True
ecbd_row_114,k_pneumoniae,MLSMR,1,1,True
ecbd_row_114,k_pneumoniae,Inpharmatica,0,0,True
ecbd_row_114,k_pneumoniae,LINT,1,1,True
ecbd_row_11574,k_pneumoniae,Glaxo,0,0,True
ecbd_row_11574,k_pneumoniae,Dundee,0,0,True
ecbd_row_11574,k_pneumoniae,BMS,0,0,True
ecbd_row_11574,k_pneumoniae,SureCHEMBL,0,0,True
ecbd_row_11574,k_pneumoniae,MLSMR,0,0,True
ecbd_row_11574,k_pneumoniae,Inpharmatica,1,1,True
ecbd_row_11574,k_pneumoniae,LINT,0,0,True
ecbd_row_12460,k_pneumoniae,Glaxo,0,0,True
ecbd_row_12460,k_pneumoniae,Dundee,0,0,True
ecbd_row_12460,k_pneumoniae,BMS,0,0,True
ecbd_row_12460,k_pneumoniae,SureCHEMBL,0,0,True
ecbd_row_12460,k_pneumoniae,MLSMR,0,0,True
ecbd_row_12460,k_pneumoniae,Inpharmatica,0,0,True
ecbd_row_12460,k_pneumoniae,LINT,0,0,True
ecbd_row_13832,k_pneumoniae,Glaxo,0,0,True
ecbd_row_13832,k_pneumoniae,Dundee,0,0,True
ecbd_row_13832,k_pneumoniae,BMS,0,0,True
ecbd_row_13832,k_pneumoniae,SureCHEMBL,0,0,True
ecbd_row_13832,k_pneumoniae,MLSMR,0,0,True
ecbd_row_13832,k_pneumoniae,Inpharmatica,0,0,True
ecbd_row_13832,k_pneumoniae,LINT,0,0,True
ecbd_row_2392,k_pneumoniae,Glaxo,0,0,True
ecbd_row_2392,k_pneumoniae,Dundee,1,1,True
ecbd_row_2392,k_pneumoniae,BMS,0,0,True
ecbd_row_2392,k_pneumoniae,SureCHEMBL,0,0,True
ecbd_row_2392,k_pneumoniae,MLSMR,0,0,True
ecbd_row_2392,k_pneumoniae,Inpharmatica,0,0,True
ecbd_row_2392,k_pneumoniae,LINT,1,1,True
ecbd_row_38229,k_pneumoniae,Glaxo,1,1,True
ecbd_row_38229,k_pneumoniae,Dundee,0,0,True
ecbd_row_38229,k_pneumoniae,BMS,1,1,True
ecbd_row_38229,k_pneumoniae,SureCHEMBL,0,0,True
ecbd_row_38229,k_pneumoniae,MLSMR,1,1,True
ecbd_row_38229,k_pneumoniae,Inpharmatica,1,1,True
ecbd_row_38229,k_pneumoniae,LINT,0,0,True
ecbd_row_2680,k_pneumoniae,Glaxo,1,1,True
ecbd_row_2680,k_pneumoniae,Dundee,1,1,True
ecbd_row_2680,k_pneumoniae,BMS,1,1,True
ecbd_row_2680,k_pneumoniae,SureCHEMBL,1,1,True
ecbd_row_2680,k_pneumoniae,MLSMR,1,1,True
ecbd_row_2680,k_pneumoniae,Inpharmatica,1,1,True
ecbd_row_2680,k_pneumoniae,LINT,1,1,True
ecbd_row_41123,k_pneumoniae,Glaxo,0,0,True
ecbd_row_41123,k_pneumoniae,Dundee,1,1,True
ecbd_row_41123,k_pneumoniae,BMS,0,0,True
ecbd_row_41123,k_pneumoniae,SureCHEMBL,0,0,True
ecbd_row_41123,k_pneumoniae,MLSMR,0,0,True
ecbd_row_41123,k_pneumoniae,Inpharmatica,0,0,True
ecbd_row_41123,k_pneumoniae,LINT,0,0,True
ecbd_row_2821,k_pneumoniae,Glaxo,0,0,True
ecbd_row_2821,k_pneumoniae,Dundee,1,1,True
ecbd_row_2821,k_pneumoniae,BMS,0,0,True
ecbd_row_2821,k_pneumoniae,SureCHEMBL,0,0,True
ecbd_row_2821,k_pneumoniae,MLSMR,1,1,True
ecbd_row_2821,k_pneumoniae,Inpharmatica,1,1,True
ecbd_row_2821,k_pneumoniae,LINT,1,1,True
ecbd_row_41762,k_pneumoniae,Glaxo,0,0,True
ecbd_row_41762,k_pneumoniae,Dundee,0,0,True
ecbd_row_41762,k_pneumoniae,BMS,0,0,True
ecbd_row_41762,k_pneumoniae,SureCHEMBL,0,0,True
ecbd_row_41762,k_pneumoniae,MLSMR,0,0,True
ecbd_row_41762,k_pneumoniae,Inpharmatica,0,0,True
ecbd_row_41762,k_pneumoniae,LINT,0,0,True
ecbd_row_41835,k_pneumoniae,Glaxo,0,0,True
ecbd_row_41835,k_pneumoniae,Dundee,0,0,True
ecbd_row_41835,k_pneumoniae,BMS,0,0,True
ecbd_row_41835,k_pneumoniae,SureCHEMBL,0,0,True
ecbd_row_41835,k_pneumoniae,MLSMR,0,0,True
ecbd_row_41835,k_pneumoniae,Inpharmatica,0,0,True
ecbd_row_41835,k_pneumoniae,LINT,0,0,True
ecbd_row_2852,k_pneumoniae,Glaxo,0,0,True
ecbd_row_2852,k_pneumoniae,Dundee,0,0,True
ecbd_row_2852,k_pneumoniae,BMS,0,0,True
ecbd_row_2852,k_pneumoniae,SureCHEMBL,0,0,True
ecbd_row_2852,k_pneumoniae,MLSMR,0,0,True
ecbd_row_2852,k_pneumoniae,Inpharmatica,0,0,True
ecbd_row_2852,k_pneumoniae,LINT,1,1,True
ecbd_row_42792,k_pneumoniae,Glaxo,0,0,True
ecbd_row_42792,k_pneumoniae,Dundee,0,0,True
ecbd_row_42792,k_pneumoniae,BMS,0,0,True
ecbd_row_42792,k_pneumoniae,SureCHEMBL,0,0,True
ecbd_row_42792,k_pneumoniae,MLSMR,0,0,True
ecbd_row_42792,k_pneumoniae,Inpharmatica,1,1,True
ecbd_row_42792,k_pneumoniae,LINT,0,0,True
ecbd_row_60070,k_pneumoniae,Glaxo,0,0,True
ecbd_row_60070,k_pneumoniae,Dundee,0,0,True
ecbd_row_60070,k_pneumoniae,BMS,0,0,True
ecbd_row_60070,k_pneumoniae,SureCHEMBL,1,1,True
ecbd_row_60070,k_pneumoniae,MLSMR,1,1,True
ecbd_row_60070,k_pneumoniae,Inpharmatica,0,0,True
ecbd_row_60070,k_pneumoniae,LINT,0,0,True
ecbd_row_60296,k_pneumoniae,Glaxo,0,0,True
ecbd_row_60296,k_pneumoniae,Dundee,0,0,True
ecbd_row_60296,k_pneumoniae,BMS,0,0,True
ecbd_row_60296,k_pneumoniae,SureCHEMBL,0,0,True
ecbd_row_60296,k_pneumoniae,MLSMR,0,0,True
ecbd_row_60296,k_pneumoniae,Inpharmatica,1,1,True
ecbd_row_60296,k_pneumoniae,LINT,0,0,True
ecbd_row_60861,k_pneumoniae,Glaxo,0,0,True
ecbd_row_60861,k_pneumoniae,Dundee,0,0,True
ecbd_row_60861,k_pneumoniae,BMS,0,0,True
ecbd_row_60861,k_pneumoniae,SureCHEMBL,0,0,True
ecbd_row_60861,k_pneumoniae,MLSMR,0,0,True
ecbd_row_60861,k_pneumoniae,Inpharmatica,0,0,True
ecbd_row_60861,k_pneumoniae,LINT,0,0,True
ecbd_row_62888,k_pneumoniae,Glaxo,0,0,True
ecbd_row_62888,k_pneumoniae,Dundee,0,0,True
ecbd_row_62888,k_pneumoniae,BMS,0,0,True
ecbd_row_62888,k_pneumoniae,SureCHEMBL,0,0,True
ecbd_row_62888,k_pneumoniae,MLSMR,0,0,True
ecbd_row_62888,k_pneumoniae,Inpharmatica,0,0,True
ecbd_row_62888,k_pneumoniae,LINT,0,0,True
ecbd_row_63717,k_pneumoniae,Glaxo,0,0,True
ecbd_row_63717,k_pneumoniae,Dundee,0,0,True
ecbd_row_63717,k_pneumoniae,BMS,0,0,True
ecbd_row_63717,k_pneumoniae,SureCHEMBL,0,0,True
ecbd_row_63717,k_pneumoniae,MLSMR,1,1,True
ecbd_row_63717,k_pneumoniae,Inpharmatica,0,0,True
ecbd_row_63717,k_pneumoniae,LINT,0,0,True
ecbd_row_96019,k_pneumoniae,Glaxo,0,0,True
ecbd_row_96019,k_pneumoniae,Dundee,0,0,True
ecbd_row_96019,k_pneumoniae,BMS,0,0,True
ecbd_row_96019,k_pneumoniae,SureCHEMBL,0,0,True
ecbd_row_96019,k_pneumoniae,MLSMR,0,0,True
ecbd_row_96019,k_pneumoniae,Inpharmatica,0,0,True
ecbd_row_96019,k_pneumoniae,LINT,0,0,True
ecbd_row_97523,k_pneumoniae,Glaxo,0,0,True
ecbd_row_97523,k_pneumoniae,Dundee,0,0,True
ecbd_row_97523,k_pneumoniae,BMS,0,0,True
ecbd_row_97523,k_pneumoniae,SureCHEMBL,0,0,True
ecbd_row_97523,k_pneumoniae,MLSMR,1,1,True
ecbd_row_97523,k_pneumoniae,Inpharmatica,1,1,True
ecbd_row_97523,k_pneumoniae,LINT,0,0,True
ecbd_row_98203,k_pneumoniae,Glaxo,0,0,True
ecbd_row_98203,k_pneumoniae,Dundee,1,1,True
ecbd_row_98203,k_pneumoniae,BMS,0,0,True
ecbd_row_98203,k_pneumoniae,SureCHEMBL,1,1,True
ecbd_row_98203,k_pneumoniae,MLSMR,1,1,True
ecbd_row_98203,k_pneumoniae,Inpharmatica,0,0,True
ecbd_row_98203,k_pneumoniae,LINT,0,0,True
ecbd_row_98577,k_pneumoniae,Glaxo,0,0,True
ecbd_row_98577,k_pneumoniae,Dundee,0,0,True
ecbd_row_98577,k_pneumoniae,BMS,0,0,True
ecbd_row_98577,k_pneumoniae,SureCHEMBL,0,0,True
ecbd_row_98577,k_pneumoniae,MLSMR,0,0,True
ecbd_row_98577,k_pneumoniae,Inpharmatica,0,0,True
ecbd_row_98577,k_pneumoniae,LINT,0,0,True
ecbd_row_99612,k_pneumoniae,Glaxo,0,0,True
ecbd_row_99612,k_pneumoniae,Dundee,0,0,True
ecbd_row_99612,k_pneumoniae,BMS,0,0,True
ecbd_row_99612,k_pneumoniae,SureCHEMBL,0,0,True
ecbd_row_99612,k_pneumoniae,MLSMR,0,0,True
ecbd_row_99612,k_pneumoniae,Inpharmatica,0,0,True
ecbd_row_99612,k_pneumoniae,LINT,0,0,True
ecbd_row_89741,k_pneumoniae,Glaxo,0,0,True
ecbd_row_89741,k_pneumoniae,Dundee,0,0,True
ecbd_row_89741,k_pneumoniae,BMS,0,0,True
ecbd_row_89741,k_pneumoniae,SureCHEMBL,0,0,True
ecbd_row_89741,k_pneumoniae,MLSMR,0,0,True
ecbd_row_89741,k_pneumoniae,Inpharmatica,0,0,True
ecbd_row_89741,k_pneumoniae,LINT,0,0,True
ecbd_row_90672,k_pneumoniae,Glaxo,0,0,True
ecbd_row_90672,k_pneumoniae,Dundee,0,0,True
ecbd_row_90672,k_pneumoniae,BMS,0,0,True
ecbd_row_90672,k_pneumoniae,SureCHEMBL,0,0,True
ecbd_row_90672,k_pneumoniae,MLSMR,0,0,True
ecbd_row_90672,k_pneumoniae,Inpharmatica,0,0,True
ecbd_row_90672,k_pneumoniae,LINT,0,0,True
ecbd_row_92001,k_pneumoniae,Glaxo,0,0,True
ecbd_row_92001,k_pneumoniae,Dundee,0,0,True
ecbd_row_92001,k_pneumoniae,BMS,0,0,True
ecbd_row_92001,k_pneumoniae,SureCHEMBL,0,0,True
ecbd_row_92001,k_pneumoniae,MLSMR,1,1,True
ecbd_row_92001,k_pneumoniae,Inpharmatica,0,0,True
ecbd_row_92001,k_pneumoniae,LINT,0,0,True
ecbd_row_92367,k_pneumoniae,Glaxo,1,1,True
ecbd_row_92367,k_pneumoniae,Dundee,0,0,True
ecbd_row_92367,k_pneumoniae,BMS,1,1,True
ecbd_row_92367,k_pneumoniae,SureCHEMBL,0,0,True
ecbd_row_92367,k_pneumoniae,MLSMR,1,1,True
ecbd_row_92367,k_pneumoniae,Inpharmatica,1,1,True
ecbd_row_92367,k_pneumoniae,LINT,0,0,True
ecbd_row_93015,k_pneumoniae,Glaxo,0,0,True
ecbd_row_93015,k_pneumoniae,Dundee,0,0,True
ecbd_row_93015,k_pneumoniae,BMS,0,0,True
ecbd_row_93015,k_pneumoniae,SureCHEMBL,0,0,True
ecbd_row_93015,k_pneumoniae,MLSMR,1,1,True
ecbd_row_93015,k_pneumoniae,Inpharmatica,0,0,True
ecbd_row_93015,k_pneumoniae,LINT,0,0,True
ecbd_row_93841,k_pneumoniae,Glaxo,1,1,True
ecbd_row_93841,k_pneumoniae,Dundee,0,0,True
ecbd_row_93841,k_pneumoniae,BMS,1,1,True
ecbd_row_93841,k_pneumoniae,SureCHEMBL,0,0,True
ecbd_row_93841,k_pneumoniae,MLSMR,1,1,True
ecbd_row_93841,k_pneumoniae,Inpharmatica,0,0,True
ecbd_row_93841,k_pneumoniae,LINT,0,0,True
ecbd_row_93854,k_pneumoniae,Glaxo,1,1,True
ecbd_row_93854,k_pneumoniae,Dundee,0,0,True
ecbd_row_93854,k_pneumoniae,BMS,1,1,True
ecbd_row_93854,k_pneumoniae,SureCHEMBL,0,0,True
ecbd_row_93854,k_pneumoniae,MLSMR,1,1,True
ecbd_row_93854,k_pneumoniae,Inpharmatica,0,0,True
ecbd_row_93854,k_pneumoniae,LINT,0,0,True
ecbd_row_7370,k_pneumoniae,Glaxo,0,0,True
ecbd_row_7370,k_pneumoniae,Dundee,1,1,True
ecbd_row_7370,k_pneumoniae,BMS,0,0,True
ecbd_row_7370,k_pneumoniae,SureCHEMBL,1,1,True
ecbd_row_7370,k_pneumoniae,MLSMR,1,1,True
ecbd_row_7370,k_pneumoniae,Inpharmatica,0,0,True
ecbd_row_7370,k_pneumoniae,LINT,1,1,True
ecbd_row_94222,k_pneumoniae,Glaxo,0,0,True
ecbd_row_94222,k_pneumoniae,Dundee,1,1,True
ecbd_row_94222,k_pneumoniae,BMS,0,0,True
ecbd_row_94222,k_pneumoniae,SureCHEMBL,0,0,True
ecbd_row_94222,k_pneumoniae,MLSMR,1,1,True
ecbd_row_94222,k_pneumoniae,Inpharmatica,0,0,True
ecbd_row_94222,k_pneumoniae,LINT,0,0,True
ecbd_row_4026,k_pneumoniae,Glaxo,0,0,True
ecbd_row_4026,k_pneumoniae,Dundee,1,1,True
ecbd_row_4026,k_pneumoniae,BMS,1,1,True
ecbd_row_4026,k_pneumoniae,SureCHEMBL,0,0,True
ecbd_row_4026,k_pneumoniae,MLSMR,1,1,True
ecbd_row_4026,k_pneumoniae,Inpharmatica,1,1,True
ecbd_row_4026,k_pneumoniae,LINT,1,1,True
ecbd_row_4186,k_pneumoniae,Glaxo,0,0,True
ecbd_row_4186,k_pneumoniae,Dundee,1,1,True
ecbd_row_4186,k_pneumoniae,BMS,0,0,True
ecbd_row_4186,k_pneumoniae,SureCHEMBL,1,1,True
ecbd_row_4186,k_pneumoniae,MLSMR,1,1,True
ecbd_row_4186,k_pneumoniae,Inpharmatica,0,0,True
ecbd_row_4186,k_pneumoniae,LINT,1,1,True
ecbd_row_58416,k_pneumoniae,Glaxo,0,0,True
ecbd_row_58416,k_pneumoniae,Dundee,0,0,True
ecbd_row_58416,k_pneumoniae,BMS,0,0,True
ecbd_row_58416,k_pneumoniae,SureCHEMBL,0,0,True
ecbd_row_58416,k_pneumoniae,MLSMR,1,1,True
ecbd_row_58416,k_pneumoniae,Inpharmatica,0,0,True
ecbd_row_58416,k_pneumoniae,LINT,0,0,True
ecbd_row_58501,k_pneumoniae,Glaxo,0,0,True
ecbd_row_58501,k_pneumoniae,Dundee,0,0,True
ecbd_row_58501,k_pneumoniae,BMS,0,0,True
ecbd_row_58501,k_pneumoniae,SureCHEMBL,0,0,True
ecbd_row_58501,k_pneumoniae,MLSMR,1,1,True
ecbd_row_58501,k_pneumoniae,Inpharmatica,0,0,True
ecbd_row_58501,k_pneumoniae,LINT,0,0,True
ecbd_row_58591,k_pneumoniae,Glaxo,0,0,True
ecbd_row_58591,k_pneumoniae,Dundee,0,0,True
ecbd_row_58591,k_pneumoniae,BMS,0,0,True
ecbd_row_58591,k_pneumoniae,SureCHEMBL,0,0,True
ecbd_row_58591,k_pneumoniae,MLSMR,0,0,True
ecbd_row_58591,k_pneumoniae,Inpharmatica,1,1,True
ecbd_row_58591,k_pneumoniae,LINT,0,0,True
ecbd_row_4268,k_pneumoniae,Glaxo,0,0,True
ecbd_row_4268,k_pneumoniae,Dundee,1,1,True
ecbd_row_4268,k_pneumoniae,BMS,0,0,True
ecbd_row_4268,k_pneumoniae,SureCHEMBL,1,1,True
ecbd_row_4268,k_pneumoniae,MLSMR,1,1,True
ecbd_row_4268,k_pneumoniae,Inpharmatica,1,1,True
ecbd_row_4268,k_pneumoniae,LINT,1,1,True
ecbd_row_59651,k_pneumoniae,Glaxo,0,0,True
ecbd_row_59651,k_pneumoniae,Dundee,0,0,True
ecbd_row_59651,k_pneumoniae,BMS,0,0,True
ecbd_row_59651,k_pneumoniae,SureCHEMBL,0,0,True
ecbd_row_59651,k_pneumoniae,MLSMR,0,0,True
ecbd_row_59651,k_pneumoniae,Inpharmatica,0,0,True
ecbd_row_59651,k_pneumoniae,LINT,0,0,True
ecbd_row_49653,k_pneumoniae,Glaxo,0,0,True
ecbd_row_49653,k_pneumoniae,Dundee,0,0,True
ecbd_row_49653,k_pneumoniae,BMS,0,0,True
ecbd_row_49653,k_pneumoniae,SureCHEMBL,0,0,True
ecbd_row_49653,k_pneumoniae,MLSMR,0,0,True
ecbd_row_49653,k_pneumoniae,Inpharmatica,0,0,True
ecbd_row_49653,k_pneumoniae,LINT,0,0,True
ecbd_row_50837,k_pneumoniae,Glaxo,0,0,True
ecbd_row_50837,k_pneumoniae,Dundee,0,0,True
ecbd_row_50837,k_pneumoniae,BMS,0,0,True
ecbd_row_50837,k_pneumoniae,SureCHEMBL,0,0,True
ecbd_row_50837,k_pneumoniae,MLSMR,1,1,True
ecbd_row_50837,k_pneumoniae,Inpharmatica,1,1,True
ecbd_row_50837,k_pneumoniae,LINT,0,0,True
ecbd_row_54329,k_pneumoniae,Glaxo,0,0,True
ecbd_row_54329,k_pneumoniae,Dundee,0,0,True
ecbd_row_54329,k_pneumoniae,BMS,0,0,True
ecbd_row_54329,k_pneumoniae,SureCHEMBL,0,0,True
ecbd_row_54329,k_pneumoniae,MLSMR,0,0,True
ecbd_row_54329,k_pneumoniae,Inpharmatica,0,0,True
ecbd_row_54329,k_pneumoniae,LINT,0,0,True
ecbd_row_72399,k_pneumoniae,Glaxo,0,0,True
ecbd_row_72399,k_pneumoniae,Dundee,0,0,True
ecbd_row_72399,k_pneumoniae,BMS,0,0,True
ecbd_row_72399,k_pneumoniae,SureCHEMBL,0,0,True
ecbd_row_72399,k_pneumoniae,MLSMR,0,0,True
ecbd_row_72399,k_pneumoniae,Inpharmatica,1,1,True
ecbd_row_72399,k_pneumoniae,LINT,0,0,True
ecbd_row_72406,k_pneumoniae,Glaxo,0,0,True
ecbd_row_72406,k_pneumoniae,Dundee,1,1,True
ecbd_row_72406,k_pneumoniae,BMS,0,0,True
ecbd_row_72406,k_pneumoniae,SureCHEMBL,1,1,True
ecbd_row_72406,k_pneumoniae,MLSMR,1,1,True
ecbd_row_72406,k_pneumoniae,Inpharmatica,0,0,True
ecbd_row_72406,k_pneumoniae,LINT,0,0,True
ecbd_row_72506,k_pneumoniae,Glaxo,0,0,True
ecbd_row_72506,k_pneumoniae,Dundee,0,0,True
ecbd_row_72506,k_pneumoniae,BMS,0,0,True
ecbd_row_72506,k_pneumoniae,SureCHEMBL,1,1,True
ecbd_row_72506,k_pneumoniae,MLSMR,1,1,True
ecbd_row_72506,k_pneumoniae,Inpharmatica,0,0,True
ecbd_row_72506,k_pneumoniae,LINT,0,0,True
ecbd_row_74624,k_pneumoniae,Glaxo,0,0,True
ecbd_row_74624,k_pneumoniae,Dundee,0,0,True
ecbd_row_74624,k_pneumoniae,BMS,0,0,True
ecbd_row_74624,k_pneumoniae,SureCHEMBL,0,0,True
ecbd_row_74624,k_pneumoniae,MLSMR,0,0,True
ecbd_row_74624,k_pneumoniae,Inpharmatica,0,0,True
ecbd_row_74624,k_pneumoniae,LINT,0,0,True
ecbd_row_75949,k_pneumoniae,Glaxo,0,0,True
ecbd_row_75949,k_pneumoniae,Dundee,0,0,True
ecbd_row_75949,k_pneumoniae,BMS,0,0,True
ecbd_row_75949,k_pneumoniae,SureCHEMBL,0,0,True
ecbd_row_75949,k_pneumoniae,MLSMR,1,1,True
ecbd_row_75949,k_pneumoniae,Inpharmatica,0,0,True
ecbd_row_75949,k_pneumoniae,LINT,0,0,True
ecbd_row_6165,k_pneumoniae,Glaxo,0,0,True
ecbd_row_6165,k_pneumoniae,Dundee,1,1,True
ecbd_row_6165,k_pneumoniae,BMS,0,0,True
ecbd_row_6165,k_pneumoniae,SureCHEMBL,0,0,True
ecbd_row_6165,k_pneumoniae,MLSMR,1,1,True
ecbd_row_6165,k_pneumoniae,Inpharmatica,0,0,True
ecbd_row_6165,k_pneumoniae,LINT,1,1,True
ecbd_row_76273,k_pneumoniae,Glaxo,0,0,True
ecbd_row_76273,k_pneumoniae,Dundee,0,0,True
ecbd_row_76273,k_pneumoniae,BMS,0,0,True
ecbd_row_76273,k_pneumoniae,SureCHEMBL,0,0,True
ecbd_row_76273,k_pneumoniae,MLSMR,0,0,True
ecbd_row_76273,k_pneumoniae,Inpharmatica,0,0,True
ecbd_row_76273,k_pneumoniae,LINT,0,0,True
ecbd_row_76996,k_pneumoniae,Glaxo,0,0,True
ecbd_row_76996,k_pneumoniae,Dundee,0,0,True
ecbd_row_76996,k_pneumoniae,BMS,0,0,True
ecbd_row_76996,k_pneumoniae,SureCHEMBL,0,0,True
ecbd_row_76996,k_pneumoniae,MLSMR,0,0,True
ecbd_row_76996,k_pneumoniae,Inpharmatica,0,0,True
ecbd_row_76996,k_pneumoniae,LINT,0,0,True
ecbd_row_77002,k_pneumoniae,Glaxo,0,0,True
ecbd_row_77002,k_pneumoniae,Dundee,0,0,True
ecbd_row_77002,k_pneumoniae,BMS,0,0,True
ecbd_row_77002,k_pneumoniae,SureCHEMBL,0,0,True
ecbd_row_77002,k_pneumoniae,MLSMR,0,0,True
ecbd_row_77002,k_pneumoniae,Inpharmatica,0,0,True
ecbd_row_77002,k_pneumoniae,LINT,0,0,True
ecbd_row_77008,k_pneumoniae,Glaxo,0,0,True
ecbd_row_77008,k_pneumoniae,Dundee,0,0,True
ecbd_row_77008,k_pneumoniae,BMS,0,0,True
ecbd_row_77008,k_pneumoniae,SureCHEMBL,0,0,True
ecbd_row_77008,k_pneumoniae,MLSMR,0,0,True
ecbd_row_77008,k_pneumoniae,Inpharmatica,0,0,True
ecbd_row_77008,k_pneumoniae,LINT,0,0,True
ecbd_row_77039,k_pneumoniae,Glaxo,0,0,True
ecbd_row_77039,k_pneumoniae,Dundee,0,0,True
ecbd_row_77039,k_pneumoniae,BMS,0,0,True
ecbd_row_77039,k_pneumoniae,SureCHEMBL,0,0,True
ecbd_row_77039,k_pneumoniae,MLSMR,0,0,True
ecbd_row_77039,k_pneumoniae,Inpharmatica,0,0,True
ecbd_row_77039,k_pneumoniae,LINT,0,0,True
ecbd_row_6335,k_pneumoniae,Glaxo,1,1,True
ecbd_row_6335,k_pneumoniae,Dundee,1,1,True
ecbd_row_6335,k_pneumoniae,BMS,1,1,True
ecbd_row_6335,k_pneumoniae,SureCHEMBL,0,0,True
ecbd_row_6335,k_pneumoniae,MLSMR,1,1,True
ecbd_row_6335,k_pneumoniae,Inpharmatica,1,1,True
ecbd_row_6335,k_pneumoniae,LINT,1,1,True
