organism,method,tn,fp,fn,tp,mcc,f1,balanced_accuracy,precision
e_coli,SafetyNet,75,37,51,65,0.23123694804570286,0.5963302752293578,0.614993842364532,0.6372549019607843
e_coli,Brenk,55,57,29,87,0.24984051035059326,0.6692307692307692,0.6205357142857143,0.6041666666666666
e_coli,Glaxo,86,26,93,23,-0.04121830371878394,0.2787878787878788,0.4830665024630542,0.46938775510204084
e_coli,Dundee,55,57,29,87,0.24984051035059326,0.6692307692307692,0.6205357142857143,0.6041666666666666
e_coli,BMS,81,31,77,39,0.06440235239191953,0.41935483870967744,0.5297105911330049,0.5571428571428572
e_coli,SureCHEMBL,89,23,68,48,0.2250254575833149,0.5133689839572193,0.6042179802955665,0.676056338028169
e_coli,MLSMR,40,72,28,88,0.12650141477362067,0.6376811594202898,0.5578817733990148,0.55
e_coli,Inpharmatica,58,54,66,50,-0.051298251351719434,0.45454545454545453,0.4744458128078818,0.4807692307692308
e_coli,LINT,57,55,37,79,0.19292602816808266,0.632,0.5949815270935961,0.5895522388059702
